1,"1","S","17462835000166",0,10733,"20250801","MT","1","NF",55,1.00,72.00,0.00,0.00,0.00,0.00,0.00,"5405","500",N,1,1,1,0.00,0.00,0.00,0.00,0.00,0.00,0.00,0.00,0.00,0.00,0.00,"",0.00,0.00,0.00,0,0,0.00,0,0,"","",0.00,0.00,0.00,0.00,N,0.00,0.00,0.00,0,"FD","",0,"",72.00,1.000,"","",N,0.000,0.00,0.00,0.00,0.00,0.00,0.00,0.00,0.00,0.00,0.00,0.00,0.00,0.00,0.00,0.00,0.00,0.00,0.00,0.00,0.00,0.00,0.00,0.00,0.00,0.00,0.00,0.00,0.00,0.00,0,0.00,"",0.00,0.00,N,N,N,0.00,0.00,0.00,0,0.00,"",0.00,0.00,0.00,0.00,0.00,0,"",0.00,0.00,"","",0.00,0.00,0.00,0.00,0.00,0.00,0.00,0.00,0.00,0,"","",N,0.00
2,"2","S","17462835000166",0,10733,"20250801","MT","1","NF",55,1.00,95.00,0.00,0.00,0.00,0.00,0.00,"5405","500",N,1,1,1,0.00,0.00,0.00,0.00,0.00,0.00,0.00,0.00,0.00,0.00,0.00,"",0.00,0.00,0.00,0,0,0.00,0,0,"","",0.00,0.00,0.00,0.00,N,0.00,0.00,0.00,0,"FD","",0,"",95.00,1.000,"","",N,0.000,0.00,0.00,0.00,0.00,0.00,0.00,0.00,0.00,0.00,0.00,0.00,0.00,0.00,0.00,0.00,0.00,0.00,0.00,0.00,0.00,0.00,0.00,0.00,0.00,0.00,0.00,0.00,0.00,0.00,0,0.00,"",0.00,0.00,N,N,N,0.00,0.00,0.00,0,0.00,"",0.00,0.00,0.00,0.00,0.00,0,"",0.00,0.00,"","",0.00,0.00,0.00,0.00,0.00,0.00,0.00,0.00,0.00,0,"","",N,0.00
3,"4","S","17462835000166",0,10733,"20250801","MT","1","NF",55,1.00,135.00,0.00,0.00,0.00,0.00,0.00,"5405","500",N,1,1,1,0.00,0.00,0.00,0.00,0.00,0.00,0.00,0.00,0.00,0.00,0.00,"",0.00,0.00,0.00,0,0,0.00,0,0,"","",0.00,0.00,0.00,0.00,N,0.00,0.00,0.00,0,"FD","",0,"",135.00,1.000,"","",N,0.000,0.00,0.00,0.00,0.00,0.00,0.00,0.00,0.00,0.00,0.00,0.00,0.00,0.00,0.00,0.00,0.00,0.00,0.00,0.00,0.00,0.00,0.00,0.00,0.00,0.00,0.00,0.00,0.00,0.00,0,0.00,"",0.00,0.00,N,N,N,0.00,0.00,0.00,0,0.00,"",0.00,0.00,0.00,0.00,0.00,0,"",0.00,0.00,"","",0.00,0.00,0.00,0.00,0.00,0.00,0.00,0.00,0.00,0,"","",N,0.00
4,"7","S","17462835000166",0,10733,"20250801","MT","1","NF",55,1.00,159.00,0.00,0.00,0.00,0.00,0.00,"5405","500",N,1,1,1,0.00,0.00,0.00,0.00,0.00,0.00,0.00,0.00,0.00,0.00,0.00,"",0.00,0.00,0.00,0,0,0.00,0,0,"","",0.00,0.00,0.00,0.00,N,0.00,0.00,0.00,0,"FD","",0,"",159.00,1.000,"","",N,0.000,0.00,0.00,0.00,0.00,0.00,0.00,0.00,0.00,0.00,0.00,0.00,0.00,0.00,0.00,0.00,0.00,0.00,0.00,0.00,0.00,0.00,0.00,0.00,0.00,0.00,0.00,0.00,0.00,0.00,0,0.00,"",0.00,0.00,N,N,N,0.00,0.00,0.00,0,0.00,"",0.00,0.00,0.00,0.00,0.00,0,"",0.00,0.00,"","",0.00,0.00,0.00,0.00,0.00,0.00,0.00,0.00,0.00,0,"","",N,0.00
5,"8","S","17462835000166",0,10733,"20250801","MT","1","NF",55,1.00,159.00,0.00,0.00,0.00,0.00,0.00,"5405","500",N,1,1,1,0.00,0.00,0.00,0.00,0.00,0.00,0.00,0.00,0.00,0.00,0.00,"",0.00,0.00,0.00,0,0,0.00,0,0,"","",0.00,0.00,0.00,0.00,N,0.00,0.00,0.00,0,"FD","",0,"",159.00,1.000,"","",N,0.000,0.00,0.00,0.00,0.00,0.00,0.00,0.00,0.00,0.00,0.00,0.00,0.00,0.00,0.00,0.00,0.00,0.00,0.00,0.00,0.00,0.00,0.00,0.00,0.00,0.00,0.00,0.00,0.00,0.00,0,0.00,"",0.00,0.00,N,N,N,0.00,0.00,0.00,0,0.00,"",0.00,0.00,0.00,0.00,0.00,0,"",0.00,0.00,"","",0.00,0.00,0.00,0.00,0.00,0.00,0.00,0.00,0.00,0,"","",N,0.00
6,"16","S","17462835000166",0,10733,"20250801","MT","1","NF",55,1.00,213.00,0.00,0.00,0.00,0.00,0.00,"5405","500",N,1,1,1,0.00,0.00,0.00,0.00,0.00,0.00,0.00,0.00,0.00,0.00,0.00,"",0.00,0.00,0.00,0,0,0.00,0,0,"","",0.00,0.00,0.00,0.00,N,0.00,0.00,0.00,0,"FD","",0,"",213.00,1.000,"","",N,0.000,0.00,0.00,0.00,0.00,0.00,0.00,0.00,0.00,0.00,0.00,0.00,0.00,0.00,0.00,0.00,0.00,0.00,0.00,0.00,0.00,0.00,0.00,0.00,0.00,0.00,0.00,0.00,0.00,0.00,0,0.00,"",0.00,0.00,N,N,N,0.00,0.00,0.00,0,0.00,"",0.00,0.00,0.00,0.00,0.00,0,"",0.00,0.00,"","",0.00,0.00,0.00,0.00,0.00,0.00,0.00,0.00,0.00,0,"","",N,0.00
1,"2","S","07114891000156",0,10734,"20250801","MT","1","NF",55,1.00,95.00,0.00,0.00,0.00,0.00,0.00,"5405","500",N,1,1,1,0.00,0.00,0.00,0.00,0.00,0.00,0.00,0.00,0.00,0.00,0.00,"",0.00,0.00,0.00,0,0,0.00,0,0,"","",0.00,0.00,0.00,0.00,N,0.00,0.00,0.00,0,"FD","",0,"",95.00,1.000,"","",N,0.000,0.00,0.00,0.00,0.00,0.00,0.00,0.00,0.00,0.00,0.00,0.00,0.00,0.00,0.00,0.00,0.00,0.00,0.00,0.00,0.00,0.00,0.00,0.00,0.00,0.00,0.00,0.00,0.00,0.00,0,0.00,"",0.00,0.00,N,N,N,0.00,0.00,0.00,0,0.00,"",0.00,0.00,0.00,0.00,0.00,0,"",0.00,0.00,"","",0.00,0.00,0.00,0.00,0.00,0.00,0.00,0.00,0.00,0,"","",N,0.00
2,"3","S","07114891000156",0,10734,"20250801","MT","1","NF",55,1.00,135.00,0.00,0.00,0.00,0.00,0.00,"5405","500",N,1,1,1,0.00,0.00,0.00,0.00,0.00,0.00,0.00,0.00,0.00,0.00,0.00,"",0.00,0.00,0.00,0,0,0.00,0,0,"","",0.00,0.00,0.00,0.00,N,0.00,0.00,0.00,0,"FD","",0,"",135.00,1.000,"","",N,0.000,0.00,0.00,0.00,0.00,0.00,0.00,0.00,0.00,0.00,0.00,0.00,0.00,0.00,0.00,0.00,0.00,0.00,0.00,0.00,0.00,0.00,0.00,0.00,0.00,0.00,0.00,0.00,0.00,0.00,0,0.00,"",0.00,0.00,N,N,N,0.00,0.00,0.00,0,0.00,"",0.00,0.00,0.00,0.00,0.00,0,"",0.00,0.00,"","",0.00,0.00,0.00,0.00,0.00,0.00,0.00,0.00,0.00,0,"","",N,0.00
3,"4","S","07114891000156",0,10734,"20250801","MT","1","NF",55,1.00,135.00,0.00,0.00,0.00,0.00,0.00,"5405","500",N,1,1,1,0.00,0.00,0.00,0.00,0.00,0.00,0.00,0.00,0.00,0.00,0.00,"",0.00,0.00,0.00,0,0,0.00,0,0,"","",0.00,0.00,0.00,0.00,N,0.00,0.00,0.00,0,"FD","",0,"",135.00,1.000,"","",N,0.000,0.00,0.00,0.00,0.00,0.00,0.00,0.00,0.00,0.00,0.00,0.00,0.00,0.00,0.00,0.00,0.00,0.00,0.00,0.00,0.00,0.00,0.00,0.00,0.00,0.00,0.00,0.00,0.00,0.00,0,0.00,"",0.00,0.00,N,N,N,0.00,0.00,0.00,0,0.00,"",0.00,0.00,0.00,0.00,0.00,0,"",0.00,0.00,"","",0.00,0.00,0.00,0.00,0.00,0.00,0.00,0.00,0.00,0,"","",N,0.00
4,"8","S","07114891000156",0,10734,"20250801","MT","1","NF",55,1.00,159.00,0.00,0.00,0.00,0.00,0.00,"5405","500",N,1,1,1,0.00,0.00,0.00,0.00,0.00,0.00,0.00,0.00,0.00,0.00,0.00,"",0.00,0.00,0.00,0,0,0.00,0,0,"","",0.00,0.00,0.00,0.00,N,0.00,0.00,0.00,0,"FD","",0,"",159.00,1.000,"","",N,0.000,0.00,0.00,0.00,0.00,0.00,0.00,0.00,0.00,0.00,0.00,0.00,0.00,0.00,0.00,0.00,0.00,0.00,0.00,0.00,0.00,0.00,0.00,0.00,0.00,0.00,0.00,0.00,0.00,0.00,0,0.00,"",0.00,0.00,N,N,N,0.00,0.00,0.00,0,0.00,"",0.00,0.00,0.00,0.00,0.00,0,"",0.00,0.00,"","",0.00,0.00,0.00,0.00,0.00,0.00,0.00,0.00,0.00,0,"","",N,0.00
5,"9","S","07114891000156",0,10734,"20250801","MT","1","NF",55,1.00,169.00,0.00,0.00,0.00,0.00,0.00,"5101","101",N,1,1,1,0.00,0.00,0.00,0.00,0.00,0.00,0.00,0.00,0.00,0.00,0.00,"",0.00,0.00,0.00,0,0,0.00,0,0,"","",0.00,0.00,0.00,0.00,N,0.00,0.00,0.00,0,"FD","",0,"",169.00,1.000,"","",N,0.000,0.00,0.00,0.00,0.00,0.00,0.00,0.00,0.00,0.00,0.00,0.00,0.00,0.00,0.00,0.00,0.00,0.00,0.00,0.00,0.00,0.00,0.00,0.00,0.00,0.00,0.00,0.00,0.00,0.00,0,0.00,"",0.00,0.00,N,N,N,0.00,0.00,0.00,0,0.00,"",0.00,0.00,0.00,0.00,0.00,0,"",0.00,0.00,"","",0.00,0.00,0.00,0.00,0.00,0.00,0.00,0.00,0.00,0,"","",N,0.00
6,"10","S","07114891000156",0,10734,"20250801","MT","1","NF",55,1.00,185.00,0.00,0.00,0.00,0.00,0.00,"5101","101",N,1,1,1,0.00,0.00,0.00,0.00,0.00,0.00,0.00,0.00,0.00,0.00,0.00,"",0.00,0.00,0.00,0,0,0.00,0,0,"","",0.00,0.00,0.00,0.00,N,0.00,0.00,0.00,0,"FD","",0,"",185.00,1.000,"","",N,0.000,0.00,0.00,0.00,0.00,0.00,0.00,0.00,0.00,0.00,0.00,0.00,0.00,0.00,0.00,0.00,0.00,0.00,0.00,0.00,0.00,0.00,0.00,0.00,0.00,0.00,0.00,0.00,0.00,0.00,0,0.00,"",0.00,0.00,N,N,N,0.00,0.00,0.00,0,0.00,"",0.00,0.00,0.00,0.00,0.00,0,"",0.00,0.00,"","",0.00,0.00,0.00,0.00,0.00,0.00,0.00,0.00,0.00,0,"","",N,0.00
7,"38","S","07114891000156",0,10734,"20250801","MT","1","NF",55,1.00,120.00,0.00,0.00,0.00,0.00,0.00,"5405","500",N,1,1,1,0.00,0.00,0.00,0.00,0.00,0.00,0.00,0.00,0.00,0.00,0.00,"",0.00,0.00,0.00,0,0,0.00,0,0,"","",0.00,0.00,0.00,0.00,N,0.00,0.00,0.00,0,"FD","",0,"",120.00,1.000,"","",N,0.000,0.00,0.00,0.00,0.00,0.00,0.00,0.00,0.00,0.00,0.00,0.00,0.00,0.00,0.00,0.00,0.00,0.00,0.00,0.00,0.00,0.00,0.00,0.00,0.00,0.00,0.00,0.00,0.00,0.00,0,0.00,"",0.00,0.00,N,N,N,0.00,0.00,0.00,0,0.00,"",0.00,0.00,0.00,0.00,0.00,0,"",0.00,0.00,"","",0.00,0.00,0.00,0.00,0.00,0.00,0.00,0.00,0.00,0,"","",N,0.00
8,"39","S","07114891000156",0,10734,"20250801","MT","1","NF",55,1.00,120.00,0.00,0.00,0.00,0.00,0.00,"5405","500",N,1,1,1,0.00,0.00,0.00,0.00,0.00,0.00,0.00,0.00,0.00,0.00,0.00,"",0.00,0.00,0.00,0,0,0.00,0,0,"","",0.00,0.00,0.00,0.00,N,0.00,0.00,0.00,0,"FD","",0,"",120.00,1.000,"","",N,0.000,0.00,0.00,0.00,0.00,0.00,0.00,0.00,0.00,0.00,0.00,0.00,0.00,0.00,0.00,0.00,0.00,0.00,0.00,0.00,0.00,0.00,0.00,0.00,0.00,0.00,0.00,0.00,0.00,0.00,0,0.00,"",0.00,0.00,N,N,N,0.00,0.00,0.00,0,0.00,"",0.00,0.00,0.00,0.00,0.00,0,"",0.00,0.00,"","",0.00,0.00,0.00,0.00,0.00,0.00,0.00,0.00,0.00,0,"","",N,0.00
1,"1","S","02623537000990",0,10737,"20250801","MT","1","NF",55,1.00,72.00,0.00,0.00,0.00,0.00,0.00,"5910","500",N,1,1,1,0.00,0.00,0.00,0.00,0.00,0.00,0.00,0.00,0.00,0.00,0.00,"",0.00,0.00,0.00,0,0,0.00,0,0,"","",0.00,0.00,0.00,0.00,N,0.00,0.00,0.00,0,"FD","",0,"",72.00,1.000,"","",N,0.000,0.00,0.00,0.00,0.00,0.00,0.00,0.00,0.00,0.00,0.00,0.00,0.00,0.00,0.00,0.00,0.00,0.00,0.00,0.00,0.00,0.00,0.00,0.00,0.00,0.00,0.00,0.00,0.00,0.00,0,0.00,"",0.00,0.00,N,N,N,0.00,0.00,0.00,0,0.00,"",0.00,0.00,0.00,0.00,0.00,0,"",0.00,0.00,"","",0.00,0.00,0.00,0.00,0.00,0.00,0.00,0.00,0.00,0,"","",N,0.00
2,"3","S","02623537000990",0,10737,"20250801","MT","1","NF",55,1.00,132.00,0.00,0.00,0.00,0.00,0.00,"5910","500",N,1,1,1,0.00,0.00,0.00,0.00,0.00,0.00,0.00,0.00,0.00,0.00,0.00,"",0.00,0.00,0.00,0,0,0.00,0,0,"","",0.00,0.00,0.00,0.00,N,0.00,0.00,0.00,0,"FD","",0,"",132.00,1.000,"","",N,0.000,0.00,0.00,0.00,0.00,0.00,0.00,0.00,0.00,0.00,0.00,0.00,0.00,0.00,0.00,0.00,0.00,0.00,0.00,0.00,0.00,0.00,0.00,0.00,0.00,0.00,0.00,0.00,0.00,0.00,0,0.00,"",0.00,0.00,N,N,N,0.00,0.00,0.00,0,0.00,"",0.00,0.00,0.00,0.00,0.00,0,"",0.00,0.00,"","",0.00,0.00,0.00,0.00,0.00,0.00,0.00,0.00,0.00,0,"","",N,0.00
3,"4","S","02623537000990",0,10737,"20250801","MT","1","NF",55,1.00,134.75,0.00,0.00,0.00,0.00,0.00,"5910","500",N,1,1,1,0.00,0.00,0.00,0.00,0.00,0.00,0.00,0.00,0.00,0.00,0.00,"",0.00,0.00,0.00,0,0,0.00,0,0,"","",0.00,0.00,0.00,0.00,N,0.00,0.00,0.00,0,"FD","",0,"",134.75,1.000,"","",N,0.000,0.00,0.00,0.00,0.00,0.00,0.00,0.00,0.00,0.00,0.00,0.00,0.00,0.00,0.00,0.00,0.00,0.00,0.00,0.00,0.00,0.00,0.00,0.00,0.00,0.00,0.00,0.00,0.00,0.00,0,0.00,"",0.00,0.00,N,N,N,0.00,0.00,0.00,0,0.00,"",0.00,0.00,0.00,0.00,0.00,0,"",0.00,0.00,"","",0.00,0.00,0.00,0.00,0.00,0.00,0.00,0.00,0.00,0,"","",N,0.00
4,"7","S","02623537000990",0,10737,"20250801","MT","1","NF",55,1.00,176.00,0.00,0.00,0.00,0.00,0.00,"5910","500",N,1,1,1,0.00,0.00,0.00,0.00,0.00,0.00,0.00,0.00,0.00,0.00,0.00,"",0.00,0.00,0.00,0,0,0.00,0,0,"","",0.00,0.00,0.00,0.00,N,0.00,0.00,0.00,0,"FD","",0,"",176.00,1.000,"","",N,0.000,0.00,0.00,0.00,0.00,0.00,0.00,0.00,0.00,0.00,0.00,0.00,0.00,0.00,0.00,0.00,0.00,0.00,0.00,0.00,0.00,0.00,0.00,0.00,0.00,0.00,0.00,0.00,0.00,0.00,0,0.00,"",0.00,0.00,N,N,N,0.00,0.00,0.00,0,0.00,"",0.00,0.00,0.00,0.00,0.00,0,"",0.00,0.00,"","",0.00,0.00,0.00,0.00,0.00,0.00,0.00,0.00,0.00,0,"","",N,0.00
1,"2","S","00968779000133",0,10735,"20250801","MT","1","NF",55,1.00,95.00,0.00,0.00,0.00,0.00,0.00,"5405","500",N,1,1,1,0.00,0.00,0.00,0.00,0.00,0.00,0.00,0.00,0.00,0.00,0.00,"",0.00,0.00,0.00,0,0,0.00,0,0,"","",0.00,0.00,0.00,0.00,N,0.00,0.00,0.00,0,"FD","",0,"",95.00,1.000,"","",N,0.000,0.00,0.00,0.00,0.00,0.00,0.00,0.00,0.00,0.00,0.00,0.00,0.00,0.00,0.00,0.00,0.00,0.00,0.00,0.00,0.00,0.00,0.00,0.00,0.00,0.00,0.00,0.00,0.00,0.00,0,0.00,"",0.00,0.00,N,N,N,0.00,0.00,0.00,0,0.00,"",0.00,0.00,0.00,0.00,0.00,0,"",0.00,0.00,"","",0.00,0.00,0.00,0.00,0.00,0.00,0.00,0.00,0.00,0,"","",N,0.00
2,"3","S","00968779000133",0,10735,"20250801","MT","1","NF",55,1.00,135.00,0.00,0.00,0.00,0.00,0.00,"5405","500",N,1,1,1,0.00,0.00,0.00,0.00,0.00,0.00,0.00,0.00,0.00,0.00,0.00,"",0.00,0.00,0.00,0,0,0.00,0,0,"","",0.00,0.00,0.00,0.00,N,0.00,0.00,0.00,0,"FD","",0,"",135.00,1.000,"","",N,0.000,0.00,0.00,0.00,0.00,0.00,0.00,0.00,0.00,0.00,0.00,0.00,0.00,0.00,0.00,0.00,0.00,0.00,0.00,0.00,0.00,0.00,0.00,0.00,0.00,0.00,0.00,0.00,0.00,0.00,0,0.00,"",0.00,0.00,N,N,N,0.00,0.00,0.00,0,0.00,"",0.00,0.00,0.00,0.00,0.00,0,"",0.00,0.00,"","",0.00,0.00,0.00,0.00,0.00,0.00,0.00,0.00,0.00,0,"","",N,0.00
3,"4","S","00968779000133",0,10735,"20250801","MT","1","NF",55,1.00,135.00,0.00,0.00,0.00,0.00,0.00,"5405","500",N,1,1,1,0.00,0.00,0.00,0.00,0.00,0.00,0.00,0.00,0.00,0.00,0.00,"",0.00,0.00,0.00,0,0,0.00,0,0,"","",0.00,0.00,0.00,0.00,N,0.00,0.00,0.00,0,"FD","",0,"",135.00,1.000,"","",N,0.000,0.00,0.00,0.00,0.00,0.00,0.00,0.00,0.00,0.00,0.00,0.00,0.00,0.00,0.00,0.00,0.00,0.00,0.00,0.00,0.00,0.00,0.00,0.00,0.00,0.00,0.00,0.00,0.00,0.00,0,0.00,"",0.00,0.00,N,N,N,0.00,0.00,0.00,0,0.00,"",0.00,0.00,0.00,0.00,0.00,0,"",0.00,0.00,"","",0.00,0.00,0.00,0.00,0.00,0.00,0.00,0.00,0.00,0,"","",N,0.00
4,"7","S","00968779000133",0,10735,"20250801","MT","1","NF",55,1.00,159.00,0.00,0.00,0.00,0.00,0.00,"5405","500",N,1,1,1,0.00,0.00,0.00,0.00,0.00,0.00,0.00,0.00,0.00,0.00,0.00,"",0.00,0.00,0.00,0,0,0.00,0,0,"","",0.00,0.00,0.00,0.00,N,0.00,0.00,0.00,0,"FD","",0,"",159.00,1.000,"","",N,0.000,0.00,0.00,0.00,0.00,0.00,0.00,0.00,0.00,0.00,0.00,0.00,0.00,0.00,0.00,0.00,0.00,0.00,0.00,0.00,0.00,0.00,0.00,0.00,0.00,0.00,0.00,0.00,0.00,0.00,0,0.00,"",0.00,0.00,N,N,N,0.00,0.00,0.00,0,0.00,"",0.00,0.00,0.00,0.00,0.00,0,"",0.00,0.00,"","",0.00,0.00,0.00,0.00,0.00,0.00,0.00,0.00,0.00,0,"","",N,0.00
5,"8","S","00968779000133",0,10735,"20250801","MT","1","NF",55,1.00,159.00,0.00,0.00,0.00,0.00,0.00,"5405","500",N,1,1,1,0.00,0.00,0.00,0.00,0.00,0.00,0.00,0.00,0.00,0.00,0.00,"",0.00,0.00,0.00,0,0,0.00,0,0,"","",0.00,0.00,0.00,0.00,N,0.00,0.00,0.00,0,"FD","",0,"",159.00,1.000,"","",N,0.000,0.00,0.00,0.00,0.00,0.00,0.00,0.00,0.00,0.00,0.00,0.00,0.00,0.00,0.00,0.00,0.00,0.00,0.00,0.00,0.00,0.00,0.00,0.00,0.00,0.00,0.00,0.00,0.00,0.00,0,0.00,"",0.00,0.00,N,N,N,0.00,0.00,0.00,0,0.00,"",0.00,0.00,0.00,0.00,0.00,0,"",0.00,0.00,"","",0.00,0.00,0.00,0.00,0.00,0.00,0.00,0.00,0.00,0,"","",N,0.00
6,"9","S","00968779000133",0,10735,"20250801","MT","1","NF",55,1.00,169.00,0.00,0.00,0.00,0.00,0.00,"5101","101",N,1,1,1,0.00,0.00,0.00,0.00,0.00,0.00,0.00,0.00,0.00,0.00,0.00,"",0.00,0.00,0.00,0,0,0.00,0,0,"","",0.00,0.00,0.00,0.00,N,0.00,0.00,0.00,0,"FD","",0,"",169.00,1.000,"","",N,0.000,0.00,0.00,0.00,0.00,0.00,0.00,0.00,0.00,0.00,0.00,0.00,0.00,0.00,0.00,0.00,0.00,0.00,0.00,0.00,0.00,0.00,0.00,0.00,0.00,0.00,0.00,0.00,0.00,0.00,0,0.00,"",0.00,0.00,N,N,N,0.00,0.00,0.00,0,0.00,"",0.00,0.00,0.00,0.00,0.00,0,"",0.00,0.00,"","",0.00,0.00,0.00,0.00,0.00,0.00,0.00,0.00,0.00,0,"","",N,0.00
7,"10","S","00968779000133",0,10735,"20250801","MT","1","NF",55,1.00,185.00,0.00,0.00,0.00,0.00,0.00,"5101","101",N,1,1,1,0.00,0.00,0.00,0.00,0.00,0.00,0.00,0.00,0.00,0.00,0.00,"",0.00,0.00,0.00,0,0,0.00,0,0,"","",0.00,0.00,0.00,0.00,N,0.00,0.00,0.00,0,"FD","",0,"",185.00,1.000,"","",N,0.000,0.00,0.00,0.00,0.00,0.00,0.00,0.00,0.00,0.00,0.00,0.00,0.00,0.00,0.00,0.00,0.00,0.00,0.00,0.00,0.00,0.00,0.00,0.00,0.00,0.00,0.00,0.00,0.00,0.00,0,0.00,"",0.00,0.00,N,N,N,0.00,0.00,0.00,0,0.00,"",0.00,0.00,0.00,0.00,0.00,0,"",0.00,0.00,"","",0.00,0.00,0.00,0.00,0.00,0.00,0.00,0.00,0.00,0,"","",N,0.00
8,"15","S","00968779000133",0,10735,"20250801","MT","1","NF",55,1.00,149.00,0.00,0.00,0.00,0.00,0.00,"5405","500",N,1,1,1,0.00,0.00,0.00,0.00,0.00,0.00,0.00,0.00,0.00,0.00,0.00,"",0.00,0.00,0.00,0,0,0.00,0,0,"","",0.00,0.00,0.00,0.00,N,0.00,0.00,0.00,0,"FD","",0,"",149.00,1.000,"","",N,0.000,0.00,0.00,0.00,0.00,0.00,0.00,0.00,0.00,0.00,0.00,0.00,0.00,0.00,0.00,0.00,0.00,0.00,0.00,0.00,0.00,0.00,0.00,0.00,0.00,0.00,0.00,0.00,0.00,0.00,0,0.00,"",0.00,0.00,N,N,N,0.00,0.00,0.00,0,0.00,"",0.00,0.00,0.00,0.00,0.00,0,"",0.00,0.00,"","",0.00,0.00,0.00,0.00,0.00,0.00,0.00,0.00,0.00,0,"","",N,0.00
9,"16","S","00968779000133",0,10735,"20250801","MT","1","NF",55,1.00,213.00,0.00,0.00,0.00,0.00,0.00,"5405","500",N,1,1,1,0.00,0.00,0.00,0.00,0.00,0.00,0.00,0.00,0.00,0.00,0.00,"",0.00,0.00,0.00,0,0,0.00,0,0,"","",0.00,0.00,0.00,0.00,N,0.00,0.00,0.00,0,"FD","",0,"",213.00,1.000,"","",N,0.000,0.00,0.00,0.00,0.00,0.00,0.00,0.00,0.00,0.00,0.00,0.00,0.00,0.00,0.00,0.00,0.00,0.00,0.00,0.00,0.00,0.00,0.00,0.00,0.00,0.00,0.00,0.00,0.00,0.00,0,0.00,"",0.00,0.00,N,N,N,0.00,0.00,0.00,0,0.00,"",0.00,0.00,0.00,0.00,0.00,0,"",0.00,0.00,"","",0.00,0.00,0.00,0.00,0.00,0.00,0.00,0.00,0.00,0,"","",N,0.00
1,"2","S","02623537000990",0,10738,"20250801","MT","1","NF",55,1.00,96.00,0.00,0.00,0.00,0.00,0.00,"5910","500",N,1,1,1,0.00,0.00,0.00,0.00,0.00,0.00,0.00,0.00,0.00,0.00,0.00,"",0.00,0.00,0.00,0,0,0.00,0,0,"","",0.00,0.00,0.00,0.00,N,0.00,0.00,0.00,0,"FD","",0,"",96.00,1.000,"","",N,0.000,0.00,0.00,0.00,0.00,0.00,0.00,0.00,0.00,0.00,0.00,0.00,0.00,0.00,0.00,0.00,0.00,0.00,0.00,0.00,0.00,0.00,0.00,0.00,0.00,0.00,0.00,0.00,0.00,0.00,0,0.00,"",0.00,0.00,N,N,N,0.00,0.00,0.00,0,0.00,"",0.00,0.00,0.00,0.00,0.00,0,"",0.00,0.00,"","",0.00,0.00,0.00,0.00,0.00,0.00,0.00,0.00,0.00,0,"","",N,0.00
1,"1","S","02623537000990",0,10736,"20250801","MT","1","NF",55,1.00,72.00,0.00,0.00,0.00,0.00,0.00,"5405","500",N,1,1,1,0.00,0.00,0.00,0.00,0.00,0.00,0.00,0.00,0.00,0.00,0.00,"",0.00,0.00,0.00,0,0,0.00,0,0,"","",0.00,0.00,0.00,0.00,N,0.00,0.00,0.00,0,"FD","",0,"",72.00,1.000,"","",N,0.000,0.00,0.00,0.00,0.00,0.00,0.00,0.00,0.00,0.00,0.00,0.00,0.00,0.00,0.00,0.00,0.00,0.00,0.00,0.00,0.00,0.00,0.00,0.00,0.00,0.00,0.00,0.00,0.00,0.00,0,0.00,"",0.00,0.00,N,N,N,0.00,0.00,0.00,0,0.00,"",0.00,0.00,0.00,0.00,0.00,0,"",0.00,0.00,"","",0.00,0.00,0.00,0.00,0.00,0.00,0.00,0.00,0.00,0,"","",N,0.00
2,"2","S","02623537000990",0,10736,"20250801","MT","1","NF",55,1.00,96.00,0.00,0.00,0.00,0.00,0.00,"5405","500",N,1,1,1,0.00,0.00,0.00,0.00,0.00,0.00,0.00,0.00,0.00,0.00,0.00,"",0.00,0.00,0.00,0,0,0.00,0,0,"","",0.00,0.00,0.00,0.00,N,0.00,0.00,0.00,0,"FD","",0,"",96.00,1.000,"","",N,0.000,0.00,0.00,0.00,0.00,0.00,0.00,0.00,0.00,0.00,0.00,0.00,0.00,0.00,0.00,0.00,0.00,0.00,0.00,0.00,0.00,0.00,0.00,0.00,0.00,0.00,0.00,0.00,0.00,0.00,0,0.00,"",0.00,0.00,N,N,N,0.00,0.00,0.00,0,0.00,"",0.00,0.00,0.00,0.00,0.00,0,"",0.00,0.00,"","",0.00,0.00,0.00,0.00,0.00,0.00,0.00,0.00,0.00,0,"","",N,0.00
3,"3","S","02623537000990",0,10736,"20250801","MT","1","NF",55,3.00,396.00,0.00,0.00,0.00,0.00,0.00,"5405","500",N,1,1,1,0.00,0.00,0.00,0.00,0.00,0.00,0.00,0.00,0.00,0.00,0.00,"",0.00,0.00,0.00,0,0,0.00,0,0,"","",0.00,0.00,0.00,0.00,N,0.00,0.00,0.00,0,"FD","",0,"",132.00,3.000,"","",N,0.000,0.00,0.00,0.00,0.00,0.00,0.00,0.00,0.00,0.00,0.00,0.00,0.00,0.00,0.00,0.00,0.00,0.00,0.00,0.00,0.00,0.00,0.00,0.00,0.00,0.00,0.00,0.00,0.00,0.00,0,0.00,"",0.00,0.00,N,N,N,0.00,0.00,0.00,0,0.00,"",0.00,0.00,0.00,0.00,0.00,0,"",0.00,0.00,"","",0.00,0.00,0.00,0.00,0.00,0.00,0.00,0.00,0.00,0,"","",N,0.00
4,"4","S","02623537000990",0,10736,"20250801","MT","1","NF",55,4.00,539.00,0.00,0.00,0.00,0.00,0.00,"5405","500",N,1,1,1,0.00,0.00,0.00,0.00,0.00,0.00,0.00,0.00,0.00,0.00,0.00,"",0.00,0.00,0.00,0,0,0.00,0,0,"","",0.00,0.00,0.00,0.00,N,0.00,0.00,0.00,0,"FD","",0,"",134.75,4.000,"","",N,0.000,0.00,0.00,0.00,0.00,0.00,0.00,0.00,0.00,0.00,0.00,0.00,0.00,0.00,0.00,0.00,0.00,0.00,0.00,0.00,0.00,0.00,0.00,0.00,0.00,0.00,0.00,0.00,0.00,0.00,0,0.00,"",0.00,0.00,N,N,N,0.00,0.00,0.00,0,0.00,"",0.00,0.00,0.00,0.00,0.00,0,"",0.00,0.00,"","",0.00,0.00,0.00,0.00,0.00,0.00,0.00,0.00,0.00,0,"","",N,0.00
5,"7","S","02623537000990",0,10736,"20250801","MT","1","NF",55,2.00,352.00,0.00,0.00,0.00,0.00,0.00,"5405","500",N,1,1,1,0.00,0.00,0.00,0.00,0.00,0.00,0.00,0.00,0.00,0.00,0.00,"",0.00,0.00,0.00,0,0,0.00,0,0,"","",0.00,0.00,0.00,0.00,N,0.00,0.00,0.00,0,"FD","",0,"",176.00,2.000,"","",N,0.000,0.00,0.00,0.00,0.00,0.00,0.00,0.00,0.00,0.00,0.00,0.00,0.00,0.00,0.00,0.00,0.00,0.00,0.00,0.00,0.00,0.00,0.00,0.00,0.00,0.00,0.00,0.00,0.00,0.00,0,0.00,"",0.00,0.00,N,N,N,0.00,0.00,0.00,0,0.00,"",0.00,0.00,0.00,0.00,0.00,0,"",0.00,0.00,"","",0.00,0.00,0.00,0.00,0.00,0.00,0.00,0.00,0.00,0,"","",N,0.00
6,"8","S","02623537000990",0,10736,"20250801","MT","1","NF",55,2.00,297.00,0.00,0.00,0.00,0.00,0.00,"5405","500",N,1,1,1,0.00,0.00,0.00,0.00,0.00,0.00,0.00,0.00,0.00,0.00,0.00,"",0.00,0.00,0.00,0,0,0.00,0,0,"","",0.00,0.00,0.00,0.00,N,0.00,0.00,0.00,0,"FD","",0,"",148.50,2.000,"","",N,0.000,0.00,0.00,0.00,0.00,0.00,0.00,0.00,0.00,0.00,0.00,0.00,0.00,0.00,0.00,0.00,0.00,0.00,0.00,0.00,0.00,0.00,0.00,0.00,0.00,0.00,0.00,0.00,0.00,0.00,0,0.00,"",0.00,0.00,N,N,N,0.00,0.00,0.00,0,0.00,"",0.00,0.00,0.00,0.00,0.00,0,"",0.00,0.00,"","",0.00,0.00,0.00,0.00,0.00,0.00,0.00,0.00,0.00,0,"","",N,0.00
7,"15","S","02623537000990",0,10736,"20250801","MT","1","NF",55,3.00,447.00,0.00,0.00,0.00,0.00,0.00,"5405","500",N,1,1,1,0.00,0.00,0.00,0.00,0.00,0.00,0.00,0.00,0.00,0.00,0.00,"",0.00,0.00,0.00,0,0,0.00,0,0,"","",0.00,0.00,0.00,0.00,N,0.00,0.00,0.00,0,"FD","",0,"",149.00,3.000,"","",N,0.000,0.00,0.00,0.00,0.00,0.00,0.00,0.00,0.00,0.00,0.00,0.00,0.00,0.00,0.00,0.00,0.00,0.00,0.00,0.00,0.00,0.00,0.00,0.00,0.00,0.00,0.00,0.00,0.00,0.00,0,0.00,"",0.00,0.00,N,N,N,0.00,0.00,0.00,0,0.00,"",0.00,0.00,0.00,0.00,0.00,0,"",0.00,0.00,"","",0.00,0.00,0.00,0.00,0.00,0.00,0.00,0.00,0.00,0,"","",N,0.00
8,"16","S","02623537000990",0,10736,"20250801","MT","1","NF",55,4.00,852.00,0.00,0.00,0.00,0.00,0.00,"5405","500",N,1,1,1,0.00,0.00,0.00,0.00,0.00,0.00,0.00,0.00,0.00,0.00,0.00,"",0.00,0.00,0.00,0,0,0.00,0,0,"","",0.00,0.00,0.00,0.00,N,0.00,0.00,0.00,0,"FD","",0,"",213.00,4.000,"","",N,0.000,0.00,0.00,0.00,0.00,0.00,0.00,0.00,0.00,0.00,0.00,0.00,0.00,0.00,0.00,0.00,0.00,0.00,0.00,0.00,0.00,0.00,0.00,0.00,0.00,0.00,0.00,0.00,0.00,0.00,0,0.00,"",0.00,0.00,N,N,N,0.00,0.00,0.00,0,0.00,"",0.00,0.00,0.00,0.00,0.00,0,"",0.00,0.00,"","",0.00,0.00,0.00,0.00,0.00,0.00,0.00,0.00,0.00,0,"","",N,0.00
9,"19","S","02623537000990",0,10736,"20250801","MT","1","NF",55,3.00,257.40,0.00,0.00,0.00,0.00,0.00,"5405","500",N,1,1,1,0.00,0.00,0.00,0.00,0.00,0.00,0.00,0.00,0.00,0.00,0.00,"",0.00,0.00,0.00,0,0,0.00,0,0,"","",0.00,0.00,0.00,0.00,N,0.00,0.00,0.00,0,"FD","",0,"",85.80,3.000,"","",N,0.000,0.00,0.00,0.00,0.00,0.00,0.00,0.00,0.00,0.00,0.00,0.00,0.00,0.00,0.00,0.00,0.00,0.00,0.00,0.00,0.00,0.00,0.00,0.00,0.00,0.00,0.00,0.00,0.00,0.00,0,0.00,"",0.00,0.00,N,N,N,0.00,0.00,0.00,0,0.00,"",0.00,0.00,0.00,0.00,0.00,0,"",0.00,0.00,"","",0.00,0.00,0.00,0.00,0.00,0.00,0.00,0.00,0.00,0,"","",N,0.00
10,"20","S","02623537000990",0,10736,"20250801","MT","1","NF",55,10.00,910.80,0.00,0.00,0.00,0.00,0.00,"5405","500",N,1,1,1,0.00,0.00,0.00,0.00,0.00,0.00,0.00,0.00,0.00,0.00,0.00,"",0.00,0.00,0.00,0,0,0.00,0,0,"","",0.00,0.00,0.00,0.00,N,0.00,0.00,0.00,0,"FD","",0,"",91.08,10.000,"","",N,0.000,0.00,0.00,0.00,0.00,0.00,0.00,0.00,0.00,0.00,0.00,0.00,0.00,0.00,0.00,0.00,0.00,0.00,0.00,0.00,0.00,0.00,0.00,0.00,0.00,0.00,0.00,0.00,0.00,0.00,0,0.00,"",0.00,0.00,N,N,N,0.00,0.00,0.00,0,0.00,"",0.00,0.00,0.00,0.00,0.00,0,"",0.00,0.00,"","",0.00,0.00,0.00,0.00,0.00,0.00,0.00,0.00,0.00,0,"","",N,0.00
11,"21","S","02623537000990",0,10736,"20250801","MT","1","NF",55,12.00,1396.80,0.00,0.00,0.00,0.00,0.00,"5405","500",N,1,1,1,0.00,0.00,0.00,0.00,0.00,0.00,0.00,0.00,0.00,0.00,0.00,"",0.00,0.00,0.00,0,0,0.00,0,0,"","",0.00,0.00,0.00,0.00,N,0.00,0.00,0.00,0,"FD","",0,"",116.40,12.000,"","",N,0.000,0.00,0.00,0.00,0.00,0.00,0.00,0.00,0.00,0.00,0.00,0.00,0.00,0.00,0.00,0.00,0.00,0.00,0.00,0.00,0.00,0.00,0.00,0.00,0.00,0.00,0.00,0.00,0.00,0.00,0,0.00,"",0.00,0.00,N,N,N,0.00,0.00,0.00,0,0.00,"",0.00,0.00,0.00,0.00,0.00,0,"",0.00,0.00,"","",0.00,0.00,0.00,0.00,0.00,0.00,0.00,0.00,0.00,0,"","",N,0.00
12,"22","S","02623537000990",0,10736,"20250801","MT","1","NF",55,12.00,1396.80,0.00,0.00,0.00,0.00,0.00,"5405","500",N,1,1,1,0.00,0.00,0.00,0.00,0.00,0.00,0.00,0.00,0.00,0.00,0.00,"",0.00,0.00,0.00,0,0,0.00,0,0,"","",0.00,0.00,0.00,0.00,N,0.00,0.00,0.00,0,"FD","",0,"",116.40,12.000,"","",N,0.000,0.00,0.00,0.00,0.00,0.00,0.00,0.00,0.00,0.00,0.00,0.00,0.00,0.00,0.00,0.00,0.00,0.00,0.00,0.00,0.00,0.00,0.00,0.00,0.00,0.00,0.00,0.00,0.00,0.00,0,0.00,"",0.00,0.00,N,N,N,0.00,0.00,0.00,0,0.00,"",0.00,0.00,0.00,0.00,0.00,0,"",0.00,0.00,"","",0.00,0.00,0.00,0.00,0.00,0.00,0.00,0.00,0.00,0,"","",N,0.00
13,"36","S","02623537000990",0,10736,"20250801","MT","1","NF",55,3.00,265.32,0.00,0.00,0.00,0.00,0.00,"5405","500",N,1,1,1,0.00,0.00,0.00,0.00,0.00,0.00,0.00,0.00,0.00,0.00,0.00,"",0.00,0.00,0.00,0,0,0.00,0,0,"","",0.00,0.00,0.00,0.00,N,0.00,0.00,0.00,0,"FD","",0,"",88.44,3.000,"","",N,0.000,0.00,0.00,0.00,0.00,0.00,0.00,0.00,0.00,0.00,0.00,0.00,0.00,0.00,0.00,0.00,0.00,0.00,0.00,0.00,0.00,0.00,0.00,0.00,0.00,0.00,0.00,0.00,0.00,0.00,0,0.00,"",0.00,0.00,N,N,N,0.00,0.00,0.00,0,0.00,"",0.00,0.00,0.00,0.00,0.00,0,"",0.00,0.00,"","",0.00,0.00,0.00,0.00,0.00,0.00,0.00,0.00,0.00,0,"","",N,0.00
14,"37","S","02623537000990",0,10736,"20250801","MT","1","NF",55,10.00,937.20,0.00,0.00,0.00,0.00,0.00,"5405","500",N,1,1,1,0.00,0.00,0.00,0.00,0.00,0.00,0.00,0.00,0.00,0.00,0.00,"",0.00,0.00,0.00,0,0,0.00,0,0,"","",0.00,0.00,0.00,0.00,N,0.00,0.00,0.00,0,"FD","",0,"",93.72,10.000,"","",N,0.000,0.00,0.00,0.00,0.00,0.00,0.00,0.00,0.00,0.00,0.00,0.00,0.00,0.00,0.00,0.00,0.00,0.00,0.00,0.00,0.00,0.00,0.00,0.00,0.00,0.00,0.00,0.00,0.00,0.00,0,0.00,"",0.00,0.00,N,N,N,0.00,0.00,0.00,0,0.00,"",0.00,0.00,0.00,0.00,0.00,0,"",0.00,0.00,"","",0.00,0.00,0.00,0.00,0.00,0.00,0.00,0.00,0.00,0,"","",N,0.00
15,"38","S","02623537000990",0,10736,"20250801","MT","1","NF",55,10.00,1182.00,0.00,0.00,0.00,0.00,0.00,"5405","500",N,1,1,1,0.00,0.00,0.00,0.00,0.00,0.00,0.00,0.00,0.00,0.00,0.00,"",0.00,0.00,0.00,0,0,0.00,0,0,"","",0.00,0.00,0.00,0.00,N,0.00,0.00,0.00,0,"FD","",0,"",118.20,10.000,"","",N,0.000,0.00,0.00,0.00,0.00,0.00,0.00,0.00,0.00,0.00,0.00,0.00,0.00,0.00,0.00,0.00,0.00,0.00,0.00,0.00,0.00,0.00,0.00,0.00,0.00,0.00,0.00,0.00,0.00,0.00,0,0.00,"",0.00,0.00,N,N,N,0.00,0.00,0.00,0,0.00,"",0.00,0.00,0.00,0.00,0.00,0,"",0.00,0.00,"","",0.00,0.00,0.00,0.00,0.00,0.00,0.00,0.00,0.00,0,"","",N,0.00
16,"39","S","02623537000990",0,10736,"20250801","MT","1","NF",55,10.00,1182.00,0.00,0.00,0.00,0.00,0.00,"5405","500",N,1,1,1,0.00,0.00,0.00,0.00,0.00,0.00,0.00,0.00,0.00,0.00,0.00,"",0.00,0.00,0.00,0,0,0.00,0,0,"","",0.00,0.00,0.00,0.00,N,0.00,0.00,0.00,0,"FD","",0,"",118.20,10.000,"","",N,0.000,0.00,0.00,0.00,0.00,0.00,0.00,0.00,0.00,0.00,0.00,0.00,0.00,0.00,0.00,0.00,0.00,0.00,0.00,0.00,0.00,0.00,0.00,0.00,0.00,0.00,0.00,0.00,0.00,0.00,0,0.00,"",0.00,0.00,N,N,N,0.00,0.00,0.00,0,0.00,"",0.00,0.00,0.00,0.00,0.00,0,"",0.00,0.00,"","",0.00,0.00,0.00,0.00,0.00,0.00,0.00,0.00,0.00,0,"","",N,0.00
1,"6","S","07114891000237",0,10740,"20250805","MT","1","NF",55,1.00,141.75,0.00,0.00,0.00,0.00,0.00,"5405","500",N,1,1,1,0.00,0.00,0.00,0.00,0.00,0.00,0.00,0.00,0.00,0.00,0.00,"",0.00,0.00,0.00,0,0,0.00,0,0,"","",0.00,0.00,0.00,0.00,N,0.00,0.00,0.00,0,"FD","",0,"",141.75,1.000,"","",N,0.000,0.00,0.00,0.00,0.00,0.00,0.00,0.00,0.00,0.00,0.00,0.00,0.00,0.00,0.00,0.00,0.00,0.00,0.00,0.00,0.00,0.00,0.00,0.00,0.00,0.00,0.00,0.00,0.00,0.00,0,0.00,"",0.00,0.00,N,N,N,0.00,0.00,0.00,0,0.00,"",0.00,0.00,0.00,0.00,0.00,0,"",0.00,0.00,"","",0.00,0.00,0.00,0.00,0.00,0.00,0.00,0.00,0.00,0,"","",N,0.00
2,"7","S","07114891000237",0,10740,"20250805","MT","1","NF",55,1.00,159.00,0.00,0.00,0.00,0.00,0.00,"5405","500",N,1,1,1,0.00,0.00,0.00,0.00,0.00,0.00,0.00,0.00,0.00,0.00,0.00,"",0.00,0.00,0.00,0,0,0.00,0,0,"","",0.00,0.00,0.00,0.00,N,0.00,0.00,0.00,0,"FD","",0,"",159.00,1.000,"","",N,0.000,0.00,0.00,0.00,0.00,0.00,0.00,0.00,0.00,0.00,0.00,0.00,0.00,0.00,0.00,0.00,0.00,0.00,0.00,0.00,0.00,0.00,0.00,0.00,0.00,0.00,0.00,0.00,0.00,0.00,0,0.00,"",0.00,0.00,N,N,N,0.00,0.00,0.00,0,0.00,"",0.00,0.00,0.00,0.00,0.00,0,"",0.00,0.00,"","",0.00,0.00,0.00,0.00,0.00,0.00,0.00,0.00,0.00,0,"","",N,0.00
3,"8","S","07114891000237",0,10740,"20250805","MT","1","NF",55,1.00,159.00,0.00,0.00,0.00,0.00,0.00,"5405","500",N,1,1,1,0.00,0.00,0.00,0.00,0.00,0.00,0.00,0.00,0.00,0.00,0.00,"",0.00,0.00,0.00,0,0,0.00,0,0,"","",0.00,0.00,0.00,0.00,N,0.00,0.00,0.00,0,"FD","",0,"",159.00,1.000,"","",N,0.000,0.00,0.00,0.00,0.00,0.00,0.00,0.00,0.00,0.00,0.00,0.00,0.00,0.00,0.00,0.00,0.00,0.00,0.00,0.00,0.00,0.00,0.00,0.00,0.00,0.00,0.00,0.00,0.00,0.00,0,0.00,"",0.00,0.00,N,N,N,0.00,0.00,0.00,0,0.00,"",0.00,0.00,0.00,0.00,0.00,0,"",0.00,0.00,"","",0.00,0.00,0.00,0.00,0.00,0.00,0.00,0.00,0.00,0,"","",N,0.00
4,"9","S","07114891000237",0,10740,"20250805","MT","1","NF",55,1.00,169.00,0.00,0.00,0.00,0.00,0.00,"5101","101",N,1,1,1,0.00,0.00,0.00,0.00,0.00,0.00,0.00,0.00,0.00,0.00,0.00,"",0.00,0.00,0.00,0,0,0.00,0,0,"","",0.00,0.00,0.00,0.00,N,0.00,0.00,0.00,0,"FD","",0,"",169.00,1.000,"","",N,0.000,0.00,0.00,0.00,0.00,0.00,0.00,0.00,0.00,0.00,0.00,0.00,0.00,0.00,0.00,0.00,0.00,0.00,0.00,0.00,0.00,0.00,0.00,0.00,0.00,0.00,0.00,0.00,0.00,0.00,0,0.00,"",0.00,0.00,N,N,N,0.00,0.00,0.00,0,0.00,"",0.00,0.00,0.00,0.00,0.00,0,"",0.00,0.00,"","",0.00,0.00,0.00,0.00,0.00,0.00,0.00,0.00,0.00,0,"","",N,0.00
5,"10","S","07114891000237",0,10740,"20250805","MT","1","NF",55,1.00,185.00,0.00,0.00,0.00,0.00,0.00,"5101","101",N,1,1,1,0.00,0.00,0.00,0.00,0.00,0.00,0.00,0.00,0.00,0.00,0.00,"",0.00,0.00,0.00,0,0,0.00,0,0,"","",0.00,0.00,0.00,0.00,N,0.00,0.00,0.00,0,"FD","",0,"",185.00,1.000,"","",N,0.000,0.00,0.00,0.00,0.00,0.00,0.00,0.00,0.00,0.00,0.00,0.00,0.00,0.00,0.00,0.00,0.00,0.00,0.00,0.00,0.00,0.00,0.00,0.00,0.00,0.00,0.00,0.00,0.00,0.00,0,0.00,"",0.00,0.00,N,N,N,0.00,0.00,0.00,0,0.00,"",0.00,0.00,0.00,0.00,0.00,0,"",0.00,0.00,"","",0.00,0.00,0.00,0.00,0.00,0.00,0.00,0.00,0.00,0,"","",N,0.00
6,"38","S","07114891000237",0,10740,"20250805","MT","1","NF",55,1.00,120.00,0.00,0.00,0.00,0.00,0.00,"5405","500",N,1,1,1,0.00,0.00,0.00,0.00,0.00,0.00,0.00,0.00,0.00,0.00,0.00,"",0.00,0.00,0.00,0,0,0.00,0,0,"","",0.00,0.00,0.00,0.00,N,0.00,0.00,0.00,0,"FD","",0,"",120.00,1.000,"","",N,0.000,0.00,0.00,0.00,0.00,0.00,0.00,0.00,0.00,0.00,0.00,0.00,0.00,0.00,0.00,0.00,0.00,0.00,0.00,0.00,0.00,0.00,0.00,0.00,0.00,0.00,0.00,0.00,0.00,0.00,0,0.00,"",0.00,0.00,N,N,N,0.00,0.00,0.00,0,0.00,"",0.00,0.00,0.00,0.00,0.00,0,"",0.00,0.00,"","",0.00,0.00,0.00,0.00,0.00,0.00,0.00,0.00,0.00,0,"","",N,0.00
7,"39","S","07114891000237",0,10740,"20250805","MT","1","NF",55,1.00,120.00,0.00,0.00,0.00,0.00,0.00,"5405","500",N,1,1,1,0.00,0.00,0.00,0.00,0.00,0.00,0.00,0.00,0.00,0.00,0.00,"",0.00,0.00,0.00,0,0,0.00,0,0,"","",0.00,0.00,0.00,0.00,N,0.00,0.00,0.00,0,"FD","",0,"",120.00,1.000,"","",N,0.000,0.00,0.00,0.00,0.00,0.00,0.00,0.00,0.00,0.00,0.00,0.00,0.00,0.00,0.00,0.00,0.00,0.00,0.00,0.00,0.00,0.00,0.00,0.00,0.00,0.00,0.00,0.00,0.00,0.00,0,0.00,"",0.00,0.00,N,N,N,0.00,0.00,0.00,0,0.00,"",0.00,0.00,0.00,0.00,0.00,0,"",0.00,0.00,"","",0.00,0.00,0.00,0.00,0.00,0.00,0.00,0.00,0.00,0,"","",N,0.00
1,"116","S","49133618000119",0,10739,"20250801","MT","1","NF",55,60.00,600.00,0.00,0.00,0.00,0.00,0.00,"5405","500",N,1,1,1,0.00,0.00,0.00,0.00,0.00,0.00,0.00,0.00,0.00,0.00,0.00,"",0.00,0.00,0.00,0,0,0.00,0,0,"","",0.00,0.00,0.00,0.00,N,0.00,0.00,0.00,0,"UND","",0,"",10.00,60.000,"","",N,0.000,0.00,0.00,0.00,0.00,0.00,0.00,0.00,0.00,0.00,0.00,0.00,0.00,0.00,0.00,0.00,0.00,0.00,0.00,0.00,0.00,0.00,0.00,0.00,0.00,0.00,0.00,0.00,0.00,0.00,0,0.00,"",0.00,0.00,N,N,N,0.00,0.00,0.00,0,0.00,"",0.00,0.00,0.00,0.00,0.00,0,"",0.00,0.00,"","",0.00,0.00,0.00,0.00,0.00,0.00,0.00,0.00,0.00,0,"","",N,0.00
2,"150","S","49133618000119",0,10739,"20250801","MT","1","NF",55,48.00,480.00,0.00,0.00,0.00,0.00,0.00,"5405","500",N,1,1,1,0.00,0.00,0.00,0.00,0.00,0.00,0.00,0.00,0.00,0.00,0.00,"",0.00,0.00,0.00,0,0,0.00,0,0,"","",0.00,0.00,0.00,0.00,N,0.00,0.00,0.00,0,"UNI","",0,"",10.00,48.000,"","",N,0.000,0.00,0.00,0.00,0.00,0.00,0.00,0.00,0.00,0.00,0.00,0.00,0.00,0.00,0.00,0.00,0.00,0.00,0.00,0.00,0.00,0.00,0.00,0.00,0.00,0.00,0.00,0.00,0.00,0.00,0,0.00,"",0.00,0.00,N,N,N,0.00,0.00,0.00,0,0.00,"",0.00,0.00,0.00,0.00,0.00,0,"",0.00,0.00,"","",0.00,0.00,0.00,0.00,0.00,0.00,0.00,0.00,0.00,0,"","",N,0.00
1,"1","S","01466831000116",0,10741,"20250805","MT","1","NF",55,1.00,72.00,0.00,0.00,0.00,0.00,0.00,"5405","500",N,1,1,1,0.00,0.00,0.00,0.00,0.00,0.00,0.00,0.00,0.00,0.00,0.00,"",0.00,0.00,0.00,0,0,0.00,0,0,"","",0.00,0.00,0.00,0.00,N,0.00,0.00,0.00,0,"FD","",0,"",72.00,1.000,"","",N,0.000,0.00,0.00,0.00,0.00,0.00,0.00,0.00,0.00,0.00,0.00,0.00,0.00,0.00,0.00,0.00,0.00,0.00,0.00,0.00,0.00,0.00,0.00,0.00,0.00,0.00,0.00,0.00,0.00,0.00,0,0.00,"",0.00,0.00,N,N,N,0.00,0.00,0.00,0,0.00,"",0.00,0.00,0.00,0.00,0.00,0,"",0.00,0.00,"","",0.00,0.00,0.00,0.00,0.00,0.00,0.00,0.00,0.00,0,"","",N,0.00
2,"4","S","01466831000116",0,10741,"20250805","MT","1","NF",55,2.00,270.00,0.00,0.00,0.00,0.00,0.00,"5405","500",N,1,1,1,0.00,0.00,0.00,0.00,0.00,0.00,0.00,0.00,0.00,0.00,0.00,"",0.00,0.00,0.00,0,0,0.00,0,0,"","",0.00,0.00,0.00,0.00,N,0.00,0.00,0.00,0,"FD","",0,"",135.00,2.000,"","",N,0.000,0.00,0.00,0.00,0.00,0.00,0.00,0.00,0.00,0.00,0.00,0.00,0.00,0.00,0.00,0.00,0.00,0.00,0.00,0.00,0.00,0.00,0.00,0.00,0.00,0.00,0.00,0.00,0.00,0.00,0,0.00,"",0.00,0.00,N,N,N,0.00,0.00,0.00,0,0.00,"",0.00,0.00,0.00,0.00,0.00,0,"",0.00,0.00,"","",0.00,0.00,0.00,0.00,0.00,0.00,0.00,0.00,0.00,0,"","",N,0.00
3,"8","S","01466831000116",0,10741,"20250805","MT","1","NF",55,2.00,318.00,0.00,0.00,0.00,0.00,0.00,"5405","500",N,1,1,1,0.00,0.00,0.00,0.00,0.00,0.00,0.00,0.00,0.00,0.00,0.00,"",0.00,0.00,0.00,0,0,0.00,0,0,"","",0.00,0.00,0.00,0.00,N,0.00,0.00,0.00,0,"FD","",0,"",159.00,2.000,"","",N,0.000,0.00,0.00,0.00,0.00,0.00,0.00,0.00,0.00,0.00,0.00,0.00,0.00,0.00,0.00,0.00,0.00,0.00,0.00,0.00,0.00,0.00,0.00,0.00,0.00,0.00,0.00,0.00,0.00,0.00,0,0.00,"",0.00,0.00,N,N,N,0.00,0.00,0.00,0,0.00,"",0.00,0.00,0.00,0.00,0.00,0,"",0.00,0.00,"","",0.00,0.00,0.00,0.00,0.00,0.00,0.00,0.00,0.00,0,"","",N,0.00
4,"9","S","01466831000116",0,10741,"20250805","MT","1","NF",55,2.00,338.00,0.00,0.00,0.00,0.00,0.00,"5101","101",N,1,1,1,0.00,0.00,0.00,0.00,0.00,0.00,0.00,0.00,0.00,0.00,0.00,"",0.00,0.00,0.00,0,0,0.00,0,0,"","",0.00,0.00,0.00,0.00,N,0.00,0.00,0.00,0,"FD","",0,"",169.00,2.000,"","",N,0.000,0.00,0.00,0.00,0.00,0.00,0.00,0.00,0.00,0.00,0.00,0.00,0.00,0.00,0.00,0.00,0.00,0.00,0.00,0.00,0.00,0.00,0.00,0.00,0.00,0.00,0.00,0.00,0.00,0.00,0,0.00,"",0.00,0.00,N,N,N,0.00,0.00,0.00,0,0.00,"",0.00,0.00,0.00,0.00,0.00,0,"",0.00,0.00,"","",0.00,0.00,0.00,0.00,0.00,0.00,0.00,0.00,0.00,0,"","",N,0.00
5,"38","S","01466831000116",0,10741,"20250805","MT","1","NF",55,1.00,120.00,0.00,0.00,0.00,0.00,0.00,"5405","500",N,1,1,1,0.00,0.00,0.00,0.00,0.00,0.00,0.00,0.00,0.00,0.00,0.00,"",0.00,0.00,0.00,0,0,0.00,0,0,"","",0.00,0.00,0.00,0.00,N,0.00,0.00,0.00,0,"FD","",0,"",120.00,1.000,"","",N,0.000,0.00,0.00,0.00,0.00,0.00,0.00,0.00,0.00,0.00,0.00,0.00,0.00,0.00,0.00,0.00,0.00,0.00,0.00,0.00,0.00,0.00,0.00,0.00,0.00,0.00,0.00,0.00,0.00,0.00,0,0.00,"",0.00,0.00,N,N,N,0.00,0.00,0.00,0,0.00,"",0.00,0.00,0.00,0.00,0.00,0,"",0.00,0.00,"","",0.00,0.00,0.00,0.00,0.00,0.00,0.00,0.00,0.00,0,"","",N,0.00
6,"39","S","01466831000116",0,10741,"20250805","MT","1","NF",55,1.00,120.00,0.00,0.00,0.00,0.00,0.00,"5405","500",N,1,1,1,0.00,0.00,0.00,0.00,0.00,0.00,0.00,0.00,0.00,0.00,0.00,"",0.00,0.00,0.00,0,0,0.00,0,0,"","",0.00,0.00,0.00,0.00,N,0.00,0.00,0.00,0,"FD","",0,"",120.00,1.000,"","",N,0.000,0.00,0.00,0.00,0.00,0.00,0.00,0.00,0.00,0.00,0.00,0.00,0.00,0.00,0.00,0.00,0.00,0.00,0.00,0.00,0.00,0.00,0.00,0.00,0.00,0.00,0.00,0.00,0.00,0.00,0,0.00,"",0.00,0.00,N,N,N,0.00,0.00,0.00,0,0.00,"",0.00,0.00,0.00,0.00,0.00,0,"",0.00,0.00,"","",0.00,0.00,0.00,0.00,0.00,0.00,0.00,0.00,0.00,0,"","",N,0.00
1,"29","S","93209765054047",0,10742,"20250805","MT","1","NF",55,3000.00,2310.00,0.00,0.00,0.00,0.00,0.00,"5401","500",N,1,1,1,0.00,0.00,0.00,0.00,0.00,0.00,0.00,0.00,0.00,0.00,0.00,"",0.00,0.00,0.00,0,0,0.00,0,0,"","",0.00,0.00,0.00,0.00,N,0.00,0.00,0.00,0,"UNI","",0,"",0.77,3000.000,"","",N,0.000,0.00,0.00,0.00,0.00,0.00,0.00,0.00,0.00,0.00,0.00,0.00,0.00,0.00,0.00,0.00,0.00,0.00,0.00,0.00,0.00,0.00,0.00,0.00,0.00,0.00,0.00,0.00,0.00,0.00,0,0.00,"",0.00,0.00,N,N,N,0.00,0.00,0.00,0,0.00,"",0.00,0.00,0.00,0.00,0.00,0,"",0.00,0.00,"","",0.00,0.00,0.00,0.00,0.00,0.00,0.00,0.00,0.00,0,"","",N,0.00
1,"108","S","93209765054047",0,10743,"20250805","MT","1","NF",55,100.00,2700.00,0.00,0.00,0.00,0.00,0.00,"5401","500",N,1,1,1,0.00,0.00,0.00,0.00,0.00,0.00,0.00,0.00,0.00,0.00,0.00,"",0.00,0.00,0.00,0,0,0.00,0,0,"","",0.00,0.00,0.00,0.00,N,0.00,0.00,0.00,0,"KG","",0,"",27.00,100.000,"","",N,0.000,0.00,0.00,0.00,0.00,0.00,0.00,0.00,0.00,0.00,0.00,0.00,0.00,0.00,0.00,0.00,0.00,0.00,0.00,0.00,0.00,0.00,0.00,0.00,0.00,0.00,0.00,0.00,0.00,0.00,0,0.00,"",0.00,0.00,N,N,N,0.00,0.00,0.00,0,0.00,"",0.00,0.00,0.00,0.00,0.00,0,"",0.00,0.00,"","",0.00,0.00,0.00,0.00,0.00,0.00,0.00,0.00,0.00,0,"","",N,0.00
1,"6","S","13679391000164",0,10746,"20250806","MT","1","NF",55,1.00,141.75,0.00,0.00,0.00,0.00,0.00,"5405","500",N,1,1,1,0.00,0.00,0.00,0.00,0.00,0.00,0.00,0.00,0.00,0.00,0.00,"",0.00,0.00,0.00,0,0,0.00,0,0,"","",0.00,0.00,0.00,0.00,N,0.00,0.00,0.00,0,"FD","",0,"",141.75,1.000,"","",N,0.000,0.00,0.00,0.00,0.00,0.00,0.00,0.00,0.00,0.00,0.00,0.00,0.00,0.00,0.00,0.00,0.00,0.00,0.00,0.00,0.00,0.00,0.00,0.00,0.00,0.00,0.00,0.00,0.00,0.00,0,0.00,"",0.00,0.00,N,N,N,0.00,0.00,0.00,0,0.00,"",0.00,0.00,0.00,0.00,0.00,0,"",0.00,0.00,"","",0.00,0.00,0.00,0.00,0.00,0.00,0.00,0.00,0.00,0,"","",N,0.00
2,"7","S","13679391000164",0,10746,"20250806","MT","1","NF",55,1.00,159.00,0.00,0.00,0.00,0.00,0.00,"5405","500",N,1,1,1,0.00,0.00,0.00,0.00,0.00,0.00,0.00,0.00,0.00,0.00,0.00,"",0.00,0.00,0.00,0,0,0.00,0,0,"","",0.00,0.00,0.00,0.00,N,0.00,0.00,0.00,0,"FD","",0,"",159.00,1.000,"","",N,0.000,0.00,0.00,0.00,0.00,0.00,0.00,0.00,0.00,0.00,0.00,0.00,0.00,0.00,0.00,0.00,0.00,0.00,0.00,0.00,0.00,0.00,0.00,0.00,0.00,0.00,0.00,0.00,0.00,0.00,0,0.00,"",0.00,0.00,N,N,N,0.00,0.00,0.00,0,0.00,"",0.00,0.00,0.00,0.00,0.00,0,"",0.00,0.00,"","",0.00,0.00,0.00,0.00,0.00,0.00,0.00,0.00,0.00,0,"","",N,0.00
3,"8","S","13679391000164",0,10746,"20250806","MT","1","NF",55,1.00,159.00,0.00,0.00,0.00,0.00,0.00,"5405","500",N,1,1,1,0.00,0.00,0.00,0.00,0.00,0.00,0.00,0.00,0.00,0.00,0.00,"",0.00,0.00,0.00,0,0,0.00,0,0,"","",0.00,0.00,0.00,0.00,N,0.00,0.00,0.00,0,"FD","",0,"",159.00,1.000,"","",N,0.000,0.00,0.00,0.00,0.00,0.00,0.00,0.00,0.00,0.00,0.00,0.00,0.00,0.00,0.00,0.00,0.00,0.00,0.00,0.00,0.00,0.00,0.00,0.00,0.00,0.00,0.00,0.00,0.00,0.00,0,0.00,"",0.00,0.00,N,N,N,0.00,0.00,0.00,0,0.00,"",0.00,0.00,0.00,0.00,0.00,0,"",0.00,0.00,"","",0.00,0.00,0.00,0.00,0.00,0.00,0.00,0.00,0.00,0,"","",N,0.00
4,"9","S","13679391000164",0,10746,"20250806","MT","1","NF",55,1.00,169.00,0.00,0.00,0.00,0.00,0.00,"5101","101",N,1,1,1,0.00,0.00,0.00,0.00,0.00,0.00,0.00,0.00,0.00,0.00,0.00,"",0.00,0.00,0.00,0,0,0.00,0,0,"","",0.00,0.00,0.00,0.00,N,0.00,0.00,0.00,0,"FD","",0,"",169.00,1.000,"","",N,0.000,0.00,0.00,0.00,0.00,0.00,0.00,0.00,0.00,0.00,0.00,0.00,0.00,0.00,0.00,0.00,0.00,0.00,0.00,0.00,0.00,0.00,0.00,0.00,0.00,0.00,0.00,0.00,0.00,0.00,0,0.00,"",0.00,0.00,N,N,N,0.00,0.00,0.00,0,0.00,"",0.00,0.00,0.00,0.00,0.00,0,"",0.00,0.00,"","",0.00,0.00,0.00,0.00,0.00,0.00,0.00,0.00,0.00,0,"","",N,0.00
5,"10","S","13679391000164",0,10746,"20250806","MT","1","NF",55,1.00,185.00,0.00,0.00,0.00,0.00,0.00,"5101","101",N,1,1,1,0.00,0.00,0.00,0.00,0.00,0.00,0.00,0.00,0.00,0.00,0.00,"",0.00,0.00,0.00,0,0,0.00,0,0,"","",0.00,0.00,0.00,0.00,N,0.00,0.00,0.00,0,"FD","",0,"",185.00,1.000,"","",N,0.000,0.00,0.00,0.00,0.00,0.00,0.00,0.00,0.00,0.00,0.00,0.00,0.00,0.00,0.00,0.00,0.00,0.00,0.00,0.00,0.00,0.00,0.00,0.00,0.00,0.00,0.00,0.00,0.00,0.00,0,0.00,"",0.00,0.00,N,N,N,0.00,0.00,0.00,0,0.00,"",0.00,0.00,0.00,0.00,0.00,0,"",0.00,0.00,"","",0.00,0.00,0.00,0.00,0.00,0.00,0.00,0.00,0.00,0,"","",N,0.00
1,"1","S","15452582000114",0,10744,"20250805","MT","1","NF",55,1.00,72.00,0.00,0.00,0.00,0.00,0.00,"5405","500",N,1,1,1,0.00,0.00,0.00,0.00,0.00,0.00,0.00,0.00,0.00,0.00,0.00,"",0.00,0.00,0.00,0,0,0.00,0,0,"","",0.00,0.00,0.00,0.00,N,0.00,0.00,0.00,0,"FD","",0,"",72.00,1.000,"","",N,0.000,0.00,0.00,0.00,0.00,0.00,0.00,0.00,0.00,0.00,0.00,0.00,0.00,0.00,0.00,0.00,0.00,0.00,0.00,0.00,0.00,0.00,0.00,0.00,0.00,0.00,0.00,0.00,0.00,0.00,0,0.00,"",0.00,0.00,N,N,N,0.00,0.00,0.00,0,0.00,"",0.00,0.00,0.00,0.00,0.00,0,"",0.00,0.00,"","",0.00,0.00,0.00,0.00,0.00,0.00,0.00,0.00,0.00,0,"","",N,0.00
2,"2","S","15452582000114",0,10744,"20250805","MT","1","NF",55,1.00,95.00,0.00,0.00,0.00,0.00,0.00,"5405","500",N,1,1,1,0.00,0.00,0.00,0.00,0.00,0.00,0.00,0.00,0.00,0.00,0.00,"",0.00,0.00,0.00,0,0,0.00,0,0,"","",0.00,0.00,0.00,0.00,N,0.00,0.00,0.00,0,"FD","",0,"",95.00,1.000,"","",N,0.000,0.00,0.00,0.00,0.00,0.00,0.00,0.00,0.00,0.00,0.00,0.00,0.00,0.00,0.00,0.00,0.00,0.00,0.00,0.00,0.00,0.00,0.00,0.00,0.00,0.00,0.00,0.00,0.00,0.00,0,0.00,"",0.00,0.00,N,N,N,0.00,0.00,0.00,0,0.00,"",0.00,0.00,0.00,0.00,0.00,0,"",0.00,0.00,"","",0.00,0.00,0.00,0.00,0.00,0.00,0.00,0.00,0.00,0,"","",N,0.00
3,"3","S","15452582000114",0,10744,"20250805","MT","1","NF",55,1.00,135.00,0.00,0.00,0.00,0.00,0.00,"5405","500",N,1,1,1,0.00,0.00,0.00,0.00,0.00,0.00,0.00,0.00,0.00,0.00,0.00,"",0.00,0.00,0.00,0,0,0.00,0,0,"","",0.00,0.00,0.00,0.00,N,0.00,0.00,0.00,0,"FD","",0,"",135.00,1.000,"","",N,0.000,0.00,0.00,0.00,0.00,0.00,0.00,0.00,0.00,0.00,0.00,0.00,0.00,0.00,0.00,0.00,0.00,0.00,0.00,0.00,0.00,0.00,0.00,0.00,0.00,0.00,0.00,0.00,0.00,0.00,0,0.00,"",0.00,0.00,N,N,N,0.00,0.00,0.00,0,0.00,"",0.00,0.00,0.00,0.00,0.00,0,"",0.00,0.00,"","",0.00,0.00,0.00,0.00,0.00,0.00,0.00,0.00,0.00,0,"","",N,0.00
1,"29","S","13679391000164",0,10747,"20250806","MT","1","NF",55,2000.00,1540.00,0.00,0.00,0.00,0.00,0.00,"5401","500",N,1,1,1,0.00,0.00,0.00,0.00,0.00,0.00,0.00,0.00,0.00,0.00,0.00,"",0.00,0.00,0.00,0,0,0.00,0,0,"","",0.00,0.00,0.00,0.00,N,0.00,0.00,0.00,0,"UNI","",0,"",0.77,2000.000,"","",N,0.000,0.00,0.00,0.00,0.00,0.00,0.00,0.00,0.00,0.00,0.00,0.00,0.00,0.00,0.00,0.00,0.00,0.00,0.00,0.00,0.00,0.00,0.00,0.00,0.00,0.00,0.00,0.00,0.00,0.00,0,0.00,"",0.00,0.00,N,N,N,0.00,0.00,0.00,0,0.00,"",0.00,0.00,0.00,0.00,0.00,0,"",0.00,0.00,"","",0.00,0.00,0.00,0.00,0.00,0.00,0.00,0.00,0.00,0,"","",N,0.00
1,"2","S","00968779000133",0,10745,"20250805","MT","1","NF",55,1.00,95.00,0.00,0.00,0.00,0.00,0.00,"5405","500",N,1,1,1,0.00,0.00,0.00,0.00,0.00,0.00,0.00,0.00,0.00,0.00,0.00,"",0.00,0.00,0.00,0,0,0.00,0,0,"","",0.00,0.00,0.00,0.00,N,0.00,0.00,0.00,0,"FD","",0,"",95.00,1.000,"","",N,0.000,0.00,0.00,0.00,0.00,0.00,0.00,0.00,0.00,0.00,0.00,0.00,0.00,0.00,0.00,0.00,0.00,0.00,0.00,0.00,0.00,0.00,0.00,0.00,0.00,0.00,0.00,0.00,0.00,0.00,0,0.00,"",0.00,0.00,N,N,N,0.00,0.00,0.00,0,0.00,"",0.00,0.00,0.00,0.00,0.00,0,"",0.00,0.00,"","",0.00,0.00,0.00,0.00,0.00,0.00,0.00,0.00,0.00,0,"","",N,0.00
2,"3","S","00968779000133",0,10745,"20250805","MT","1","NF",55,1.00,135.00,0.00,0.00,0.00,0.00,0.00,"5405","500",N,1,1,1,0.00,0.00,0.00,0.00,0.00,0.00,0.00,0.00,0.00,0.00,0.00,"",0.00,0.00,0.00,0,0,0.00,0,0,"","",0.00,0.00,0.00,0.00,N,0.00,0.00,0.00,0,"FD","",0,"",135.00,1.000,"","",N,0.000,0.00,0.00,0.00,0.00,0.00,0.00,0.00,0.00,0.00,0.00,0.00,0.00,0.00,0.00,0.00,0.00,0.00,0.00,0.00,0.00,0.00,0.00,0.00,0.00,0.00,0.00,0.00,0.00,0.00,0,0.00,"",0.00,0.00,N,N,N,0.00,0.00,0.00,0,0.00,"",0.00,0.00,0.00,0.00,0.00,0,"",0.00,0.00,"","",0.00,0.00,0.00,0.00,0.00,0.00,0.00,0.00,0.00,0,"","",N,0.00
3,"4","S","00968779000133",0,10745,"20250805","MT","1","NF",55,1.00,135.00,0.00,0.00,0.00,0.00,0.00,"5405","500",N,1,1,1,0.00,0.00,0.00,0.00,0.00,0.00,0.00,0.00,0.00,0.00,0.00,"",0.00,0.00,0.00,0,0,0.00,0,0,"","",0.00,0.00,0.00,0.00,N,0.00,0.00,0.00,0,"FD","",0,"",135.00,1.000,"","",N,0.000,0.00,0.00,0.00,0.00,0.00,0.00,0.00,0.00,0.00,0.00,0.00,0.00,0.00,0.00,0.00,0.00,0.00,0.00,0.00,0.00,0.00,0.00,0.00,0.00,0.00,0.00,0.00,0.00,0.00,0,0.00,"",0.00,0.00,N,N,N,0.00,0.00,0.00,0,0.00,"",0.00,0.00,0.00,0.00,0.00,0,"",0.00,0.00,"","",0.00,0.00,0.00,0.00,0.00,0.00,0.00,0.00,0.00,0,"","",N,0.00
4,"7","S","00968779000133",0,10745,"20250805","MT","1","NF",55,1.00,159.00,0.00,0.00,0.00,0.00,0.00,"5405","500",N,1,1,1,0.00,0.00,0.00,0.00,0.00,0.00,0.00,0.00,0.00,0.00,0.00,"",0.00,0.00,0.00,0,0,0.00,0,0,"","",0.00,0.00,0.00,0.00,N,0.00,0.00,0.00,0,"FD","",0,"",159.00,1.000,"","",N,0.000,0.00,0.00,0.00,0.00,0.00,0.00,0.00,0.00,0.00,0.00,0.00,0.00,0.00,0.00,0.00,0.00,0.00,0.00,0.00,0.00,0.00,0.00,0.00,0.00,0.00,0.00,0.00,0.00,0.00,0,0.00,"",0.00,0.00,N,N,N,0.00,0.00,0.00,0,0.00,"",0.00,0.00,0.00,0.00,0.00,0,"",0.00,0.00,"","",0.00,0.00,0.00,0.00,0.00,0.00,0.00,0.00,0.00,0,"","",N,0.00
5,"8","S","00968779000133",0,10745,"20250805","MT","1","NF",55,1.00,159.00,0.00,0.00,0.00,0.00,0.00,"5405","500",N,1,1,1,0.00,0.00,0.00,0.00,0.00,0.00,0.00,0.00,0.00,0.00,0.00,"",0.00,0.00,0.00,0,0,0.00,0,0,"","",0.00,0.00,0.00,0.00,N,0.00,0.00,0.00,0,"FD","",0,"",159.00,1.000,"","",N,0.000,0.00,0.00,0.00,0.00,0.00,0.00,0.00,0.00,0.00,0.00,0.00,0.00,0.00,0.00,0.00,0.00,0.00,0.00,0.00,0.00,0.00,0.00,0.00,0.00,0.00,0.00,0.00,0.00,0.00,0,0.00,"",0.00,0.00,N,N,N,0.00,0.00,0.00,0,0.00,"",0.00,0.00,0.00,0.00,0.00,0,"",0.00,0.00,"","",0.00,0.00,0.00,0.00,0.00,0.00,0.00,0.00,0.00,0,"","",N,0.00
6,"9","S","00968779000133",0,10745,"20250805","MT","1","NF",55,1.00,169.00,0.00,0.00,0.00,0.00,0.00,"5101","101",N,1,1,1,0.00,0.00,0.00,0.00,0.00,0.00,0.00,0.00,0.00,0.00,0.00,"",0.00,0.00,0.00,0,0,0.00,0,0,"","",0.00,0.00,0.00,0.00,N,0.00,0.00,0.00,0,"FD","",0,"",169.00,1.000,"","",N,0.000,0.00,0.00,0.00,0.00,0.00,0.00,0.00,0.00,0.00,0.00,0.00,0.00,0.00,0.00,0.00,0.00,0.00,0.00,0.00,0.00,0.00,0.00,0.00,0.00,0.00,0.00,0.00,0.00,0.00,0,0.00,"",0.00,0.00,N,N,N,0.00,0.00,0.00,0,0.00,"",0.00,0.00,0.00,0.00,0.00,0,"",0.00,0.00,"","",0.00,0.00,0.00,0.00,0.00,0.00,0.00,0.00,0.00,0,"","",N,0.00
7,"10","S","00968779000133",0,10745,"20250805","MT","1","NF",55,1.00,185.00,0.00,0.00,0.00,0.00,0.00,"5101","101",N,1,1,1,0.00,0.00,0.00,0.00,0.00,0.00,0.00,0.00,0.00,0.00,0.00,"",0.00,0.00,0.00,0,0,0.00,0,0,"","",0.00,0.00,0.00,0.00,N,0.00,0.00,0.00,0,"FD","",0,"",185.00,1.000,"","",N,0.000,0.00,0.00,0.00,0.00,0.00,0.00,0.00,0.00,0.00,0.00,0.00,0.00,0.00,0.00,0.00,0.00,0.00,0.00,0.00,0.00,0.00,0.00,0.00,0.00,0.00,0.00,0.00,0.00,0.00,0,0.00,"",0.00,0.00,N,N,N,0.00,0.00,0.00,0,0.00,"",0.00,0.00,0.00,0.00,0.00,0,"",0.00,0.00,"","",0.00,0.00,0.00,0.00,0.00,0.00,0.00,0.00,0.00,0,"","",N,0.00
8,"15","S","00968779000133",0,10745,"20250805","MT","1","NF",55,1.00,149.00,0.00,0.00,0.00,0.00,0.00,"5405","500",N,1,1,1,0.00,0.00,0.00,0.00,0.00,0.00,0.00,0.00,0.00,0.00,0.00,"",0.00,0.00,0.00,0,0,0.00,0,0,"","",0.00,0.00,0.00,0.00,N,0.00,0.00,0.00,0,"FD","",0,"",149.00,1.000,"","",N,0.000,0.00,0.00,0.00,0.00,0.00,0.00,0.00,0.00,0.00,0.00,0.00,0.00,0.00,0.00,0.00,0.00,0.00,0.00,0.00,0.00,0.00,0.00,0.00,0.00,0.00,0.00,0.00,0.00,0.00,0,0.00,"",0.00,0.00,N,N,N,0.00,0.00,0.00,0,0.00,"",0.00,0.00,0.00,0.00,0.00,0,"",0.00,0.00,"","",0.00,0.00,0.00,0.00,0.00,0.00,0.00,0.00,0.00,0,"","",N,0.00
9,"16","S","00968779000133",0,10745,"20250805","MT","1","NF",55,1.00,213.00,0.00,0.00,0.00,0.00,0.00,"5405","500",N,1,1,1,0.00,0.00,0.00,0.00,0.00,0.00,0.00,0.00,0.00,0.00,0.00,"",0.00,0.00,0.00,0,0,0.00,0,0,"","",0.00,0.00,0.00,0.00,N,0.00,0.00,0.00,0,"FD","",0,"",213.00,1.000,"","",N,0.000,0.00,0.00,0.00,0.00,0.00,0.00,0.00,0.00,0.00,0.00,0.00,0.00,0.00,0.00,0.00,0.00,0.00,0.00,0.00,0.00,0.00,0.00,0.00,0.00,0.00,0.00,0.00,0.00,0.00,0,0.00,"",0.00,0.00,N,N,N,0.00,0.00,0.00,0,0.00,"",0.00,0.00,0.00,0.00,0.00,0,"",0.00,0.00,"","",0.00,0.00,0.00,0.00,0.00,0.00,0.00,0.00,0.00,0,"","",N,0.00
1,"29","S","93209765055108",0,10748,"20250806","MT","1","NF",55,2000.00,1540.00,0.00,0.00,0.00,0.00,0.00,"5401","500",N,1,1,1,0.00,0.00,0.00,0.00,0.00,0.00,0.00,0.00,0.00,0.00,0.00,"",0.00,0.00,0.00,0,0,0.00,0,0,"","",0.00,0.00,0.00,0.00,N,0.00,0.00,0.00,0,"UNI","",0,"",0.77,2000.000,"","",N,0.000,0.00,0.00,0.00,0.00,0.00,0.00,0.00,0.00,0.00,0.00,0.00,0.00,0.00,0.00,0.00,0.00,0.00,0.00,0.00,0.00,0.00,0.00,0.00,0.00,0.00,0.00,0.00,0.00,0.00,0,0.00,"",0.00,0.00,N,N,N,0.00,0.00,0.00,0,0.00,"",0.00,0.00,0.00,0.00,0.00,0,"",0.00,0.00,"","",0.00,0.00,0.00,0.00,0.00,0.00,0.00,0.00,0.00,0,"","",N,0.00
1,"32","S","93209765053822",0,10751,"20250806","MT","1","NF",55,50.00,1350.00,0.00,0.00,0.00,0.00,0.00,"5401","500",N,1,1,1,0.00,0.00,0.00,0.00,0.00,0.00,0.00,0.00,0.00,0.00,0.00,"",0.00,0.00,0.00,0,0,0.00,0,0,"","",0.00,0.00,0.00,0.00,N,0.00,0.00,0.00,0,"KG","",0,"",27.00,50.000,"","",N,0.000,0.00,0.00,0.00,0.00,0.00,0.00,0.00,0.00,0.00,0.00,0.00,0.00,0.00,0.00,0.00,0.00,0.00,0.00,0.00,0.00,0.00,0.00,0.00,0.00,0.00,0.00,0.00,0.00,0.00,0,0.00,"",0.00,0.00,N,N,N,0.00,0.00,0.00,0,0.00,"",0.00,0.00,0.00,0.00,0.00,0,"",0.00,0.00,"","",0.00,0.00,0.00,0.00,0.00,0.00,0.00,0.00,0.00,0,"","",N,0.00
1,"33","S","93209765055108",0,10749,"20250806","MT","1","NF",55,20.00,540.00,0.00,0.00,0.00,0.00,0.00,"5401","500",N,1,1,1,0.00,0.00,0.00,0.00,0.00,0.00,0.00,0.00,0.00,0.00,0.00,"",0.00,0.00,0.00,0,0,0.00,0,0,"","",0.00,0.00,0.00,0.00,N,0.00,0.00,0.00,0,"KG","",0,"",27.00,20.000,"","",N,0.000,0.00,0.00,0.00,0.00,0.00,0.00,0.00,0.00,0.00,0.00,0.00,0.00,0.00,0.00,0.00,0.00,0.00,0.00,0.00,0.00,0.00,0.00,0.00,0.00,0.00,0.00,0.00,0.00,0.00,0,0.00,"",0.00,0.00,N,N,N,0.00,0.00,0.00,0,0.00,"",0.00,0.00,0.00,0.00,0.00,0,"",0.00,0.00,"","",0.00,0.00,0.00,0.00,0.00,0.00,0.00,0.00,0.00,0,"","",N,0.00
1,"29","S","93209765053822",0,10750,"20250806","MT","1","NF",55,1500.00,1155.00,0.00,0.00,0.00,0.00,0.00,"5401","500",N,1,1,1,0.00,0.00,0.00,0.00,0.00,0.00,0.00,0.00,0.00,0.00,0.00,"",0.00,0.00,0.00,0,0,0.00,0,0,"","",0.00,0.00,0.00,0.00,N,0.00,0.00,0.00,0,"UNI","",0,"",0.77,1500.000,"","",N,0.000,0.00,0.00,0.00,0.00,0.00,0.00,0.00,0.00,0.00,0.00,0.00,0.00,0.00,0.00,0.00,0.00,0.00,0.00,0.00,0.00,0.00,0.00,0.00,0.00,0.00,0.00,0.00,0.00,0.00,0,0.00,"",0.00,0.00,N,N,N,0.00,0.00,0.00,0,0.00,"",0.00,0.00,0.00,0.00,0.00,0,"",0.00,0.00,"","",0.00,0.00,0.00,0.00,0.00,0.00,0.00,0.00,0.00,0,"","",N,0.00
1,"167","S","93209765053822",0,10752,"20250806","MT","1","NF",55,24.00,648.00,0.00,0.00,0.00,0.00,0.00,"5401","500",N,1,1,1,0.00,0.00,0.00,0.00,0.00,0.00,0.00,0.00,0.00,0.00,0.00,"",0.00,0.00,0.00,0,0,0.00,0,0,"","",0.00,0.00,0.00,0.00,N,0.00,0.00,0.00,0,"KG","",0,"",27.00,24.000,"","",N,0.000,0.00,0.00,0.00,0.00,0.00,0.00,0.00,0.00,0.00,0.00,0.00,0.00,0.00,0.00,0.00,0.00,0.00,0.00,0.00,0.00,0.00,0.00,0.00,0.00,0.00,0.00,0.00,0.00,0.00,0,0.00,"",0.00,0.00,N,N,N,0.00,0.00,0.00,0,0.00,"",0.00,0.00,0.00,0.00,0.00,0,"",0.00,0.00,"","",0.00,0.00,0.00,0.00,0.00,0.00,0.00,0.00,0.00,0,"","",N,0.00
1,"3","S","02807661000310",0,10753,"20250807","MT","1","NF",55,1.00,135.00,0.00,0.00,0.00,0.00,0.00,"5405","500",N,1,1,1,0.00,0.00,0.00,0.00,0.00,0.00,0.00,0.00,0.00,0.00,0.00,"",0.00,0.00,0.00,0,0,0.00,0,0,"","",0.00,0.00,0.00,0.00,N,0.00,0.00,0.00,0,"FD","",0,"",135.00,1.000,"","",N,0.000,0.00,0.00,0.00,0.00,0.00,0.00,0.00,0.00,0.00,0.00,0.00,0.00,0.00,0.00,0.00,0.00,0.00,0.00,0.00,0.00,0.00,0.00,0.00,0.00,0.00,0.00,0.00,0.00,0.00,0,0.00,"",0.00,0.00,N,N,N,0.00,0.00,0.00,0,0.00,"",0.00,0.00,0.00,0.00,0.00,0,"",0.00,0.00,"","",0.00,0.00,0.00,0.00,0.00,0.00,0.00,0.00,0.00,0,"","",N,0.00
2,"4","S","02807661000310",0,10753,"20250807","MT","1","NF",55,1.00,135.00,0.00,0.00,0.00,0.00,0.00,"5405","500",N,1,1,1,0.00,0.00,0.00,0.00,0.00,0.00,0.00,0.00,0.00,0.00,0.00,"",0.00,0.00,0.00,0,0,0.00,0,0,"","",0.00,0.00,0.00,0.00,N,0.00,0.00,0.00,0,"FD","",0,"",135.00,1.000,"","",N,0.000,0.00,0.00,0.00,0.00,0.00,0.00,0.00,0.00,0.00,0.00,0.00,0.00,0.00,0.00,0.00,0.00,0.00,0.00,0.00,0.00,0.00,0.00,0.00,0.00,0.00,0.00,0.00,0.00,0.00,0,0.00,"",0.00,0.00,N,N,N,0.00,0.00,0.00,0,0.00,"",0.00,0.00,0.00,0.00,0.00,0,"",0.00,0.00,"","",0.00,0.00,0.00,0.00,0.00,0.00,0.00,0.00,0.00,0,"","",N,0.00
3,"8","S","02807661000310",0,10753,"20250807","MT","1","NF",55,1.00,159.00,0.00,0.00,0.00,0.00,0.00,"5405","500",N,1,1,1,0.00,0.00,0.00,0.00,0.00,0.00,0.00,0.00,0.00,0.00,0.00,"",0.00,0.00,0.00,0,0,0.00,0,0,"","",0.00,0.00,0.00,0.00,N,0.00,0.00,0.00,0,"FD","",0,"",159.00,1.000,"","",N,0.000,0.00,0.00,0.00,0.00,0.00,0.00,0.00,0.00,0.00,0.00,0.00,0.00,0.00,0.00,0.00,0.00,0.00,0.00,0.00,0.00,0.00,0.00,0.00,0.00,0.00,0.00,0.00,0.00,0.00,0,0.00,"",0.00,0.00,N,N,N,0.00,0.00,0.00,0,0.00,"",0.00,0.00,0.00,0.00,0.00,0,"",0.00,0.00,"","",0.00,0.00,0.00,0.00,0.00,0.00,0.00,0.00,0.00,0,"","",N,0.00
4,"20","S","02807661000310",0,10753,"20250807","MT","1","NF",55,1.00,99.00,0.00,0.00,0.00,0.00,0.00,"5405","500",N,1,1,1,0.00,0.00,0.00,0.00,0.00,0.00,0.00,0.00,0.00,0.00,0.00,"",0.00,0.00,0.00,0,0,0.00,0,0,"","",0.00,0.00,0.00,0.00,N,0.00,0.00,0.00,0,"FD","",0,"",99.00,1.000,"","",N,0.000,0.00,0.00,0.00,0.00,0.00,0.00,0.00,0.00,0.00,0.00,0.00,0.00,0.00,0.00,0.00,0.00,0.00,0.00,0.00,0.00,0.00,0.00,0.00,0.00,0.00,0.00,0.00,0.00,0.00,0,0.00,"",0.00,0.00,N,N,N,0.00,0.00,0.00,0,0.00,"",0.00,0.00,0.00,0.00,0.00,0,"",0.00,0.00,"","",0.00,0.00,0.00,0.00,0.00,0.00,0.00,0.00,0.00,0,"","",N,0.00
5,"21","S","02807661000310",0,10753,"20250807","MT","1","NF",55,1.00,120.00,0.00,0.00,0.00,0.00,0.00,"5405","500",N,1,1,1,0.00,0.00,0.00,0.00,0.00,0.00,0.00,0.00,0.00,0.00,0.00,"",0.00,0.00,0.00,0,0,0.00,0,0,"","",0.00,0.00,0.00,0.00,N,0.00,0.00,0.00,0,"FD","",0,"",120.00,1.000,"","",N,0.000,0.00,0.00,0.00,0.00,0.00,0.00,0.00,0.00,0.00,0.00,0.00,0.00,0.00,0.00,0.00,0.00,0.00,0.00,0.00,0.00,0.00,0.00,0.00,0.00,0.00,0.00,0.00,0.00,0.00,0,0.00,"",0.00,0.00,N,N,N,0.00,0.00,0.00,0,0.00,"",0.00,0.00,0.00,0.00,0.00,0,"",0.00,0.00,"","",0.00,0.00,0.00,0.00,0.00,0.00,0.00,0.00,0.00,0,"","",N,0.00
6,"39","S","02807661000310",0,10753,"20250807","MT","1","NF",55,1.00,120.00,0.00,0.00,0.00,0.00,0.00,"5405","500",N,1,1,1,0.00,0.00,0.00,0.00,0.00,0.00,0.00,0.00,0.00,0.00,0.00,"",0.00,0.00,0.00,0,0,0.00,0,0,"","",0.00,0.00,0.00,0.00,N,0.00,0.00,0.00,0,"FD","",0,"",120.00,1.000,"","",N,0.000,0.00,0.00,0.00,0.00,0.00,0.00,0.00,0.00,0.00,0.00,0.00,0.00,0.00,0.00,0.00,0.00,0.00,0.00,0.00,0.00,0.00,0.00,0.00,0.00,0.00,0.00,0.00,0.00,0.00,0,0.00,"",0.00,0.00,N,N,N,0.00,0.00,0.00,0,0.00,"",0.00,0.00,0.00,0.00,0.00,0,"",0.00,0.00,"","",0.00,0.00,0.00,0.00,0.00,0.00,0.00,0.00,0.00,0,"","",N,0.00
1,"2","S","02807661000230",0,10754,"20250807","MT","1","NF",55,1.00,95.00,0.00,0.00,0.00,0.00,0.00,"5405","500",N,1,1,1,0.00,0.00,0.00,0.00,0.00,0.00,0.00,0.00,0.00,0.00,0.00,"",0.00,0.00,0.00,0,0,0.00,0,0,"","",0.00,0.00,0.00,0.00,N,0.00,0.00,0.00,0,"FD","",0,"",95.00,1.000,"","",N,0.000,0.00,0.00,0.00,0.00,0.00,0.00,0.00,0.00,0.00,0.00,0.00,0.00,0.00,0.00,0.00,0.00,0.00,0.00,0.00,0.00,0.00,0.00,0.00,0.00,0.00,0.00,0.00,0.00,0.00,0,0.00,"",0.00,0.00,N,N,N,0.00,0.00,0.00,0,0.00,"",0.00,0.00,0.00,0.00,0.00,0,"",0.00,0.00,"","",0.00,0.00,0.00,0.00,0.00,0.00,0.00,0.00,0.00,0,"","",N,0.00
2,"3","S","02807661000230",0,10754,"20250807","MT","1","NF",55,1.00,135.00,0.00,0.00,0.00,0.00,0.00,"5405","500",N,1,1,1,0.00,0.00,0.00,0.00,0.00,0.00,0.00,0.00,0.00,0.00,0.00,"",0.00,0.00,0.00,0,0,0.00,0,0,"","",0.00,0.00,0.00,0.00,N,0.00,0.00,0.00,0,"FD","",0,"",135.00,1.000,"","",N,0.000,0.00,0.00,0.00,0.00,0.00,0.00,0.00,0.00,0.00,0.00,0.00,0.00,0.00,0.00,0.00,0.00,0.00,0.00,0.00,0.00,0.00,0.00,0.00,0.00,0.00,0.00,0.00,0.00,0.00,0,0.00,"",0.00,0.00,N,N,N,0.00,0.00,0.00,0,0.00,"",0.00,0.00,0.00,0.00,0.00,0,"",0.00,0.00,"","",0.00,0.00,0.00,0.00,0.00,0.00,0.00,0.00,0.00,0,"","",N,0.00
3,"4","S","02807661000230",0,10754,"20250807","MT","1","NF",55,1.00,135.00,0.00,0.00,0.00,0.00,0.00,"5405","500",N,1,1,1,0.00,0.00,0.00,0.00,0.00,0.00,0.00,0.00,0.00,0.00,0.00,"",0.00,0.00,0.00,0,0,0.00,0,0,"","",0.00,0.00,0.00,0.00,N,0.00,0.00,0.00,0,"FD","",0,"",135.00,1.000,"","",N,0.000,0.00,0.00,0.00,0.00,0.00,0.00,0.00,0.00,0.00,0.00,0.00,0.00,0.00,0.00,0.00,0.00,0.00,0.00,0.00,0.00,0.00,0.00,0.00,0.00,0.00,0.00,0.00,0.00,0.00,0,0.00,"",0.00,0.00,N,N,N,0.00,0.00,0.00,0,0.00,"",0.00,0.00,0.00,0.00,0.00,0,"",0.00,0.00,"","",0.00,0.00,0.00,0.00,0.00,0.00,0.00,0.00,0.00,0,"","",N,0.00
1,"1","S","26473974000186",0,10755,"20250807","MT","1","NF",55,1.00,72.00,0.00,0.00,0.00,0.00,0.00,"5405","500",N,1,1,1,0.00,0.00,0.00,0.00,0.00,0.00,0.00,0.00,0.00,0.00,0.00,"",0.00,0.00,0.00,0,0,0.00,0,0,"","",0.00,0.00,0.00,0.00,N,0.00,0.00,0.00,0,"FD","",0,"",72.00,1.000,"","",N,0.000,0.00,0.00,0.00,0.00,0.00,0.00,0.00,0.00,0.00,0.00,0.00,0.00,0.00,0.00,0.00,0.00,0.00,0.00,0.00,0.00,0.00,0.00,0.00,0.00,0.00,0.00,0.00,0.00,0.00,0,0.00,"",0.00,0.00,N,N,N,0.00,0.00,0.00,0,0.00,"",0.00,0.00,0.00,0.00,0.00,0,"",0.00,0.00,"","",0.00,0.00,0.00,0.00,0.00,0.00,0.00,0.00,0.00,0,"","",N,0.00
2,"3","S","26473974000186",0,10755,"20250807","MT","1","NF",55,1.00,135.00,0.00,0.00,0.00,0.00,0.00,"5405","500",N,1,1,1,0.00,0.00,0.00,0.00,0.00,0.00,0.00,0.00,0.00,0.00,0.00,"",0.00,0.00,0.00,0,0,0.00,0,0,"","",0.00,0.00,0.00,0.00,N,0.00,0.00,0.00,0,"FD","",0,"",135.00,1.000,"","",N,0.000,0.00,0.00,0.00,0.00,0.00,0.00,0.00,0.00,0.00,0.00,0.00,0.00,0.00,0.00,0.00,0.00,0.00,0.00,0.00,0.00,0.00,0.00,0.00,0.00,0.00,0.00,0.00,0.00,0.00,0,0.00,"",0.00,0.00,N,N,N,0.00,0.00,0.00,0,0.00,"",0.00,0.00,0.00,0.00,0.00,0,"",0.00,0.00,"","",0.00,0.00,0.00,0.00,0.00,0.00,0.00,0.00,0.00,0,"","",N,0.00
3,"4","S","26473974000186",0,10755,"20250807","MT","1","NF",55,1.00,135.00,0.00,0.00,0.00,0.00,0.00,"5405","500",N,1,1,1,0.00,0.00,0.00,0.00,0.00,0.00,0.00,0.00,0.00,0.00,0.00,"",0.00,0.00,0.00,0,0,0.00,0,0,"","",0.00,0.00,0.00,0.00,N,0.00,0.00,0.00,0,"FD","",0,"",135.00,1.000,"","",N,0.000,0.00,0.00,0.00,0.00,0.00,0.00,0.00,0.00,0.00,0.00,0.00,0.00,0.00,0.00,0.00,0.00,0.00,0.00,0.00,0.00,0.00,0.00,0.00,0.00,0.00,0.00,0.00,0.00,0.00,0,0.00,"",0.00,0.00,N,N,N,0.00,0.00,0.00,0,0.00,"",0.00,0.00,0.00,0.00,0.00,0,"",0.00,0.00,"","",0.00,0.00,0.00,0.00,0.00,0.00,0.00,0.00,0.00,0,"","",N,0.00
4,"9","S","26473974000186",0,10755,"20250807","MT","1","NF",55,1.00,169.00,0.00,0.00,0.00,0.00,0.00,"5101","101",N,1,1,1,0.00,0.00,0.00,0.00,0.00,0.00,0.00,0.00,0.00,0.00,0.00,"",0.00,0.00,0.00,0,0,0.00,0,0,"","",0.00,0.00,0.00,0.00,N,0.00,0.00,0.00,0,"FD","",0,"",169.00,1.000,"","",N,0.000,0.00,0.00,0.00,0.00,0.00,0.00,0.00,0.00,0.00,0.00,0.00,0.00,0.00,0.00,0.00,0.00,0.00,0.00,0.00,0.00,0.00,0.00,0.00,0.00,0.00,0.00,0.00,0.00,0.00,0,0.00,"",0.00,0.00,N,N,N,0.00,0.00,0.00,0,0.00,"",0.00,0.00,0.00,0.00,0.00,0,"",0.00,0.00,"","",0.00,0.00,0.00,0.00,0.00,0.00,0.00,0.00,0.00,0,"","",N,0.00
5,"10","S","26473974000186",0,10755,"20250807","MT","1","NF",55,1.00,185.00,0.00,0.00,0.00,0.00,0.00,"5101","101",N,1,1,1,0.00,0.00,0.00,0.00,0.00,0.00,0.00,0.00,0.00,0.00,0.00,"",0.00,0.00,0.00,0,0,0.00,0,0,"","",0.00,0.00,0.00,0.00,N,0.00,0.00,0.00,0,"FD","",0,"",185.00,1.000,"","",N,0.000,0.00,0.00,0.00,0.00,0.00,0.00,0.00,0.00,0.00,0.00,0.00,0.00,0.00,0.00,0.00,0.00,0.00,0.00,0.00,0.00,0.00,0.00,0.00,0.00,0.00,0.00,0.00,0.00,0.00,0,0.00,"",0.00,0.00,N,N,N,0.00,0.00,0.00,0,0.00,"",0.00,0.00,0.00,0.00,0.00,0,"",0.00,0.00,"","",0.00,0.00,0.00,0.00,0.00,0.00,0.00,0.00,0.00,0,"","",N,0.00
6,"38","S","26473974000186",0,10755,"20250807","MT","1","NF",55,1.00,120.00,0.00,0.00,0.00,0.00,0.00,"5405","500",N,1,1,1,0.00,0.00,0.00,0.00,0.00,0.00,0.00,0.00,0.00,0.00,0.00,"",0.00,0.00,0.00,0,0,0.00,0,0,"","",0.00,0.00,0.00,0.00,N,0.00,0.00,0.00,0,"FD","",0,"",120.00,1.000,"","",N,0.000,0.00,0.00,0.00,0.00,0.00,0.00,0.00,0.00,0.00,0.00,0.00,0.00,0.00,0.00,0.00,0.00,0.00,0.00,0.00,0.00,0.00,0.00,0.00,0.00,0.00,0.00,0.00,0.00,0.00,0,0.00,"",0.00,0.00,N,N,N,0.00,0.00,0.00,0,0.00,"",0.00,0.00,0.00,0.00,0.00,0,"",0.00,0.00,"","",0.00,0.00,0.00,0.00,0.00,0.00,0.00,0.00,0.00,0,"","",N,0.00
7,"39","S","26473974000186",0,10755,"20250807","MT","1","NF",55,1.00,120.00,0.00,0.00,0.00,0.00,0.00,"5405","500",N,1,1,1,0.00,0.00,0.00,0.00,0.00,0.00,0.00,0.00,0.00,0.00,0.00,"",0.00,0.00,0.00,0,0,0.00,0,0,"","",0.00,0.00,0.00,0.00,N,0.00,0.00,0.00,0,"FD","",0,"",120.00,1.000,"","",N,0.000,0.00,0.00,0.00,0.00,0.00,0.00,0.00,0.00,0.00,0.00,0.00,0.00,0.00,0.00,0.00,0.00,0.00,0.00,0.00,0.00,0.00,0.00,0.00,0.00,0.00,0.00,0.00,0.00,0.00,0,0.00,"",0.00,0.00,N,N,N,0.00,0.00,0.00,0,0.00,"",0.00,0.00,0.00,0.00,0.00,0,"",0.00,0.00,"","",0.00,0.00,0.00,0.00,0.00,0.00,0.00,0.00,0.00,0,"","",N,0.00
1,"3","S","08800033000128",0,10756,"20250807","MT","1","NF",55,1.00,135.00,0.00,0.00,0.00,0.00,0.00,"5405","500",N,1,1,1,0.00,0.00,0.00,0.00,0.00,0.00,0.00,0.00,0.00,0.00,0.00,"",0.00,0.00,0.00,0,0,0.00,0,0,"","",0.00,0.00,0.00,0.00,N,0.00,0.00,0.00,0,"FD","",0,"",135.00,1.000,"","",N,0.000,0.00,0.00,0.00,0.00,0.00,0.00,0.00,0.00,0.00,0.00,0.00,0.00,0.00,0.00,0.00,0.00,0.00,0.00,0.00,0.00,0.00,0.00,0.00,0.00,0.00,0.00,0.00,0.00,0.00,0,0.00,"",0.00,0.00,N,N,N,0.00,0.00,0.00,0,0.00,"",0.00,0.00,0.00,0.00,0.00,0,"",0.00,0.00,"","",0.00,0.00,0.00,0.00,0.00,0.00,0.00,0.00,0.00,0,"","",N,0.00
2,"7","S","08800033000128",0,10756,"20250807","MT","1","NF",55,1.00,159.00,0.00,0.00,0.00,0.00,0.00,"5405","500",N,1,1,1,0.00,0.00,0.00,0.00,0.00,0.00,0.00,0.00,0.00,0.00,0.00,"",0.00,0.00,0.00,0,0,0.00,0,0,"","",0.00,0.00,0.00,0.00,N,0.00,0.00,0.00,0,"FD","",0,"",159.00,1.000,"","",N,0.000,0.00,0.00,0.00,0.00,0.00,0.00,0.00,0.00,0.00,0.00,0.00,0.00,0.00,0.00,0.00,0.00,0.00,0.00,0.00,0.00,0.00,0.00,0.00,0.00,0.00,0.00,0.00,0.00,0.00,0,0.00,"",0.00,0.00,N,N,N,0.00,0.00,0.00,0,0.00,"",0.00,0.00,0.00,0.00,0.00,0,"",0.00,0.00,"","",0.00,0.00,0.00,0.00,0.00,0.00,0.00,0.00,0.00,0,"","",N,0.00
3,"8","S","08800033000128",0,10756,"20250807","MT","1","NF",55,1.00,159.00,0.00,0.00,0.00,0.00,0.00,"5405","500",N,1,1,1,0.00,0.00,0.00,0.00,0.00,0.00,0.00,0.00,0.00,0.00,0.00,"",0.00,0.00,0.00,0,0,0.00,0,0,"","",0.00,0.00,0.00,0.00,N,0.00,0.00,0.00,0,"FD","",0,"",159.00,1.000,"","",N,0.000,0.00,0.00,0.00,0.00,0.00,0.00,0.00,0.00,0.00,0.00,0.00,0.00,0.00,0.00,0.00,0.00,0.00,0.00,0.00,0.00,0.00,0.00,0.00,0.00,0.00,0.00,0.00,0.00,0.00,0,0.00,"",0.00,0.00,N,N,N,0.00,0.00,0.00,0,0.00,"",0.00,0.00,0.00,0.00,0.00,0,"",0.00,0.00,"","",0.00,0.00,0.00,0.00,0.00,0.00,0.00,0.00,0.00,0,"","",N,0.00
4,"16","S","08800033000128",0,10756,"20250807","MT","1","NF",55,1.00,213.00,0.00,0.00,0.00,0.00,0.00,"5405","500",N,1,1,1,0.00,0.00,0.00,0.00,0.00,0.00,0.00,0.00,0.00,0.00,0.00,"",0.00,0.00,0.00,0,0,0.00,0,0,"","",0.00,0.00,0.00,0.00,N,0.00,0.00,0.00,0,"FD","",0,"",213.00,1.000,"","",N,0.000,0.00,0.00,0.00,0.00,0.00,0.00,0.00,0.00,0.00,0.00,0.00,0.00,0.00,0.00,0.00,0.00,0.00,0.00,0.00,0.00,0.00,0.00,0.00,0.00,0.00,0.00,0.00,0.00,0.00,0,0.00,"",0.00,0.00,N,N,N,0.00,0.00,0.00,0,0.00,"",0.00,0.00,0.00,0.00,0.00,0,"",0.00,0.00,"","",0.00,0.00,0.00,0.00,0.00,0.00,0.00,0.00,0.00,0,"","",N,0.00
5,"37","S","08800033000128",0,10756,"20250807","MT","1","NF",55,1.00,99.00,0.00,0.00,0.00,0.00,0.00,"5405","500",N,1,1,1,0.00,0.00,0.00,0.00,0.00,0.00,0.00,0.00,0.00,0.00,0.00,"",0.00,0.00,0.00,0,0,0.00,0,0,"","",0.00,0.00,0.00,0.00,N,0.00,0.00,0.00,0,"FD","",0,"",99.00,1.000,"","",N,0.000,0.00,0.00,0.00,0.00,0.00,0.00,0.00,0.00,0.00,0.00,0.00,0.00,0.00,0.00,0.00,0.00,0.00,0.00,0.00,0.00,0.00,0.00,0.00,0.00,0.00,0.00,0.00,0.00,0.00,0,0.00,"",0.00,0.00,N,N,N,0.00,0.00,0.00,0,0.00,"",0.00,0.00,0.00,0.00,0.00,0,"",0.00,0.00,"","",0.00,0.00,0.00,0.00,0.00,0.00,0.00,0.00,0.00,0,"","",N,0.00
6,"38","S","08800033000128",0,10756,"20250807","MT","1","NF",55,1.00,120.00,0.00,0.00,0.00,0.00,0.00,"5405","500",N,1,1,1,0.00,0.00,0.00,0.00,0.00,0.00,0.00,0.00,0.00,0.00,0.00,"",0.00,0.00,0.00,0,0,0.00,0,0,"","",0.00,0.00,0.00,0.00,N,0.00,0.00,0.00,0,"FD","",0,"",120.00,1.000,"","",N,0.000,0.00,0.00,0.00,0.00,0.00,0.00,0.00,0.00,0.00,0.00,0.00,0.00,0.00,0.00,0.00,0.00,0.00,0.00,0.00,0.00,0.00,0.00,0.00,0.00,0.00,0.00,0.00,0.00,0.00,0,0.00,"",0.00,0.00,N,N,N,0.00,0.00,0.00,0,0.00,"",0.00,0.00,0.00,0.00,0.00,0,"",0.00,0.00,"","",0.00,0.00,0.00,0.00,0.00,0.00,0.00,0.00,0.00,0,"","",N,0.00
7,"39","S","08800033000128",0,10756,"20250807","MT","1","NF",55,1.00,120.00,0.00,0.00,0.00,0.00,0.00,"5405","500",N,1,1,1,0.00,0.00,0.00,0.00,0.00,0.00,0.00,0.00,0.00,0.00,0.00,"",0.00,0.00,0.00,0,0,0.00,0,0,"","",0.00,0.00,0.00,0.00,N,0.00,0.00,0.00,0,"FD","",0,"",120.00,1.000,"","",N,0.000,0.00,0.00,0.00,0.00,0.00,0.00,0.00,0.00,0.00,0.00,0.00,0.00,0.00,0.00,0.00,0.00,0.00,0.00,0.00,0.00,0.00,0.00,0.00,0.00,0.00,0.00,0.00,0.00,0.00,0,0.00,"",0.00,0.00,N,N,N,0.00,0.00,0.00,0,0.00,"",0.00,0.00,0.00,0.00,0.00,0,"",0.00,0.00,"","",0.00,0.00,0.00,0.00,0.00,0.00,0.00,0.00,0.00,0,"","",N,0.00
1,"30","S","36299424000146",0,10757,"20250807","MT","1","NF",55,500.00,470.00,0.00,0.00,0.00,0.00,0.00,"5401","500",N,1,1,1,0.00,0.00,0.00,0.00,0.00,0.00,0.00,0.00,0.00,0.00,0.00,"",0.00,0.00,0.00,0,0,0.00,0,0,"","",0.00,0.00,0.00,0.00,N,0.00,0.00,0.00,0,"UNI","",0,"",0.94,500.000,"","",N,0.000,0.00,0.00,0.00,0.00,0.00,0.00,0.00,0.00,0.00,0.00,0.00,0.00,0.00,0.00,0.00,0.00,0.00,0.00,0.00,0.00,0.00,0.00,0.00,0.00,0.00,0.00,0.00,0.00,0.00,0,0.00,"",0.00,0.00,N,N,N,0.00,0.00,0.00,0,0.00,"",0.00,0.00,0.00,0.00,0.00,0,"",0.00,0.00,"","",0.00,0.00,0.00,0.00,0.00,0.00,0.00,0.00,0.00,0,"","",N,0.00
1,"2","S","01436106000103",0,10758,"20250808","MT","1","NF",55,1.00,95.00,0.00,0.00,0.00,0.00,0.00,"5405","500",N,1,1,1,0.00,0.00,0.00,0.00,0.00,0.00,0.00,0.00,0.00,0.00,0.00,"",0.00,0.00,0.00,0,0,0.00,0,0,"","",0.00,0.00,0.00,0.00,N,0.00,0.00,0.00,0,"FD","",0,"",95.00,1.000,"","",N,0.000,0.00,0.00,0.00,0.00,0.00,0.00,0.00,0.00,0.00,0.00,0.00,0.00,0.00,0.00,0.00,0.00,0.00,0.00,0.00,0.00,0.00,0.00,0.00,0.00,0.00,0.00,0.00,0.00,0.00,0,0.00,"",0.00,0.00,N,N,N,0.00,0.00,0.00,0,0.00,"",0.00,0.00,0.00,0.00,0.00,0,"",0.00,0.00,"","",0.00,0.00,0.00,0.00,0.00,0.00,0.00,0.00,0.00,0,"","",N,0.00
2,"3","S","01436106000103",0,10758,"20250808","MT","1","NF",55,1.00,135.00,0.00,0.00,0.00,0.00,0.00,"5405","500",N,1,1,1,0.00,0.00,0.00,0.00,0.00,0.00,0.00,0.00,0.00,0.00,0.00,"",0.00,0.00,0.00,0,0,0.00,0,0,"","",0.00,0.00,0.00,0.00,N,0.00,0.00,0.00,0,"FD","",0,"",135.00,1.000,"","",N,0.000,0.00,0.00,0.00,0.00,0.00,0.00,0.00,0.00,0.00,0.00,0.00,0.00,0.00,0.00,0.00,0.00,0.00,0.00,0.00,0.00,0.00,0.00,0.00,0.00,0.00,0.00,0.00,0.00,0.00,0,0.00,"",0.00,0.00,N,N,N,0.00,0.00,0.00,0,0.00,"",0.00,0.00,0.00,0.00,0.00,0,"",0.00,0.00,"","",0.00,0.00,0.00,0.00,0.00,0.00,0.00,0.00,0.00,0,"","",N,0.00
3,"4","S","01436106000103",0,10758,"20250808","MT","1","NF",55,1.00,135.00,0.00,0.00,0.00,0.00,0.00,"5405","500",N,1,1,1,0.00,0.00,0.00,0.00,0.00,0.00,0.00,0.00,0.00,0.00,0.00,"",0.00,0.00,0.00,0,0,0.00,0,0,"","",0.00,0.00,0.00,0.00,N,0.00,0.00,0.00,0,"FD","",0,"",135.00,1.000,"","",N,0.000,0.00,0.00,0.00,0.00,0.00,0.00,0.00,0.00,0.00,0.00,0.00,0.00,0.00,0.00,0.00,0.00,0.00,0.00,0.00,0.00,0.00,0.00,0.00,0.00,0.00,0.00,0.00,0.00,0.00,0,0.00,"",0.00,0.00,N,N,N,0.00,0.00,0.00,0,0.00,"",0.00,0.00,0.00,0.00,0.00,0,"",0.00,0.00,"","",0.00,0.00,0.00,0.00,0.00,0.00,0.00,0.00,0.00,0,"","",N,0.00
4,"7","S","01436106000103",0,10758,"20250808","MT","1","NF",55,1.00,159.00,0.00,0.00,0.00,0.00,0.00,"5405","500",N,1,1,1,0.00,0.00,0.00,0.00,0.00,0.00,0.00,0.00,0.00,0.00,0.00,"",0.00,0.00,0.00,0,0,0.00,0,0,"","",0.00,0.00,0.00,0.00,N,0.00,0.00,0.00,0,"FD","",0,"",159.00,1.000,"","",N,0.000,0.00,0.00,0.00,0.00,0.00,0.00,0.00,0.00,0.00,0.00,0.00,0.00,0.00,0.00,0.00,0.00,0.00,0.00,0.00,0.00,0.00,0.00,0.00,0.00,0.00,0.00,0.00,0.00,0.00,0,0.00,"",0.00,0.00,N,N,N,0.00,0.00,0.00,0,0.00,"",0.00,0.00,0.00,0.00,0.00,0,"",0.00,0.00,"","",0.00,0.00,0.00,0.00,0.00,0.00,0.00,0.00,0.00,0,"","",N,0.00
5,"8","S","01436106000103",0,10758,"20250808","MT","1","NF",55,1.00,159.00,0.00,0.00,0.00,0.00,0.00,"5405","500",N,1,1,1,0.00,0.00,0.00,0.00,0.00,0.00,0.00,0.00,0.00,0.00,0.00,"",0.00,0.00,0.00,0,0,0.00,0,0,"","",0.00,0.00,0.00,0.00,N,0.00,0.00,0.00,0,"FD","",0,"",159.00,1.000,"","",N,0.000,0.00,0.00,0.00,0.00,0.00,0.00,0.00,0.00,0.00,0.00,0.00,0.00,0.00,0.00,0.00,0.00,0.00,0.00,0.00,0.00,0.00,0.00,0.00,0.00,0.00,0.00,0.00,0.00,0.00,0,0.00,"",0.00,0.00,N,N,N,0.00,0.00,0.00,0,0.00,"",0.00,0.00,0.00,0.00,0.00,0,"",0.00,0.00,"","",0.00,0.00,0.00,0.00,0.00,0.00,0.00,0.00,0.00,0,"","",N,0.00
6,"9","S","01436106000103",0,10758,"20250808","MT","1","NF",55,1.00,169.00,0.00,0.00,0.00,0.00,0.00,"5101","101",N,1,1,1,0.00,0.00,0.00,0.00,0.00,0.00,0.00,0.00,0.00,0.00,0.00,"",0.00,0.00,0.00,0,0,0.00,0,0,"","",0.00,0.00,0.00,0.00,N,0.00,0.00,0.00,0,"FD","",0,"",169.00,1.000,"","",N,0.000,0.00,0.00,0.00,0.00,0.00,0.00,0.00,0.00,0.00,0.00,0.00,0.00,0.00,0.00,0.00,0.00,0.00,0.00,0.00,0.00,0.00,0.00,0.00,0.00,0.00,0.00,0.00,0.00,0.00,0,0.00,"",0.00,0.00,N,N,N,0.00,0.00,0.00,0,0.00,"",0.00,0.00,0.00,0.00,0.00,0,"",0.00,0.00,"","",0.00,0.00,0.00,0.00,0.00,0.00,0.00,0.00,0.00,0,"","",N,0.00
7,"10","S","01436106000103",0,10758,"20250808","MT","1","NF",55,1.00,185.00,0.00,0.00,0.00,0.00,0.00,"5101","101",N,1,1,1,0.00,0.00,0.00,0.00,0.00,0.00,0.00,0.00,0.00,0.00,0.00,"",0.00,0.00,0.00,0,0,0.00,0,0,"","",0.00,0.00,0.00,0.00,N,0.00,0.00,0.00,0,"FD","",0,"",185.00,1.000,"","",N,0.000,0.00,0.00,0.00,0.00,0.00,0.00,0.00,0.00,0.00,0.00,0.00,0.00,0.00,0.00,0.00,0.00,0.00,0.00,0.00,0.00,0.00,0.00,0.00,0.00,0.00,0.00,0.00,0.00,0.00,0,0.00,"",0.00,0.00,N,N,N,0.00,0.00,0.00,0,0.00,"",0.00,0.00,0.00,0.00,0.00,0,"",0.00,0.00,"","",0.00,0.00,0.00,0.00,0.00,0.00,0.00,0.00,0.00,0,"","",N,0.00
8,"15","S","01436106000103",0,10758,"20250808","MT","1","NF",55,1.00,149.00,0.00,0.00,0.00,0.00,0.00,"5405","500",N,1,1,1,0.00,0.00,0.00,0.00,0.00,0.00,0.00,0.00,0.00,0.00,0.00,"",0.00,0.00,0.00,0,0,0.00,0,0,"","",0.00,0.00,0.00,0.00,N,0.00,0.00,0.00,0,"FD","",0,"",149.00,1.000,"","",N,0.000,0.00,0.00,0.00,0.00,0.00,0.00,0.00,0.00,0.00,0.00,0.00,0.00,0.00,0.00,0.00,0.00,0.00,0.00,0.00,0.00,0.00,0.00,0.00,0.00,0.00,0.00,0.00,0.00,0.00,0,0.00,"",0.00,0.00,N,N,N,0.00,0.00,0.00,0,0.00,"",0.00,0.00,0.00,0.00,0.00,0,"",0.00,0.00,"","",0.00,0.00,0.00,0.00,0.00,0.00,0.00,0.00,0.00,0,"","",N,0.00
9,"16","S","01436106000103",0,10758,"20250808","MT","1","NF",55,1.00,213.00,0.00,0.00,0.00,0.00,0.00,"5405","500",N,1,1,1,0.00,0.00,0.00,0.00,0.00,0.00,0.00,0.00,0.00,0.00,0.00,"",0.00,0.00,0.00,0,0,0.00,0,0,"","",0.00,0.00,0.00,0.00,N,0.00,0.00,0.00,0,"FD","",0,"",213.00,1.000,"","",N,0.000,0.00,0.00,0.00,0.00,0.00,0.00,0.00,0.00,0.00,0.00,0.00,0.00,0.00,0.00,0.00,0.00,0.00,0.00,0.00,0.00,0.00,0.00,0.00,0.00,0.00,0.00,0.00,0.00,0.00,0,0.00,"",0.00,0.00,N,N,N,0.00,0.00,0.00,0,0.00,"",0.00,0.00,0.00,0.00,0.00,0,"",0.00,0.00,"","",0.00,0.00,0.00,0.00,0.00,0.00,0.00,0.00,0.00,0,"","",N,0.00
1,"2","S","29668411000131",0,10759,"20250808","MT","1","NF",55,1.00,95.00,0.00,0.00,0.00,0.00,0.00,"5405","500",N,1,1,1,0.00,0.00,0.00,0.00,0.00,0.00,0.00,0.00,0.00,0.00,0.00,"",0.00,0.00,0.00,0,0,0.00,0,0,"","",0.00,0.00,0.00,0.00,N,0.00,0.00,0.00,0,"FD","",0,"",95.00,1.000,"","",N,0.000,0.00,0.00,0.00,0.00,0.00,0.00,0.00,0.00,0.00,0.00,0.00,0.00,0.00,0.00,0.00,0.00,0.00,0.00,0.00,0.00,0.00,0.00,0.00,0.00,0.00,0.00,0.00,0.00,0.00,0,0.00,"",0.00,0.00,N,N,N,0.00,0.00,0.00,0,0.00,"",0.00,0.00,0.00,0.00,0.00,0,"",0.00,0.00,"","",0.00,0.00,0.00,0.00,0.00,0.00,0.00,0.00,0.00,0,"","",N,0.00
2,"4","S","29668411000131",0,10759,"20250808","MT","1","NF",55,1.00,135.00,0.00,0.00,0.00,0.00,0.00,"5405","500",N,1,1,1,0.00,0.00,0.00,0.00,0.00,0.00,0.00,0.00,0.00,0.00,0.00,"",0.00,0.00,0.00,0,0,0.00,0,0,"","",0.00,0.00,0.00,0.00,N,0.00,0.00,0.00,0,"FD","",0,"",135.00,1.000,"","",N,0.000,0.00,0.00,0.00,0.00,0.00,0.00,0.00,0.00,0.00,0.00,0.00,0.00,0.00,0.00,0.00,0.00,0.00,0.00,0.00,0.00,0.00,0.00,0.00,0.00,0.00,0.00,0.00,0.00,0.00,0,0.00,"",0.00,0.00,N,N,N,0.00,0.00,0.00,0,0.00,"",0.00,0.00,0.00,0.00,0.00,0,"",0.00,0.00,"","",0.00,0.00,0.00,0.00,0.00,0.00,0.00,0.00,0.00,0,"","",N,0.00
3,"7","S","29668411000131",0,10759,"20250808","MT","1","NF",55,1.00,159.00,0.00,0.00,0.00,0.00,0.00,"5405","500",N,1,1,1,0.00,0.00,0.00,0.00,0.00,0.00,0.00,0.00,0.00,0.00,0.00,"",0.00,0.00,0.00,0,0,0.00,0,0,"","",0.00,0.00,0.00,0.00,N,0.00,0.00,0.00,0,"FD","",0,"",159.00,1.000,"","",N,0.000,0.00,0.00,0.00,0.00,0.00,0.00,0.00,0.00,0.00,0.00,0.00,0.00,0.00,0.00,0.00,0.00,0.00,0.00,0.00,0.00,0.00,0.00,0.00,0.00,0.00,0.00,0.00,0.00,0.00,0,0.00,"",0.00,0.00,N,N,N,0.00,0.00,0.00,0,0.00,"",0.00,0.00,0.00,0.00,0.00,0,"",0.00,0.00,"","",0.00,0.00,0.00,0.00,0.00,0.00,0.00,0.00,0.00,0,"","",N,0.00
4,"8","S","29668411000131",0,10759,"20250808","MT","1","NF",55,1.00,159.00,0.00,0.00,0.00,0.00,0.00,"5405","500",N,1,1,1,0.00,0.00,0.00,0.00,0.00,0.00,0.00,0.00,0.00,0.00,0.00,"",0.00,0.00,0.00,0,0,0.00,0,0,"","",0.00,0.00,0.00,0.00,N,0.00,0.00,0.00,0,"FD","",0,"",159.00,1.000,"","",N,0.000,0.00,0.00,0.00,0.00,0.00,0.00,0.00,0.00,0.00,0.00,0.00,0.00,0.00,0.00,0.00,0.00,0.00,0.00,0.00,0.00,0.00,0.00,0.00,0.00,0.00,0.00,0.00,0.00,0.00,0,0.00,"",0.00,0.00,N,N,N,0.00,0.00,0.00,0,0.00,"",0.00,0.00,0.00,0.00,0.00,0,"",0.00,0.00,"","",0.00,0.00,0.00,0.00,0.00,0.00,0.00,0.00,0.00,0,"","",N,0.00
5,"10","S","29668411000131",0,10759,"20250808","MT","1","NF",55,1.00,185.00,0.00,0.00,0.00,0.00,0.00,"5101","101",N,1,1,1,0.00,0.00,0.00,0.00,0.00,0.00,0.00,0.00,0.00,0.00,0.00,"",0.00,0.00,0.00,0,0,0.00,0,0,"","",0.00,0.00,0.00,0.00,N,0.00,0.00,0.00,0,"FD","",0,"",185.00,1.000,"","",N,0.000,0.00,0.00,0.00,0.00,0.00,0.00,0.00,0.00,0.00,0.00,0.00,0.00,0.00,0.00,0.00,0.00,0.00,0.00,0.00,0.00,0.00,0.00,0.00,0.00,0.00,0.00,0.00,0.00,0.00,0,0.00,"",0.00,0.00,N,N,N,0.00,0.00,0.00,0,0.00,"",0.00,0.00,0.00,0.00,0.00,0,"",0.00,0.00,"","",0.00,0.00,0.00,0.00,0.00,0.00,0.00,0.00,0.00,0,"","",N,0.00
1,"2","S","07373832000100",0,10760,"20250808","MT","1","NF",55,1.00,95.00,0.00,0.00,0.00,0.00,0.00,"5405","500",N,1,1,1,0.00,0.00,0.00,0.00,0.00,0.00,0.00,0.00,0.00,0.00,0.00,"",0.00,0.00,0.00,0,0,0.00,0,0,"","",0.00,0.00,0.00,0.00,N,0.00,0.00,0.00,0,"FD","",0,"",95.00,1.000,"","",N,0.000,0.00,0.00,0.00,0.00,0.00,0.00,0.00,0.00,0.00,0.00,0.00,0.00,0.00,0.00,0.00,0.00,0.00,0.00,0.00,0.00,0.00,0.00,0.00,0.00,0.00,0.00,0.00,0.00,0.00,0,0.00,"",0.00,0.00,N,N,N,0.00,0.00,0.00,0,0.00,"",0.00,0.00,0.00,0.00,0.00,0,"",0.00,0.00,"","",0.00,0.00,0.00,0.00,0.00,0.00,0.00,0.00,0.00,0,"","",N,0.00
2,"3","S","07373832000100",0,10760,"20250808","MT","1","NF",55,1.00,135.00,0.00,0.00,0.00,0.00,0.00,"5405","500",N,1,1,1,0.00,0.00,0.00,0.00,0.00,0.00,0.00,0.00,0.00,0.00,0.00,"",0.00,0.00,0.00,0,0,0.00,0,0,"","",0.00,0.00,0.00,0.00,N,0.00,0.00,0.00,0,"FD","",0,"",135.00,1.000,"","",N,0.000,0.00,0.00,0.00,0.00,0.00,0.00,0.00,0.00,0.00,0.00,0.00,0.00,0.00,0.00,0.00,0.00,0.00,0.00,0.00,0.00,0.00,0.00,0.00,0.00,0.00,0.00,0.00,0.00,0.00,0,0.00,"",0.00,0.00,N,N,N,0.00,0.00,0.00,0,0.00,"",0.00,0.00,0.00,0.00,0.00,0,"",0.00,0.00,"","",0.00,0.00,0.00,0.00,0.00,0.00,0.00,0.00,0.00,0,"","",N,0.00
3,"8","S","07373832000100",0,10760,"20250808","MT","1","NF",55,1.00,159.00,0.00,0.00,0.00,0.00,0.00,"5405","500",N,1,1,1,0.00,0.00,0.00,0.00,0.00,0.00,0.00,0.00,0.00,0.00,0.00,"",0.00,0.00,0.00,0,0,0.00,0,0,"","",0.00,0.00,0.00,0.00,N,0.00,0.00,0.00,0,"FD","",0,"",159.00,1.000,"","",N,0.000,0.00,0.00,0.00,0.00,0.00,0.00,0.00,0.00,0.00,0.00,0.00,0.00,0.00,0.00,0.00,0.00,0.00,0.00,0.00,0.00,0.00,0.00,0.00,0.00,0.00,0.00,0.00,0.00,0.00,0,0.00,"",0.00,0.00,N,N,N,0.00,0.00,0.00,0,0.00,"",0.00,0.00,0.00,0.00,0.00,0,"",0.00,0.00,"","",0.00,0.00,0.00,0.00,0.00,0.00,0.00,0.00,0.00,0,"","",N,0.00
4,"38","S","07373832000100",0,10760,"20250808","MT","1","NF",55,1.00,120.00,0.00,0.00,0.00,0.00,0.00,"5405","500",N,1,1,1,0.00,0.00,0.00,0.00,0.00,0.00,0.00,0.00,0.00,0.00,0.00,"",0.00,0.00,0.00,0,0,0.00,0,0,"","",0.00,0.00,0.00,0.00,N,0.00,0.00,0.00,0,"FD","",0,"",120.00,1.000,"","",N,0.000,0.00,0.00,0.00,0.00,0.00,0.00,0.00,0.00,0.00,0.00,0.00,0.00,0.00,0.00,0.00,0.00,0.00,0.00,0.00,0.00,0.00,0.00,0.00,0.00,0.00,0.00,0.00,0.00,0.00,0,0.00,"",0.00,0.00,N,N,N,0.00,0.00,0.00,0,0.00,"",0.00,0.00,0.00,0.00,0.00,0,"",0.00,0.00,"","",0.00,0.00,0.00,0.00,0.00,0.00,0.00,0.00,0.00,0,"","",N,0.00
5,"39","S","07373832000100",0,10760,"20250808","MT","1","NF",55,1.00,120.00,0.00,0.00,0.00,0.00,0.00,"5405","500",N,1,1,1,0.00,0.00,0.00,0.00,0.00,0.00,0.00,0.00,0.00,0.00,0.00,"",0.00,0.00,0.00,0,0,0.00,0,0,"","",0.00,0.00,0.00,0.00,N,0.00,0.00,0.00,0,"FD","",0,"",120.00,1.000,"","",N,0.000,0.00,0.00,0.00,0.00,0.00,0.00,0.00,0.00,0.00,0.00,0.00,0.00,0.00,0.00,0.00,0.00,0.00,0.00,0.00,0.00,0.00,0.00,0.00,0.00,0.00,0.00,0.00,0.00,0.00,0,0.00,"",0.00,0.00,N,N,N,0.00,0.00,0.00,0,0.00,"",0.00,0.00,0.00,0.00,0.00,0,"",0.00,0.00,"","",0.00,0.00,0.00,0.00,0.00,0.00,0.00,0.00,0.00,0,"","",N,0.00
1,"1","S","02241402000103",0,10761,"20250808","MT","1","NF",55,2.00,144.00,0.00,0.00,0.00,0.00,0.00,"5405","500",N,1,1,1,0.00,0.00,0.00,0.00,0.00,0.00,0.00,0.00,0.00,0.00,0.00,"",0.00,0.00,0.00,0,0,0.00,0,0,"","",0.00,0.00,0.00,0.00,N,0.00,0.00,0.00,0,"FD","",0,"",72.00,2.000,"","",N,0.000,0.00,0.00,0.00,0.00,0.00,0.00,0.00,0.00,0.00,0.00,0.00,0.00,0.00,0.00,0.00,0.00,0.00,0.00,0.00,0.00,0.00,0.00,0.00,0.00,0.00,0.00,0.00,0.00,0.00,0,0.00,"",0.00,0.00,N,N,N,0.00,0.00,0.00,0,0.00,"",0.00,0.00,0.00,0.00,0.00,0,"",0.00,0.00,"","",0.00,0.00,0.00,0.00,0.00,0.00,0.00,0.00,0.00,0,"","",N,0.00
2,"2","S","02241402000103",0,10761,"20250808","MT","1","NF",55,2.00,190.00,0.00,0.00,0.00,0.00,0.00,"5405","500",N,1,1,1,0.00,0.00,0.00,0.00,0.00,0.00,0.00,0.00,0.00,0.00,0.00,"",0.00,0.00,0.00,0,0,0.00,0,0,"","",0.00,0.00,0.00,0.00,N,0.00,0.00,0.00,0,"FD","",0,"",95.00,2.000,"","",N,0.000,0.00,0.00,0.00,0.00,0.00,0.00,0.00,0.00,0.00,0.00,0.00,0.00,0.00,0.00,0.00,0.00,0.00,0.00,0.00,0.00,0.00,0.00,0.00,0.00,0.00,0.00,0.00,0.00,0.00,0,0.00,"",0.00,0.00,N,N,N,0.00,0.00,0.00,0,0.00,"",0.00,0.00,0.00,0.00,0.00,0,"",0.00,0.00,"","",0.00,0.00,0.00,0.00,0.00,0.00,0.00,0.00,0.00,0,"","",N,0.00
3,"3","S","02241402000103",0,10761,"20250808","MT","1","NF",55,2.00,270.00,0.00,0.00,0.00,0.00,0.00,"5405","500",N,1,1,1,0.00,0.00,0.00,0.00,0.00,0.00,0.00,0.00,0.00,0.00,0.00,"",0.00,0.00,0.00,0,0,0.00,0,0,"","",0.00,0.00,0.00,0.00,N,0.00,0.00,0.00,0,"FD","",0,"",135.00,2.000,"","",N,0.000,0.00,0.00,0.00,0.00,0.00,0.00,0.00,0.00,0.00,0.00,0.00,0.00,0.00,0.00,0.00,0.00,0.00,0.00,0.00,0.00,0.00,0.00,0.00,0.00,0.00,0.00,0.00,0.00,0.00,0,0.00,"",0.00,0.00,N,N,N,0.00,0.00,0.00,0,0.00,"",0.00,0.00,0.00,0.00,0.00,0,"",0.00,0.00,"","",0.00,0.00,0.00,0.00,0.00,0.00,0.00,0.00,0.00,0,"","",N,0.00
4,"4","S","02241402000103",0,10761,"20250808","MT","1","NF",55,1.00,135.00,0.00,0.00,0.00,0.00,0.00,"5405","500",N,1,1,1,0.00,0.00,0.00,0.00,0.00,0.00,0.00,0.00,0.00,0.00,0.00,"",0.00,0.00,0.00,0,0,0.00,0,0,"","",0.00,0.00,0.00,0.00,N,0.00,0.00,0.00,0,"FD","",0,"",135.00,1.000,"","",N,0.000,0.00,0.00,0.00,0.00,0.00,0.00,0.00,0.00,0.00,0.00,0.00,0.00,0.00,0.00,0.00,0.00,0.00,0.00,0.00,0.00,0.00,0.00,0.00,0.00,0.00,0.00,0.00,0.00,0.00,0,0.00,"",0.00,0.00,N,N,N,0.00,0.00,0.00,0,0.00,"",0.00,0.00,0.00,0.00,0.00,0,"",0.00,0.00,"","",0.00,0.00,0.00,0.00,0.00,0.00,0.00,0.00,0.00,0,"","",N,0.00
5,"9","S","02241402000103",0,10761,"20250808","MT","1","NF",55,1.00,169.00,0.00,0.00,0.00,0.00,0.00,"5101","101",N,1,1,1,0.00,0.00,0.00,0.00,0.00,0.00,0.00,0.00,0.00,0.00,0.00,"",0.00,0.00,0.00,0,0,0.00,0,0,"","",0.00,0.00,0.00,0.00,N,0.00,0.00,0.00,0,"FD","",0,"",169.00,1.000,"","",N,0.000,0.00,0.00,0.00,0.00,0.00,0.00,0.00,0.00,0.00,0.00,0.00,0.00,0.00,0.00,0.00,0.00,0.00,0.00,0.00,0.00,0.00,0.00,0.00,0.00,0.00,0.00,0.00,0.00,0.00,0,0.00,"",0.00,0.00,N,N,N,0.00,0.00,0.00,0,0.00,"",0.00,0.00,0.00,0.00,0.00,0,"",0.00,0.00,"","",0.00,0.00,0.00,0.00,0.00,0.00,0.00,0.00,0.00,0,"","",N,0.00
6,"10","S","02241402000103",0,10761,"20250808","MT","1","NF",55,1.00,185.00,0.00,0.00,0.00,0.00,0.00,"5101","101",N,1,1,1,0.00,0.00,0.00,0.00,0.00,0.00,0.00,0.00,0.00,0.00,0.00,"",0.00,0.00,0.00,0,0,0.00,0,0,"","",0.00,0.00,0.00,0.00,N,0.00,0.00,0.00,0,"FD","",0,"",185.00,1.000,"","",N,0.000,0.00,0.00,0.00,0.00,0.00,0.00,0.00,0.00,0.00,0.00,0.00,0.00,0.00,0.00,0.00,0.00,0.00,0.00,0.00,0.00,0.00,0.00,0.00,0.00,0.00,0.00,0.00,0.00,0.00,0,0.00,"",0.00,0.00,N,N,N,0.00,0.00,0.00,0,0.00,"",0.00,0.00,0.00,0.00,0.00,0,"",0.00,0.00,"","",0.00,0.00,0.00,0.00,0.00,0.00,0.00,0.00,0.00,0,"","",N,0.00
1,"3","S","52962853000108",0,10762,"20250808","MT","1","NF",55,1.00,135.00,0.00,0.00,0.00,0.00,0.00,"5405","500",N,1,1,1,0.00,0.00,0.00,0.00,0.00,0.00,0.00,0.00,0.00,0.00,0.00,"",0.00,0.00,0.00,0,0,0.00,0,0,"","",0.00,0.00,0.00,0.00,N,0.00,0.00,0.00,0,"FD","",0,"",135.00,1.000,"","",N,0.000,0.00,0.00,0.00,0.00,0.00,0.00,0.00,0.00,0.00,0.00,0.00,0.00,0.00,0.00,0.00,0.00,0.00,0.00,0.00,0.00,0.00,0.00,0.00,0.00,0.00,0.00,0.00,0.00,0.00,0,0.00,"",0.00,0.00,N,N,N,0.00,0.00,0.00,0,0.00,"",0.00,0.00,0.00,0.00,0.00,0,"",0.00,0.00,"","",0.00,0.00,0.00,0.00,0.00,0.00,0.00,0.00,0.00,0,"","",N,0.00
2,"4","S","52962853000108",0,10762,"20250808","MT","1","NF",55,1.00,135.00,0.00,0.00,0.00,0.00,0.00,"5405","500",N,1,1,1,0.00,0.00,0.00,0.00,0.00,0.00,0.00,0.00,0.00,0.00,0.00,"",0.00,0.00,0.00,0,0,0.00,0,0,"","",0.00,0.00,0.00,0.00,N,0.00,0.00,0.00,0,"FD","",0,"",135.00,1.000,"","",N,0.000,0.00,0.00,0.00,0.00,0.00,0.00,0.00,0.00,0.00,0.00,0.00,0.00,0.00,0.00,0.00,0.00,0.00,0.00,0.00,0.00,0.00,0.00,0.00,0.00,0.00,0.00,0.00,0.00,0.00,0,0.00,"",0.00,0.00,N,N,N,0.00,0.00,0.00,0,0.00,"",0.00,0.00,0.00,0.00,0.00,0,"",0.00,0.00,"","",0.00,0.00,0.00,0.00,0.00,0.00,0.00,0.00,0.00,0,"","",N,0.00
3,"7","S","52962853000108",0,10762,"20250808","MT","1","NF",55,1.00,159.00,0.00,0.00,0.00,0.00,0.00,"5405","500",N,1,1,1,0.00,0.00,0.00,0.00,0.00,0.00,0.00,0.00,0.00,0.00,0.00,"",0.00,0.00,0.00,0,0,0.00,0,0,"","",0.00,0.00,0.00,0.00,N,0.00,0.00,0.00,0,"FD","",0,"",159.00,1.000,"","",N,0.000,0.00,0.00,0.00,0.00,0.00,0.00,0.00,0.00,0.00,0.00,0.00,0.00,0.00,0.00,0.00,0.00,0.00,0.00,0.00,0.00,0.00,0.00,0.00,0.00,0.00,0.00,0.00,0.00,0.00,0,0.00,"",0.00,0.00,N,N,N,0.00,0.00,0.00,0,0.00,"",0.00,0.00,0.00,0.00,0.00,0,"",0.00,0.00,"","",0.00,0.00,0.00,0.00,0.00,0.00,0.00,0.00,0.00,0,"","",N,0.00
4,"8","S","52962853000108",0,10762,"20250808","MT","1","NF",55,1.00,159.00,0.00,0.00,0.00,0.00,0.00,"5405","500",N,1,1,1,0.00,0.00,0.00,0.00,0.00,0.00,0.00,0.00,0.00,0.00,0.00,"",0.00,0.00,0.00,0,0,0.00,0,0,"","",0.00,0.00,0.00,0.00,N,0.00,0.00,0.00,0,"FD","",0,"",159.00,1.000,"","",N,0.000,0.00,0.00,0.00,0.00,0.00,0.00,0.00,0.00,0.00,0.00,0.00,0.00,0.00,0.00,0.00,0.00,0.00,0.00,0.00,0.00,0.00,0.00,0.00,0.00,0.00,0.00,0.00,0.00,0.00,0,0.00,"",0.00,0.00,N,N,N,0.00,0.00,0.00,0,0.00,"",0.00,0.00,0.00,0.00,0.00,0,"",0.00,0.00,"","",0.00,0.00,0.00,0.00,0.00,0.00,0.00,0.00,0.00,0,"","",N,0.00
5,"9","S","52962853000108",0,10762,"20250808","MT","1","NF",55,1.00,169.00,0.00,0.00,0.00,0.00,0.00,"5101","101",N,1,1,1,0.00,0.00,0.00,0.00,0.00,0.00,0.00,0.00,0.00,0.00,0.00,"",0.00,0.00,0.00,0,0,0.00,0,0,"","",0.00,0.00,0.00,0.00,N,0.00,0.00,0.00,0,"FD","",0,"",169.00,1.000,"","",N,0.000,0.00,0.00,0.00,0.00,0.00,0.00,0.00,0.00,0.00,0.00,0.00,0.00,0.00,0.00,0.00,0.00,0.00,0.00,0.00,0.00,0.00,0.00,0.00,0.00,0.00,0.00,0.00,0.00,0.00,0,0.00,"",0.00,0.00,N,N,N,0.00,0.00,0.00,0,0.00,"",0.00,0.00,0.00,0.00,0.00,0,"",0.00,0.00,"","",0.00,0.00,0.00,0.00,0.00,0.00,0.00,0.00,0.00,0,"","",N,0.00
1,"3","S","36737442000243",0,10764,"20250812","MT","1","NF",55,1.00,135.00,0.00,0.00,0.00,0.00,0.00,"5405","500",N,1,1,1,0.00,0.00,0.00,0.00,0.00,0.00,0.00,0.00,0.00,0.00,0.00,"",0.00,0.00,0.00,0,0,0.00,0,0,"","",0.00,0.00,0.00,0.00,N,0.00,0.00,0.00,0,"FD","",0,"",135.00,1.000,"","",N,0.000,0.00,0.00,0.00,0.00,0.00,0.00,0.00,0.00,0.00,0.00,0.00,0.00,0.00,0.00,0.00,0.00,0.00,0.00,0.00,0.00,0.00,0.00,0.00,0.00,0.00,0.00,0.00,0.00,0.00,0,0.00,"",0.00,0.00,N,N,N,0.00,0.00,0.00,0,0.00,"",0.00,0.00,0.00,0.00,0.00,0,"",0.00,0.00,"","",0.00,0.00,0.00,0.00,0.00,0.00,0.00,0.00,0.00,0,"","",N,0.00
2,"4","S","36737442000243",0,10764,"20250812","MT","1","NF",55,1.00,135.00,0.00,0.00,0.00,0.00,0.00,"5405","500",N,1,1,1,0.00,0.00,0.00,0.00,0.00,0.00,0.00,0.00,0.00,0.00,0.00,"",0.00,0.00,0.00,0,0,0.00,0,0,"","",0.00,0.00,0.00,0.00,N,0.00,0.00,0.00,0,"FD","",0,"",135.00,1.000,"","",N,0.000,0.00,0.00,0.00,0.00,0.00,0.00,0.00,0.00,0.00,0.00,0.00,0.00,0.00,0.00,0.00,0.00,0.00,0.00,0.00,0.00,0.00,0.00,0.00,0.00,0.00,0.00,0.00,0.00,0.00,0,0.00,"",0.00,0.00,N,N,N,0.00,0.00,0.00,0,0.00,"",0.00,0.00,0.00,0.00,0.00,0,"",0.00,0.00,"","",0.00,0.00,0.00,0.00,0.00,0.00,0.00,0.00,0.00,0,"","",N,0.00
3,"7","S","36737442000243",0,10764,"20250812","MT","1","NF",55,1.00,159.00,0.00,0.00,0.00,0.00,0.00,"5405","500",N,1,1,1,0.00,0.00,0.00,0.00,0.00,0.00,0.00,0.00,0.00,0.00,0.00,"",0.00,0.00,0.00,0,0,0.00,0,0,"","",0.00,0.00,0.00,0.00,N,0.00,0.00,0.00,0,"FD","",0,"",159.00,1.000,"","",N,0.000,0.00,0.00,0.00,0.00,0.00,0.00,0.00,0.00,0.00,0.00,0.00,0.00,0.00,0.00,0.00,0.00,0.00,0.00,0.00,0.00,0.00,0.00,0.00,0.00,0.00,0.00,0.00,0.00,0.00,0,0.00,"",0.00,0.00,N,N,N,0.00,0.00,0.00,0,0.00,"",0.00,0.00,0.00,0.00,0.00,0,"",0.00,0.00,"","",0.00,0.00,0.00,0.00,0.00,0.00,0.00,0.00,0.00,0,"","",N,0.00
4,"8","S","36737442000243",0,10764,"20250812","MT","1","NF",55,1.00,159.00,0.00,0.00,0.00,0.00,0.00,"5405","500",N,1,1,1,0.00,0.00,0.00,0.00,0.00,0.00,0.00,0.00,0.00,0.00,0.00,"",0.00,0.00,0.00,0,0,0.00,0,0,"","",0.00,0.00,0.00,0.00,N,0.00,0.00,0.00,0,"FD","",0,"",159.00,1.000,"","",N,0.000,0.00,0.00,0.00,0.00,0.00,0.00,0.00,0.00,0.00,0.00,0.00,0.00,0.00,0.00,0.00,0.00,0.00,0.00,0.00,0.00,0.00,0.00,0.00,0.00,0.00,0.00,0.00,0.00,0.00,0,0.00,"",0.00,0.00,N,N,N,0.00,0.00,0.00,0,0.00,"",0.00,0.00,0.00,0.00,0.00,0,"",0.00,0.00,"","",0.00,0.00,0.00,0.00,0.00,0.00,0.00,0.00,0.00,0,"","",N,0.00
5,"9","S","36737442000243",0,10764,"20250812","MT","1","NF",55,1.00,169.00,0.00,0.00,0.00,0.00,0.00,"5101","101",N,1,1,1,0.00,0.00,0.00,0.00,0.00,0.00,0.00,0.00,0.00,0.00,0.00,"",0.00,0.00,0.00,0,0,0.00,0,0,"","",0.00,0.00,0.00,0.00,N,0.00,0.00,0.00,0,"FD","",0,"",169.00,1.000,"","",N,0.000,0.00,0.00,0.00,0.00,0.00,0.00,0.00,0.00,0.00,0.00,0.00,0.00,0.00,0.00,0.00,0.00,0.00,0.00,0.00,0.00,0.00,0.00,0.00,0.00,0.00,0.00,0.00,0.00,0.00,0,0.00,"",0.00,0.00,N,N,N,0.00,0.00,0.00,0,0.00,"",0.00,0.00,0.00,0.00,0.00,0,"",0.00,0.00,"","",0.00,0.00,0.00,0.00,0.00,0.00,0.00,0.00,0.00,0,"","",N,0.00
6,"10","S","36737442000243",0,10764,"20250812","MT","1","NF",55,1.00,185.00,0.00,0.00,0.00,0.00,0.00,"5101","101",N,1,1,1,0.00,0.00,0.00,0.00,0.00,0.00,0.00,0.00,0.00,0.00,0.00,"",0.00,0.00,0.00,0,0,0.00,0,0,"","",0.00,0.00,0.00,0.00,N,0.00,0.00,0.00,0,"FD","",0,"",185.00,1.000,"","",N,0.000,0.00,0.00,0.00,0.00,0.00,0.00,0.00,0.00,0.00,0.00,0.00,0.00,0.00,0.00,0.00,0.00,0.00,0.00,0.00,0.00,0.00,0.00,0.00,0.00,0.00,0.00,0.00,0.00,0.00,0,0.00,"",0.00,0.00,N,N,N,0.00,0.00,0.00,0,0.00,"",0.00,0.00,0.00,0.00,0.00,0,"",0.00,0.00,"","",0.00,0.00,0.00,0.00,0.00,0.00,0.00,0.00,0.00,0,"","",N,0.00
1,"92","S","47068175000102",0,10763,"20250811","MT","1","NF",55,9000.00,5220.00,0.00,0.00,0.00,0.00,0.00,"5401","500",N,1,1,1,0.00,0.00,0.00,0.00,0.00,0.00,0.00,0.00,0.00,0.00,0.00,"",0.00,0.00,0.00,0,0,0.00,0,0,"","",0.00,0.00,0.00,0.00,N,0.00,0.00,0.00,0,"UNI","",0,"",0.58,9000.000,"","",N,0.000,0.00,0.00,0.00,0.00,0.00,0.00,0.00,0.00,0.00,0.00,0.00,0.00,0.00,0.00,0.00,0.00,0.00,0.00,0.00,0.00,0.00,0.00,0.00,0.00,0.00,0.00,0.00,0.00,0.00,0,0.00,"",0.00,0.00,N,N,N,0.00,0.00,0.00,0,0.00,"",0.00,0.00,0.00,0.00,0.00,0,"",0.00,0.00,"","",0.00,0.00,0.00,0.00,0.00,0.00,0.00,0.00,0.00,0,"","",N,0.00
1,"3","S","13617688000286",0,10765,"20250812","MT","1","NF",55,1.00,135.00,0.00,0.00,0.00,0.00,0.00,"5405","500",N,1,1,1,0.00,0.00,0.00,0.00,0.00,0.00,0.00,0.00,0.00,0.00,0.00,"",0.00,0.00,0.00,0,0,0.00,0,0,"","",0.00,0.00,0.00,0.00,N,0.00,0.00,0.00,0,"FD","",0,"",135.00,1.000,"","",N,0.000,0.00,0.00,0.00,0.00,0.00,0.00,0.00,0.00,0.00,0.00,0.00,0.00,0.00,0.00,0.00,0.00,0.00,0.00,0.00,0.00,0.00,0.00,0.00,0.00,0.00,0.00,0.00,0.00,0.00,0,0.00,"",0.00,0.00,N,N,N,0.00,0.00,0.00,0,0.00,"",0.00,0.00,0.00,0.00,0.00,0,"",0.00,0.00,"","",0.00,0.00,0.00,0.00,0.00,0.00,0.00,0.00,0.00,0,"","",N,0.00
2,"4","S","13617688000286",0,10765,"20250812","MT","1","NF",55,1.00,135.00,0.00,0.00,0.00,0.00,0.00,"5405","500",N,1,1,1,0.00,0.00,0.00,0.00,0.00,0.00,0.00,0.00,0.00,0.00,0.00,"",0.00,0.00,0.00,0,0,0.00,0,0,"","",0.00,0.00,0.00,0.00,N,0.00,0.00,0.00,0,"FD","",0,"",135.00,1.000,"","",N,0.000,0.00,0.00,0.00,0.00,0.00,0.00,0.00,0.00,0.00,0.00,0.00,0.00,0.00,0.00,0.00,0.00,0.00,0.00,0.00,0.00,0.00,0.00,0.00,0.00,0.00,0.00,0.00,0.00,0.00,0,0.00,"",0.00,0.00,N,N,N,0.00,0.00,0.00,0,0.00,"",0.00,0.00,0.00,0.00,0.00,0,"",0.00,0.00,"","",0.00,0.00,0.00,0.00,0.00,0.00,0.00,0.00,0.00,0,"","",N,0.00
3,"7","S","13617688000286",0,10765,"20250812","MT","1","NF",55,1.00,159.00,0.00,0.00,0.00,0.00,0.00,"5405","500",N,1,1,1,0.00,0.00,0.00,0.00,0.00,0.00,0.00,0.00,0.00,0.00,0.00,"",0.00,0.00,0.00,0,0,0.00,0,0,"","",0.00,0.00,0.00,0.00,N,0.00,0.00,0.00,0,"FD","",0,"",159.00,1.000,"","",N,0.000,0.00,0.00,0.00,0.00,0.00,0.00,0.00,0.00,0.00,0.00,0.00,0.00,0.00,0.00,0.00,0.00,0.00,0.00,0.00,0.00,0.00,0.00,0.00,0.00,0.00,0.00,0.00,0.00,0.00,0,0.00,"",0.00,0.00,N,N,N,0.00,0.00,0.00,0,0.00,"",0.00,0.00,0.00,0.00,0.00,0,"",0.00,0.00,"","",0.00,0.00,0.00,0.00,0.00,0.00,0.00,0.00,0.00,0,"","",N,0.00
4,"8","S","13617688000286",0,10765,"20250812","MT","1","NF",55,1.00,159.00,0.00,0.00,0.00,0.00,0.00,"5405","500",N,1,1,1,0.00,0.00,0.00,0.00,0.00,0.00,0.00,0.00,0.00,0.00,0.00,"",0.00,0.00,0.00,0,0,0.00,0,0,"","",0.00,0.00,0.00,0.00,N,0.00,0.00,0.00,0,"FD","",0,"",159.00,1.000,"","",N,0.000,0.00,0.00,0.00,0.00,0.00,0.00,0.00,0.00,0.00,0.00,0.00,0.00,0.00,0.00,0.00,0.00,0.00,0.00,0.00,0.00,0.00,0.00,0.00,0.00,0.00,0.00,0.00,0.00,0.00,0,0.00,"",0.00,0.00,N,N,N,0.00,0.00,0.00,0,0.00,"",0.00,0.00,0.00,0.00,0.00,0,"",0.00,0.00,"","",0.00,0.00,0.00,0.00,0.00,0.00,0.00,0.00,0.00,0,"","",N,0.00
5,"9","S","13617688000286",0,10765,"20250812","MT","1","NF",55,1.00,169.00,0.00,0.00,0.00,0.00,0.00,"5101","101",N,1,1,1,0.00,0.00,0.00,0.00,0.00,0.00,0.00,0.00,0.00,0.00,0.00,"",0.00,0.00,0.00,0,0,0.00,0,0,"","",0.00,0.00,0.00,0.00,N,0.00,0.00,0.00,0,"FD","",0,"",169.00,1.000,"","",N,0.000,0.00,0.00,0.00,0.00,0.00,0.00,0.00,0.00,0.00,0.00,0.00,0.00,0.00,0.00,0.00,0.00,0.00,0.00,0.00,0.00,0.00,0.00,0.00,0.00,0.00,0.00,0.00,0.00,0.00,0,0.00,"",0.00,0.00,N,N,N,0.00,0.00,0.00,0,0.00,"",0.00,0.00,0.00,0.00,0.00,0,"",0.00,0.00,"","",0.00,0.00,0.00,0.00,0.00,0.00,0.00,0.00,0.00,0,"","",N,0.00
6,"10","S","13617688000286",0,10765,"20250812","MT","1","NF",55,1.00,185.00,0.00,0.00,0.00,0.00,0.00,"5101","101",N,1,1,1,0.00,0.00,0.00,0.00,0.00,0.00,0.00,0.00,0.00,0.00,0.00,"",0.00,0.00,0.00,0,0,0.00,0,0,"","",0.00,0.00,0.00,0.00,N,0.00,0.00,0.00,0,"FD","",0,"",185.00,1.000,"","",N,0.000,0.00,0.00,0.00,0.00,0.00,0.00,0.00,0.00,0.00,0.00,0.00,0.00,0.00,0.00,0.00,0.00,0.00,0.00,0.00,0.00,0.00,0.00,0.00,0.00,0.00,0.00,0.00,0.00,0.00,0,0.00,"",0.00,0.00,N,N,N,0.00,0.00,0.00,0,0.00,"",0.00,0.00,0.00,0.00,0.00,0,"",0.00,0.00,"","",0.00,0.00,0.00,0.00,0.00,0.00,0.00,0.00,0.00,0,"","",N,0.00
1,"2","S","50592177000100",0,10767,"20250812","MT","1","NF",55,1.00,95.00,0.00,0.00,0.00,0.00,0.00,"5405","500",N,1,1,1,0.00,0.00,0.00,0.00,0.00,0.00,0.00,0.00,0.00,0.00,0.00,"",0.00,0.00,0.00,0,0,0.00,0,0,"","",0.00,0.00,0.00,0.00,N,0.00,0.00,0.00,0,"FD","",0,"",95.00,1.000,"","",N,0.000,0.00,0.00,0.00,0.00,0.00,0.00,0.00,0.00,0.00,0.00,0.00,0.00,0.00,0.00,0.00,0.00,0.00,0.00,0.00,0.00,0.00,0.00,0.00,0.00,0.00,0.00,0.00,0.00,0.00,0,0.00,"",0.00,0.00,N,N,N,0.00,0.00,0.00,0,0.00,"",0.00,0.00,0.00,0.00,0.00,0,"",0.00,0.00,"","",0.00,0.00,0.00,0.00,0.00,0.00,0.00,0.00,0.00,0,"","",N,0.00
2,"3","S","50592177000100",0,10767,"20250812","MT","1","NF",55,1.00,135.00,0.00,0.00,0.00,0.00,0.00,"5405","500",N,1,1,1,0.00,0.00,0.00,0.00,0.00,0.00,0.00,0.00,0.00,0.00,0.00,"",0.00,0.00,0.00,0,0,0.00,0,0,"","",0.00,0.00,0.00,0.00,N,0.00,0.00,0.00,0,"FD","",0,"",135.00,1.000,"","",N,0.000,0.00,0.00,0.00,0.00,0.00,0.00,0.00,0.00,0.00,0.00,0.00,0.00,0.00,0.00,0.00,0.00,0.00,0.00,0.00,0.00,0.00,0.00,0.00,0.00,0.00,0.00,0.00,0.00,0.00,0,0.00,"",0.00,0.00,N,N,N,0.00,0.00,0.00,0,0.00,"",0.00,0.00,0.00,0.00,0.00,0,"",0.00,0.00,"","",0.00,0.00,0.00,0.00,0.00,0.00,0.00,0.00,0.00,0,"","",N,0.00
3,"4","S","50592177000100",0,10767,"20250812","MT","1","NF",55,1.00,135.00,0.00,0.00,0.00,0.00,0.00,"5405","500",N,1,1,1,0.00,0.00,0.00,0.00,0.00,0.00,0.00,0.00,0.00,0.00,0.00,"",0.00,0.00,0.00,0,0,0.00,0,0,"","",0.00,0.00,0.00,0.00,N,0.00,0.00,0.00,0,"FD","",0,"",135.00,1.000,"","",N,0.000,0.00,0.00,0.00,0.00,0.00,0.00,0.00,0.00,0.00,0.00,0.00,0.00,0.00,0.00,0.00,0.00,0.00,0.00,0.00,0.00,0.00,0.00,0.00,0.00,0.00,0.00,0.00,0.00,0.00,0,0.00,"",0.00,0.00,N,N,N,0.00,0.00,0.00,0,0.00,"",0.00,0.00,0.00,0.00,0.00,0,"",0.00,0.00,"","",0.00,0.00,0.00,0.00,0.00,0.00,0.00,0.00,0.00,0,"","",N,0.00
4,"7","S","50592177000100",0,10767,"20250812","MT","1","NF",55,1.00,159.00,0.00,0.00,0.00,0.00,0.00,"5405","500",N,1,1,1,0.00,0.00,0.00,0.00,0.00,0.00,0.00,0.00,0.00,0.00,0.00,"",0.00,0.00,0.00,0,0,0.00,0,0,"","",0.00,0.00,0.00,0.00,N,0.00,0.00,0.00,0,"FD","",0,"",159.00,1.000,"","",N,0.000,0.00,0.00,0.00,0.00,0.00,0.00,0.00,0.00,0.00,0.00,0.00,0.00,0.00,0.00,0.00,0.00,0.00,0.00,0.00,0.00,0.00,0.00,0.00,0.00,0.00,0.00,0.00,0.00,0.00,0,0.00,"",0.00,0.00,N,N,N,0.00,0.00,0.00,0,0.00,"",0.00,0.00,0.00,0.00,0.00,0,"",0.00,0.00,"","",0.00,0.00,0.00,0.00,0.00,0.00,0.00,0.00,0.00,0,"","",N,0.00
5,"8","S","50592177000100",0,10767,"20250812","MT","1","NF",55,1.00,159.00,0.00,0.00,0.00,0.00,0.00,"5405","500",N,1,1,1,0.00,0.00,0.00,0.00,0.00,0.00,0.00,0.00,0.00,0.00,0.00,"",0.00,0.00,0.00,0,0,0.00,0,0,"","",0.00,0.00,0.00,0.00,N,0.00,0.00,0.00,0,"FD","",0,"",159.00,1.000,"","",N,0.000,0.00,0.00,0.00,0.00,0.00,0.00,0.00,0.00,0.00,0.00,0.00,0.00,0.00,0.00,0.00,0.00,0.00,0.00,0.00,0.00,0.00,0.00,0.00,0.00,0.00,0.00,0.00,0.00,0.00,0,0.00,"",0.00,0.00,N,N,N,0.00,0.00,0.00,0,0.00,"",0.00,0.00,0.00,0.00,0.00,0,"",0.00,0.00,"","",0.00,0.00,0.00,0.00,0.00,0.00,0.00,0.00,0.00,0,"","",N,0.00
6,"9","S","50592177000100",0,10767,"20250812","MT","1","NF",55,1.00,169.00,0.00,0.00,0.00,0.00,0.00,"5101","101",N,1,1,1,0.00,0.00,0.00,0.00,0.00,0.00,0.00,0.00,0.00,0.00,0.00,"",0.00,0.00,0.00,0,0,0.00,0,0,"","",0.00,0.00,0.00,0.00,N,0.00,0.00,0.00,0,"FD","",0,"",169.00,1.000,"","",N,0.000,0.00,0.00,0.00,0.00,0.00,0.00,0.00,0.00,0.00,0.00,0.00,0.00,0.00,0.00,0.00,0.00,0.00,0.00,0.00,0.00,0.00,0.00,0.00,0.00,0.00,0.00,0.00,0.00,0.00,0,0.00,"",0.00,0.00,N,N,N,0.00,0.00,0.00,0,0.00,"",0.00,0.00,0.00,0.00,0.00,0,"",0.00,0.00,"","",0.00,0.00,0.00,0.00,0.00,0.00,0.00,0.00,0.00,0,"","",N,0.00
7,"10","S","50592177000100",0,10767,"20250812","MT","1","NF",55,1.00,185.00,0.00,0.00,0.00,0.00,0.00,"5101","101",N,1,1,1,0.00,0.00,0.00,0.00,0.00,0.00,0.00,0.00,0.00,0.00,0.00,"",0.00,0.00,0.00,0,0,0.00,0,0,"","",0.00,0.00,0.00,0.00,N,0.00,0.00,0.00,0,"FD","",0,"",185.00,1.000,"","",N,0.000,0.00,0.00,0.00,0.00,0.00,0.00,0.00,0.00,0.00,0.00,0.00,0.00,0.00,0.00,0.00,0.00,0.00,0.00,0.00,0.00,0.00,0.00,0.00,0.00,0.00,0.00,0.00,0.00,0.00,0,0.00,"",0.00,0.00,N,N,N,0.00,0.00,0.00,0,0.00,"",0.00,0.00,0.00,0.00,0.00,0,"",0.00,0.00,"","",0.00,0.00,0.00,0.00,0.00,0.00,0.00,0.00,0.00,0,"","",N,0.00
8,"38","S","50592177000100",0,10767,"20250812","MT","1","NF",55,1.00,120.00,0.00,0.00,0.00,0.00,0.00,"5405","500",N,1,1,1,0.00,0.00,0.00,0.00,0.00,0.00,0.00,0.00,0.00,0.00,0.00,"",0.00,0.00,0.00,0,0,0.00,0,0,"","",0.00,0.00,0.00,0.00,N,0.00,0.00,0.00,0,"FD","",0,"",120.00,1.000,"","",N,0.000,0.00,0.00,0.00,0.00,0.00,0.00,0.00,0.00,0.00,0.00,0.00,0.00,0.00,0.00,0.00,0.00,0.00,0.00,0.00,0.00,0.00,0.00,0.00,0.00,0.00,0.00,0.00,0.00,0.00,0,0.00,"",0.00,0.00,N,N,N,0.00,0.00,0.00,0,0.00,"",0.00,0.00,0.00,0.00,0.00,0,"",0.00,0.00,"","",0.00,0.00,0.00,0.00,0.00,0.00,0.00,0.00,0.00,0,"","",N,0.00
1,"3","S","13617688000103",0,10766,"20250812","MT","1","NF",55,1.00,135.00,0.00,0.00,0.00,0.00,0.00,"5405","500",N,1,1,1,0.00,0.00,0.00,0.00,0.00,0.00,0.00,0.00,0.00,0.00,0.00,"",0.00,0.00,0.00,0,0,0.00,0,0,"","",0.00,0.00,0.00,0.00,N,0.00,0.00,0.00,0,"FD","",0,"",135.00,1.000,"","",N,0.000,0.00,0.00,0.00,0.00,0.00,0.00,0.00,0.00,0.00,0.00,0.00,0.00,0.00,0.00,0.00,0.00,0.00,0.00,0.00,0.00,0.00,0.00,0.00,0.00,0.00,0.00,0.00,0.00,0.00,0,0.00,"",0.00,0.00,N,N,N,0.00,0.00,0.00,0,0.00,"",0.00,0.00,0.00,0.00,0.00,0,"",0.00,0.00,"","",0.00,0.00,0.00,0.00,0.00,0.00,0.00,0.00,0.00,0,"","",N,0.00
2,"4","S","13617688000103",0,10766,"20250812","MT","1","NF",55,1.00,135.00,0.00,0.00,0.00,0.00,0.00,"5405","500",N,1,1,1,0.00,0.00,0.00,0.00,0.00,0.00,0.00,0.00,0.00,0.00,0.00,"",0.00,0.00,0.00,0,0,0.00,0,0,"","",0.00,0.00,0.00,0.00,N,0.00,0.00,0.00,0,"FD","",0,"",135.00,1.000,"","",N,0.000,0.00,0.00,0.00,0.00,0.00,0.00,0.00,0.00,0.00,0.00,0.00,0.00,0.00,0.00,0.00,0.00,0.00,0.00,0.00,0.00,0.00,0.00,0.00,0.00,0.00,0.00,0.00,0.00,0.00,0,0.00,"",0.00,0.00,N,N,N,0.00,0.00,0.00,0,0.00,"",0.00,0.00,0.00,0.00,0.00,0,"",0.00,0.00,"","",0.00,0.00,0.00,0.00,0.00,0.00,0.00,0.00,0.00,0,"","",N,0.00
3,"7","S","13617688000103",0,10766,"20250812","MT","1","NF",55,1.00,159.00,0.00,0.00,0.00,0.00,0.00,"5405","500",N,1,1,1,0.00,0.00,0.00,0.00,0.00,0.00,0.00,0.00,0.00,0.00,0.00,"",0.00,0.00,0.00,0,0,0.00,0,0,"","",0.00,0.00,0.00,0.00,N,0.00,0.00,0.00,0,"FD","",0,"",159.00,1.000,"","",N,0.000,0.00,0.00,0.00,0.00,0.00,0.00,0.00,0.00,0.00,0.00,0.00,0.00,0.00,0.00,0.00,0.00,0.00,0.00,0.00,0.00,0.00,0.00,0.00,0.00,0.00,0.00,0.00,0.00,0.00,0,0.00,"",0.00,0.00,N,N,N,0.00,0.00,0.00,0,0.00,"",0.00,0.00,0.00,0.00,0.00,0,"",0.00,0.00,"","",0.00,0.00,0.00,0.00,0.00,0.00,0.00,0.00,0.00,0,"","",N,0.00
4,"8","S","13617688000103",0,10766,"20250812","MT","1","NF",55,1.00,159.00,0.00,0.00,0.00,0.00,0.00,"5405","500",N,1,1,1,0.00,0.00,0.00,0.00,0.00,0.00,0.00,0.00,0.00,0.00,0.00,"",0.00,0.00,0.00,0,0,0.00,0,0,"","",0.00,0.00,0.00,0.00,N,0.00,0.00,0.00,0,"FD","",0,"",159.00,1.000,"","",N,0.000,0.00,0.00,0.00,0.00,0.00,0.00,0.00,0.00,0.00,0.00,0.00,0.00,0.00,0.00,0.00,0.00,0.00,0.00,0.00,0.00,0.00,0.00,0.00,0.00,0.00,0.00,0.00,0.00,0.00,0,0.00,"",0.00,0.00,N,N,N,0.00,0.00,0.00,0,0.00,"",0.00,0.00,0.00,0.00,0.00,0,"",0.00,0.00,"","",0.00,0.00,0.00,0.00,0.00,0.00,0.00,0.00,0.00,0,"","",N,0.00
5,"15","S","13617688000103",0,10766,"20250812","MT","1","NF",55,1.00,149.00,0.00,0.00,0.00,0.00,0.00,"5405","500",N,1,1,1,0.00,0.00,0.00,0.00,0.00,0.00,0.00,0.00,0.00,0.00,0.00,"",0.00,0.00,0.00,0,0,0.00,0,0,"","",0.00,0.00,0.00,0.00,N,0.00,0.00,0.00,0,"FD","",0,"",149.00,1.000,"","",N,0.000,0.00,0.00,0.00,0.00,0.00,0.00,0.00,0.00,0.00,0.00,0.00,0.00,0.00,0.00,0.00,0.00,0.00,0.00,0.00,0.00,0.00,0.00,0.00,0.00,0.00,0.00,0.00,0.00,0.00,0,0.00,"",0.00,0.00,N,N,N,0.00,0.00,0.00,0,0.00,"",0.00,0.00,0.00,0.00,0.00,0,"",0.00,0.00,"","",0.00,0.00,0.00,0.00,0.00,0.00,0.00,0.00,0.00,0,"","",N,0.00
6,"16","S","13617688000103",0,10766,"20250812","MT","1","NF",55,1.00,213.00,0.00,0.00,0.00,0.00,0.00,"5405","500",N,1,1,1,0.00,0.00,0.00,0.00,0.00,0.00,0.00,0.00,0.00,0.00,0.00,"",0.00,0.00,0.00,0,0,0.00,0,0,"","",0.00,0.00,0.00,0.00,N,0.00,0.00,0.00,0,"FD","",0,"",213.00,1.000,"","",N,0.000,0.00,0.00,0.00,0.00,0.00,0.00,0.00,0.00,0.00,0.00,0.00,0.00,0.00,0.00,0.00,0.00,0.00,0.00,0.00,0.00,0.00,0.00,0.00,0.00,0.00,0.00,0.00,0.00,0.00,0,0.00,"",0.00,0.00,N,N,N,0.00,0.00,0.00,0,0.00,"",0.00,0.00,0.00,0.00,0.00,0,"",0.00,0.00,"","",0.00,0.00,0.00,0.00,0.00,0.00,0.00,0.00,0.00,0,"","",N,0.00
1,"3","S","37456910000193",0,10768,"20250813","MT","1","NF",55,20.00,1110.00,0.00,0.00,0.00,0.00,0.00,"5405","500",N,1,1,1,0.00,0.00,0.00,0.00,0.00,0.00,0.00,0.00,0.00,0.00,0.00,"",0.00,0.00,0.00,0,0,0.00,0,0,"","",0.00,0.00,0.00,0.00,N,0.00,0.00,0.00,0,"FD","",0,"",55.50,20.000,"","",N,0.000,0.00,0.00,0.00,0.00,0.00,0.00,0.00,0.00,0.00,0.00,0.00,0.00,0.00,0.00,0.00,0.00,0.00,0.00,0.00,0.00,0.00,0.00,0.00,0.00,0.00,0.00,0.00,0.00,0.00,0,0.00,"",0.00,0.00,N,N,N,0.00,0.00,0.00,0,0.00,"",0.00,0.00,0.00,0.00,0.00,0,"",0.00,0.00,"","",0.00,0.00,0.00,0.00,0.00,0.00,0.00,0.00,0.00,0,"","",N,0.00
2,"4","S","37456910000193",0,10768,"20250813","MT","1","NF",55,40.00,2220.00,0.00,0.00,0.00,0.00,0.00,"5405","500",N,1,1,1,0.00,0.00,0.00,0.00,0.00,0.00,0.00,0.00,0.00,0.00,0.00,"",0.00,0.00,0.00,0,0,0.00,0,0,"","",0.00,0.00,0.00,0.00,N,0.00,0.00,0.00,0,"FD","",0,"",55.50,40.000,"","",N,0.000,0.00,0.00,0.00,0.00,0.00,0.00,0.00,0.00,0.00,0.00,0.00,0.00,0.00,0.00,0.00,0.00,0.00,0.00,0.00,0.00,0.00,0.00,0.00,0.00,0.00,0.00,0.00,0.00,0.00,0,0.00,"",0.00,0.00,N,N,N,0.00,0.00,0.00,0,0.00,"",0.00,0.00,0.00,0.00,0.00,0,"",0.00,0.00,"","",0.00,0.00,0.00,0.00,0.00,0.00,0.00,0.00,0.00,0,"","",N,0.00
1,"4","S","37456910000193",0,10769,"20250813","MT","1","NF",55,5.00,277.50,0.00,0.00,0.00,0.00,0.00,"5910","500",N,1,1,1,0.00,0.00,0.00,0.00,0.00,0.00,0.00,0.00,0.00,0.00,0.00,"",0.00,0.00,0.00,0,0,0.00,0,0,"","",0.00,0.00,0.00,0.00,N,0.00,0.00,0.00,0,"FD","",0,"",55.50,5.000,"","",N,0.000,0.00,0.00,0.00,0.00,0.00,0.00,0.00,0.00,0.00,0.00,0.00,0.00,0.00,0.00,0.00,0.00,0.00,0.00,0.00,0.00,0.00,0.00,0.00,0.00,0.00,0.00,0.00,0.00,0.00,0,0.00,"",0.00,0.00,N,N,N,0.00,0.00,0.00,0,0.00,"",0.00,0.00,0.00,0.00,0.00,0,"",0.00,0.00,"","",0.00,0.00,0.00,0.00,0.00,0.00,0.00,0.00,0.00,0,"","",N,0.00
1,"2","S","14739053000567",0,10772,"20250813","MT","1","NF",55,1.00,92.00,0.00,0.00,0.00,0.00,0.00,"5405","500",N,1,1,1,0.00,0.00,0.00,0.00,0.00,0.00,0.00,0.00,0.00,0.00,0.00,"",0.00,0.00,0.00,0,0,0.00,0,0,"","",0.00,0.00,0.00,0.00,N,0.00,0.00,0.00,0,"FD","",0,"",92.00,1.000,"","",N,0.000,0.00,0.00,0.00,0.00,0.00,0.00,0.00,0.00,0.00,0.00,0.00,0.00,0.00,0.00,0.00,0.00,0.00,0.00,0.00,0.00,0.00,0.00,0.00,0.00,0.00,0.00,0.00,0.00,0.00,0,0.00,"",0.00,0.00,N,N,N,0.00,0.00,0.00,0,0.00,"",0.00,0.00,0.00,0.00,0.00,0,"",0.00,0.00,"","",0.00,0.00,0.00,0.00,0.00,0.00,0.00,0.00,0.00,0,"","",N,0.00
2,"3","S","14739053000567",0,10772,"20250813","MT","1","NF",55,2.00,258.00,0.00,0.00,0.00,0.00,0.00,"5405","500",N,1,1,1,0.00,0.00,0.00,0.00,0.00,0.00,0.00,0.00,0.00,0.00,0.00,"",0.00,0.00,0.00,0,0,0.00,0,0,"","",0.00,0.00,0.00,0.00,N,0.00,0.00,0.00,0,"FD","",0,"",129.00,2.000,"","",N,0.000,0.00,0.00,0.00,0.00,0.00,0.00,0.00,0.00,0.00,0.00,0.00,0.00,0.00,0.00,0.00,0.00,0.00,0.00,0.00,0.00,0.00,0.00,0.00,0.00,0.00,0.00,0.00,0.00,0.00,0,0.00,"",0.00,0.00,N,N,N,0.00,0.00,0.00,0,0.00,"",0.00,0.00,0.00,0.00,0.00,0,"",0.00,0.00,"","",0.00,0.00,0.00,0.00,0.00,0.00,0.00,0.00,0.00,0,"","",N,0.00
3,"7","S","14739053000567",0,10772,"20250813","MT","1","NF",55,1.00,141.00,0.00,0.00,0.00,0.00,0.00,"5405","500",N,1,1,1,0.00,0.00,0.00,0.00,0.00,0.00,0.00,0.00,0.00,0.00,0.00,"",0.00,0.00,0.00,0,0,0.00,0,0,"","",0.00,0.00,0.00,0.00,N,0.00,0.00,0.00,0,"FD","",0,"",141.00,1.000,"","",N,0.000,0.00,0.00,0.00,0.00,0.00,0.00,0.00,0.00,0.00,0.00,0.00,0.00,0.00,0.00,0.00,0.00,0.00,0.00,0.00,0.00,0.00,0.00,0.00,0.00,0.00,0.00,0.00,0.00,0.00,0,0.00,"",0.00,0.00,N,N,N,0.00,0.00,0.00,0,0.00,"",0.00,0.00,0.00,0.00,0.00,0,"",0.00,0.00,"","",0.00,0.00,0.00,0.00,0.00,0.00,0.00,0.00,0.00,0,"","",N,0.00
4,"20","S","14739053000567",0,10772,"20250813","MT","1","NF",55,1.00,99.00,0.00,0.00,0.00,0.00,0.00,"5405","500",N,1,1,1,0.00,0.00,0.00,0.00,0.00,0.00,0.00,0.00,0.00,0.00,0.00,"",0.00,0.00,0.00,0,0,0.00,0,0,"","",0.00,0.00,0.00,0.00,N,0.00,0.00,0.00,0,"FD","",0,"",99.00,1.000,"","",N,0.000,0.00,0.00,0.00,0.00,0.00,0.00,0.00,0.00,0.00,0.00,0.00,0.00,0.00,0.00,0.00,0.00,0.00,0.00,0.00,0.00,0.00,0.00,0.00,0.00,0.00,0.00,0.00,0.00,0.00,0,0.00,"",0.00,0.00,N,N,N,0.00,0.00,0.00,0,0.00,"",0.00,0.00,0.00,0.00,0.00,0,"",0.00,0.00,"","",0.00,0.00,0.00,0.00,0.00,0.00,0.00,0.00,0.00,0,"","",N,0.00
5,"22","S","14739053000567",0,10772,"20250813","MT","1","NF",55,2.00,240.00,0.00,0.00,0.00,0.00,0.00,"5405","500",N,1,1,1,0.00,0.00,0.00,0.00,0.00,0.00,0.00,0.00,0.00,0.00,0.00,"",0.00,0.00,0.00,0,0,0.00,0,0,"","",0.00,0.00,0.00,0.00,N,0.00,0.00,0.00,0,"FD","",0,"",120.00,2.000,"","",N,0.000,0.00,0.00,0.00,0.00,0.00,0.00,0.00,0.00,0.00,0.00,0.00,0.00,0.00,0.00,0.00,0.00,0.00,0.00,0.00,0.00,0.00,0.00,0.00,0.00,0.00,0.00,0.00,0.00,0.00,0,0.00,"",0.00,0.00,N,N,N,0.00,0.00,0.00,0,0.00,"",0.00,0.00,0.00,0.00,0.00,0,"",0.00,0.00,"","",0.00,0.00,0.00,0.00,0.00,0.00,0.00,0.00,0.00,0,"","",N,0.00
1,"7","S","26908370000115",0,10770,"20250813","MT","1","NF",55,1.00,159.00,0.00,0.00,0.00,0.00,0.00,"5405","500",N,1,1,1,0.00,0.00,0.00,0.00,0.00,0.00,0.00,0.00,0.00,0.00,0.00,"",0.00,0.00,0.00,0,0,0.00,0,0,"","",0.00,0.00,0.00,0.00,N,0.00,0.00,0.00,0,"FD","",0,"",159.00,1.000,"","",N,0.000,0.00,0.00,0.00,0.00,0.00,0.00,0.00,0.00,0.00,0.00,0.00,0.00,0.00,0.00,0.00,0.00,0.00,0.00,0.00,0.00,0.00,0.00,0.00,0.00,0.00,0.00,0.00,0.00,0.00,0,0.00,"",0.00,0.00,N,N,N,0.00,0.00,0.00,0,0.00,"",0.00,0.00,0.00,0.00,0.00,0,"",0.00,0.00,"","",0.00,0.00,0.00,0.00,0.00,0.00,0.00,0.00,0.00,0,"","",N,0.00
2,"8","S","26908370000115",0,10770,"20250813","MT","1","NF",55,1.00,159.00,0.00,0.00,0.00,0.00,0.00,"5405","500",N,1,1,1,0.00,0.00,0.00,0.00,0.00,0.00,0.00,0.00,0.00,0.00,0.00,"",0.00,0.00,0.00,0,0,0.00,0,0,"","",0.00,0.00,0.00,0.00,N,0.00,0.00,0.00,0,"FD","",0,"",159.00,1.000,"","",N,0.000,0.00,0.00,0.00,0.00,0.00,0.00,0.00,0.00,0.00,0.00,0.00,0.00,0.00,0.00,0.00,0.00,0.00,0.00,0.00,0.00,0.00,0.00,0.00,0.00,0.00,0.00,0.00,0.00,0.00,0,0.00,"",0.00,0.00,N,N,N,0.00,0.00,0.00,0,0.00,"",0.00,0.00,0.00,0.00,0.00,0,"",0.00,0.00,"","",0.00,0.00,0.00,0.00,0.00,0.00,0.00,0.00,0.00,0,"","",N,0.00
3,"9","S","26908370000115",0,10770,"20250813","MT","1","NF",55,1.00,169.00,0.00,0.00,0.00,0.00,0.00,"5101","101",N,1,1,1,0.00,0.00,0.00,0.00,0.00,0.00,0.00,0.00,0.00,0.00,0.00,"",0.00,0.00,0.00,0,0,0.00,0,0,"","",0.00,0.00,0.00,0.00,N,0.00,0.00,0.00,0,"FD","",0,"",169.00,1.000,"","",N,0.000,0.00,0.00,0.00,0.00,0.00,0.00,0.00,0.00,0.00,0.00,0.00,0.00,0.00,0.00,0.00,0.00,0.00,0.00,0.00,0.00,0.00,0.00,0.00,0.00,0.00,0.00,0.00,0.00,0.00,0,0.00,"",0.00,0.00,N,N,N,0.00,0.00,0.00,0,0.00,"",0.00,0.00,0.00,0.00,0.00,0,"",0.00,0.00,"","",0.00,0.00,0.00,0.00,0.00,0.00,0.00,0.00,0.00,0,"","",N,0.00
4,"10","S","26908370000115",0,10770,"20250813","MT","1","NF",55,1.00,185.00,0.00,0.00,0.00,0.00,0.00,"5101","101",N,1,1,1,0.00,0.00,0.00,0.00,0.00,0.00,0.00,0.00,0.00,0.00,0.00,"",0.00,0.00,0.00,0,0,0.00,0,0,"","",0.00,0.00,0.00,0.00,N,0.00,0.00,0.00,0,"FD","",0,"",185.00,1.000,"","",N,0.000,0.00,0.00,0.00,0.00,0.00,0.00,0.00,0.00,0.00,0.00,0.00,0.00,0.00,0.00,0.00,0.00,0.00,0.00,0.00,0.00,0.00,0.00,0.00,0.00,0.00,0.00,0.00,0.00,0.00,0,0.00,"",0.00,0.00,N,N,N,0.00,0.00,0.00,0,0.00,"",0.00,0.00,0.00,0.00,0.00,0,"",0.00,0.00,"","",0.00,0.00,0.00,0.00,0.00,0.00,0.00,0.00,0.00,0,"","",N,0.00
1,"1","S","14739053000133",0,10771,"20250813","MT","1","NF",55,3.00,216.00,0.00,0.00,0.00,0.00,0.00,"5405","500",N,1,1,1,0.00,0.00,0.00,0.00,0.00,0.00,0.00,0.00,0.00,0.00,0.00,"",0.00,0.00,0.00,0,0,0.00,0,0,"","",0.00,0.00,0.00,0.00,N,0.00,0.00,0.00,0,"FD","",0,"",72.00,3.000,"","",N,0.000,0.00,0.00,0.00,0.00,0.00,0.00,0.00,0.00,0.00,0.00,0.00,0.00,0.00,0.00,0.00,0.00,0.00,0.00,0.00,0.00,0.00,0.00,0.00,0.00,0.00,0.00,0.00,0.00,0.00,0,0.00,"",0.00,0.00,N,N,N,0.00,0.00,0.00,0,0.00,"",0.00,0.00,0.00,0.00,0.00,0,"",0.00,0.00,"","",0.00,0.00,0.00,0.00,0.00,0.00,0.00,0.00,0.00,0,"","",N,0.00
2,"2","S","14739053000133",0,10771,"20250813","MT","1","NF",55,1.00,92.00,0.00,0.00,0.00,0.00,0.00,"5405","500",N,1,1,1,0.00,0.00,0.00,0.00,0.00,0.00,0.00,0.00,0.00,0.00,0.00,"",0.00,0.00,0.00,0,0,0.00,0,0,"","",0.00,0.00,0.00,0.00,N,0.00,0.00,0.00,0,"FD","",0,"",92.00,1.000,"","",N,0.000,0.00,0.00,0.00,0.00,0.00,0.00,0.00,0.00,0.00,0.00,0.00,0.00,0.00,0.00,0.00,0.00,0.00,0.00,0.00,0.00,0.00,0.00,0.00,0.00,0.00,0.00,0.00,0.00,0.00,0,0.00,"",0.00,0.00,N,N,N,0.00,0.00,0.00,0,0.00,"",0.00,0.00,0.00,0.00,0.00,0,"",0.00,0.00,"","",0.00,0.00,0.00,0.00,0.00,0.00,0.00,0.00,0.00,0,"","",N,0.00
3,"3","S","14739053000133",0,10771,"20250813","MT","1","NF",55,5.00,645.00,0.00,0.00,0.00,0.00,0.00,"5405","500",N,1,1,1,0.00,0.00,0.00,0.00,0.00,0.00,0.00,0.00,0.00,0.00,0.00,"",0.00,0.00,0.00,0,0,0.00,0,0,"","",0.00,0.00,0.00,0.00,N,0.00,0.00,0.00,0,"FD","",0,"",129.00,5.000,"","",N,0.000,0.00,0.00,0.00,0.00,0.00,0.00,0.00,0.00,0.00,0.00,0.00,0.00,0.00,0.00,0.00,0.00,0.00,0.00,0.00,0.00,0.00,0.00,0.00,0.00,0.00,0.00,0.00,0.00,0.00,0,0.00,"",0.00,0.00,N,N,N,0.00,0.00,0.00,0,0.00,"",0.00,0.00,0.00,0.00,0.00,0,"",0.00,0.00,"","",0.00,0.00,0.00,0.00,0.00,0.00,0.00,0.00,0.00,0,"","",N,0.00
4,"4","S","14739053000133",0,10771,"20250813","MT","1","NF",55,3.00,387.00,0.00,0.00,0.00,0.00,0.00,"5405","500",N,1,1,1,0.00,0.00,0.00,0.00,0.00,0.00,0.00,0.00,0.00,0.00,0.00,"",0.00,0.00,0.00,0,0,0.00,0,0,"","",0.00,0.00,0.00,0.00,N,0.00,0.00,0.00,0,"FD","",0,"",129.00,3.000,"","",N,0.000,0.00,0.00,0.00,0.00,0.00,0.00,0.00,0.00,0.00,0.00,0.00,0.00,0.00,0.00,0.00,0.00,0.00,0.00,0.00,0.00,0.00,0.00,0.00,0.00,0.00,0.00,0.00,0.00,0.00,0,0.00,"",0.00,0.00,N,N,N,0.00,0.00,0.00,0,0.00,"",0.00,0.00,0.00,0.00,0.00,0,"",0.00,0.00,"","",0.00,0.00,0.00,0.00,0.00,0.00,0.00,0.00,0.00,0,"","",N,0.00
5,"7","S","14739053000133",0,10771,"20250813","MT","1","NF",55,4.00,564.00,0.00,0.00,0.00,0.00,0.00,"5405","500",N,1,1,1,0.00,0.00,0.00,0.00,0.00,0.00,0.00,0.00,0.00,0.00,0.00,"",0.00,0.00,0.00,0,0,0.00,0,0,"","",0.00,0.00,0.00,0.00,N,0.00,0.00,0.00,0,"FD","",0,"",141.00,4.000,"","",N,0.000,0.00,0.00,0.00,0.00,0.00,0.00,0.00,0.00,0.00,0.00,0.00,0.00,0.00,0.00,0.00,0.00,0.00,0.00,0.00,0.00,0.00,0.00,0.00,0.00,0.00,0.00,0.00,0.00,0.00,0,0.00,"",0.00,0.00,N,N,N,0.00,0.00,0.00,0,0.00,"",0.00,0.00,0.00,0.00,0.00,0,"",0.00,0.00,"","",0.00,0.00,0.00,0.00,0.00,0.00,0.00,0.00,0.00,0,"","",N,0.00
6,"8","S","14739053000133",0,10771,"20250813","MT","1","NF",55,3.00,423.00,0.00,0.00,0.00,0.00,0.00,"5405","500",N,1,1,1,0.00,0.00,0.00,0.00,0.00,0.00,0.00,0.00,0.00,0.00,0.00,"",0.00,0.00,0.00,0,0,0.00,0,0,"","",0.00,0.00,0.00,0.00,N,0.00,0.00,0.00,0,"FD","",0,"",141.00,3.000,"","",N,0.000,0.00,0.00,0.00,0.00,0.00,0.00,0.00,0.00,0.00,0.00,0.00,0.00,0.00,0.00,0.00,0.00,0.00,0.00,0.00,0.00,0.00,0.00,0.00,0.00,0.00,0.00,0.00,0.00,0.00,0,0.00,"",0.00,0.00,N,N,N,0.00,0.00,0.00,0,0.00,"",0.00,0.00,0.00,0.00,0.00,0,"",0.00,0.00,"","",0.00,0.00,0.00,0.00,0.00,0.00,0.00,0.00,0.00,0,"","",N,0.00
7,"9","S","14739053000133",0,10771,"20250813","MT","1","NF",55,3.00,447.00,0.00,0.00,0.00,0.00,0.00,"5101","101",N,1,1,1,0.00,0.00,0.00,0.00,0.00,0.00,0.00,0.00,0.00,0.00,0.00,"",0.00,0.00,0.00,0,0,0.00,0,0,"","",0.00,0.00,0.00,0.00,N,0.00,0.00,0.00,0,"FD","",0,"",149.00,3.000,"","",N,0.000,0.00,0.00,0.00,0.00,0.00,0.00,0.00,0.00,0.00,0.00,0.00,0.00,0.00,0.00,0.00,0.00,0.00,0.00,0.00,0.00,0.00,0.00,0.00,0.00,0.00,0.00,0.00,0.00,0.00,0,0.00,"",0.00,0.00,N,N,N,0.00,0.00,0.00,0,0.00,"",0.00,0.00,0.00,0.00,0.00,0,"",0.00,0.00,"","",0.00,0.00,0.00,0.00,0.00,0.00,0.00,0.00,0.00,0,"","",N,0.00
8,"10","S","14739053000133",0,10771,"20250813","MT","1","NF",55,3.00,510.00,0.00,0.00,0.00,0.00,0.00,"5101","101",N,1,1,1,0.00,0.00,0.00,0.00,0.00,0.00,0.00,0.00,0.00,0.00,0.00,"",0.00,0.00,0.00,0,0,0.00,0,0,"","",0.00,0.00,0.00,0.00,N,0.00,0.00,0.00,0,"FD","",0,"",170.00,3.000,"","",N,0.000,0.00,0.00,0.00,0.00,0.00,0.00,0.00,0.00,0.00,0.00,0.00,0.00,0.00,0.00,0.00,0.00,0.00,0.00,0.00,0.00,0.00,0.00,0.00,0.00,0.00,0.00,0.00,0.00,0.00,0,0.00,"",0.00,0.00,N,N,N,0.00,0.00,0.00,0,0.00,"",0.00,0.00,0.00,0.00,0.00,0,"",0.00,0.00,"","",0.00,0.00,0.00,0.00,0.00,0.00,0.00,0.00,0.00,0,"","",N,0.00
9,"15","S","14739053000133",0,10771,"20250813","MT","1","NF",55,3.00,423.00,0.00,0.00,0.00,0.00,0.00,"5405","500",N,1,1,1,0.00,0.00,0.00,0.00,0.00,0.00,0.00,0.00,0.00,0.00,0.00,"",0.00,0.00,0.00,0,0,0.00,0,0,"","",0.00,0.00,0.00,0.00,N,0.00,0.00,0.00,0,"FD","",0,"",141.00,3.000,"","",N,0.000,0.00,0.00,0.00,0.00,0.00,0.00,0.00,0.00,0.00,0.00,0.00,0.00,0.00,0.00,0.00,0.00,0.00,0.00,0.00,0.00,0.00,0.00,0.00,0.00,0.00,0.00,0.00,0.00,0.00,0,0.00,"",0.00,0.00,N,N,N,0.00,0.00,0.00,0,0.00,"",0.00,0.00,0.00,0.00,0.00,0,"",0.00,0.00,"","",0.00,0.00,0.00,0.00,0.00,0.00,0.00,0.00,0.00,0,"","",N,0.00
10,"16","S","14739053000133",0,10771,"20250813","MT","1","NF",55,5.00,1040.00,0.00,0.00,0.00,0.00,0.00,"5405","500",N,1,1,1,0.00,0.00,0.00,0.00,0.00,0.00,0.00,0.00,0.00,0.00,0.00,"",0.00,0.00,0.00,0,0,0.00,0,0,"","",0.00,0.00,0.00,0.00,N,0.00,0.00,0.00,0,"FD","",0,"",208.00,5.000,"","",N,0.000,0.00,0.00,0.00,0.00,0.00,0.00,0.00,0.00,0.00,0.00,0.00,0.00,0.00,0.00,0.00,0.00,0.00,0.00,0.00,0.00,0.00,0.00,0.00,0.00,0.00,0.00,0.00,0.00,0.00,0,0.00,"",0.00,0.00,N,N,N,0.00,0.00,0.00,0,0.00,"",0.00,0.00,0.00,0.00,0.00,0,"",0.00,0.00,"","",0.00,0.00,0.00,0.00,0.00,0.00,0.00,0.00,0.00,0,"","",N,0.00
11,"19","S","14739053000133",0,10771,"20250813","MT","1","NF",55,2.00,180.00,0.00,0.00,0.00,0.00,0.00,"5405","500",N,1,1,1,0.00,0.00,0.00,0.00,0.00,0.00,0.00,0.00,0.00,0.00,0.00,"",0.00,0.00,0.00,0,0,0.00,0,0,"","",0.00,0.00,0.00,0.00,N,0.00,0.00,0.00,0,"FD","",0,"",90.00,2.000,"","",N,0.000,0.00,0.00,0.00,0.00,0.00,0.00,0.00,0.00,0.00,0.00,0.00,0.00,0.00,0.00,0.00,0.00,0.00,0.00,0.00,0.00,0.00,0.00,0.00,0.00,0.00,0.00,0.00,0.00,0.00,0,0.00,"",0.00,0.00,N,N,N,0.00,0.00,0.00,0,0.00,"",0.00,0.00,0.00,0.00,0.00,0,"",0.00,0.00,"","",0.00,0.00,0.00,0.00,0.00,0.00,0.00,0.00,0.00,0,"","",N,0.00
12,"20","S","14739053000133",0,10771,"20250813","MT","1","NF",55,4.00,396.00,0.00,0.00,0.00,0.00,0.00,"5405","500",N,1,1,1,0.00,0.00,0.00,0.00,0.00,0.00,0.00,0.00,0.00,0.00,0.00,"",0.00,0.00,0.00,0,0,0.00,0,0,"","",0.00,0.00,0.00,0.00,N,0.00,0.00,0.00,0,"FD","",0,"",99.00,4.000,"","",N,0.000,0.00,0.00,0.00,0.00,0.00,0.00,0.00,0.00,0.00,0.00,0.00,0.00,0.00,0.00,0.00,0.00,0.00,0.00,0.00,0.00,0.00,0.00,0.00,0.00,0.00,0.00,0.00,0.00,0.00,0,0.00,"",0.00,0.00,N,N,N,0.00,0.00,0.00,0,0.00,"",0.00,0.00,0.00,0.00,0.00,0,"",0.00,0.00,"","",0.00,0.00,0.00,0.00,0.00,0.00,0.00,0.00,0.00,0,"","",N,0.00
13,"21","S","14739053000133",0,10771,"20250813","MT","1","NF",55,4.00,480.00,0.00,0.00,0.00,0.00,0.00,"5405","500",N,1,1,1,0.00,0.00,0.00,0.00,0.00,0.00,0.00,0.00,0.00,0.00,0.00,"",0.00,0.00,0.00,0,0,0.00,0,0,"","",0.00,0.00,0.00,0.00,N,0.00,0.00,0.00,0,"FD","",0,"",120.00,4.000,"","",N,0.000,0.00,0.00,0.00,0.00,0.00,0.00,0.00,0.00,0.00,0.00,0.00,0.00,0.00,0.00,0.00,0.00,0.00,0.00,0.00,0.00,0.00,0.00,0.00,0.00,0.00,0.00,0.00,0.00,0.00,0,0.00,"",0.00,0.00,N,N,N,0.00,0.00,0.00,0,0.00,"",0.00,0.00,0.00,0.00,0.00,0,"",0.00,0.00,"","",0.00,0.00,0.00,0.00,0.00,0.00,0.00,0.00,0.00,0,"","",N,0.00
14,"22","S","14739053000133",0,10771,"20250813","MT","1","NF",55,3.00,360.00,0.00,0.00,0.00,0.00,0.00,"5405","500",N,1,1,1,0.00,0.00,0.00,0.00,0.00,0.00,0.00,0.00,0.00,0.00,0.00,"",0.00,0.00,0.00,0,0,0.00,0,0,"","",0.00,0.00,0.00,0.00,N,0.00,0.00,0.00,0,"FD","",0,"",120.00,3.000,"","",N,0.000,0.00,0.00,0.00,0.00,0.00,0.00,0.00,0.00,0.00,0.00,0.00,0.00,0.00,0.00,0.00,0.00,0.00,0.00,0.00,0.00,0.00,0.00,0.00,0.00,0.00,0.00,0.00,0.00,0.00,0,0.00,"",0.00,0.00,N,N,N,0.00,0.00,0.00,0,0.00,"",0.00,0.00,0.00,0.00,0.00,0,"",0.00,0.00,"","",0.00,0.00,0.00,0.00,0.00,0.00,0.00,0.00,0.00,0,"","",N,0.00
15,"36","S","14739053000133",0,10771,"20250813","MT","1","NF",55,1.00,90.00,0.00,0.00,0.00,0.00,0.00,"5405","500",N,1,1,1,0.00,0.00,0.00,0.00,0.00,0.00,0.00,0.00,0.00,0.00,0.00,"",0.00,0.00,0.00,0,0,0.00,0,0,"","",0.00,0.00,0.00,0.00,N,0.00,0.00,0.00,0,"FD","",0,"",90.00,1.000,"","",N,0.000,0.00,0.00,0.00,0.00,0.00,0.00,0.00,0.00,0.00,0.00,0.00,0.00,0.00,0.00,0.00,0.00,0.00,0.00,0.00,0.00,0.00,0.00,0.00,0.00,0.00,0.00,0.00,0.00,0.00,0,0.00,"",0.00,0.00,N,N,N,0.00,0.00,0.00,0,0.00,"",0.00,0.00,0.00,0.00,0.00,0,"",0.00,0.00,"","",0.00,0.00,0.00,0.00,0.00,0.00,0.00,0.00,0.00,0,"","",N,0.00
16,"38","S","14739053000133",0,10771,"20250813","MT","1","NF",55,5.00,600.00,0.00,0.00,0.00,0.00,0.00,"5405","500",N,1,1,1,0.00,0.00,0.00,0.00,0.00,0.00,0.00,0.00,0.00,0.00,0.00,"",0.00,0.00,0.00,0,0,0.00,0,0,"","",0.00,0.00,0.00,0.00,N,0.00,0.00,0.00,0,"FD","",0,"",120.00,5.000,"","",N,0.000,0.00,0.00,0.00,0.00,0.00,0.00,0.00,0.00,0.00,0.00,0.00,0.00,0.00,0.00,0.00,0.00,0.00,0.00,0.00,0.00,0.00,0.00,0.00,0.00,0.00,0.00,0.00,0.00,0.00,0,0.00,"",0.00,0.00,N,N,N,0.00,0.00,0.00,0,0.00,"",0.00,0.00,0.00,0.00,0.00,0,"",0.00,0.00,"","",0.00,0.00,0.00,0.00,0.00,0.00,0.00,0.00,0.00,0,"","",N,0.00
17,"39","S","14739053000133",0,10771,"20250813","MT","1","NF",55,4.00,480.00,0.00,0.00,0.00,0.00,0.00,"5405","500",N,1,1,1,0.00,0.00,0.00,0.00,0.00,0.00,0.00,0.00,0.00,0.00,0.00,"",0.00,0.00,0.00,0,0,0.00,0,0,"","",0.00,0.00,0.00,0.00,N,0.00,0.00,0.00,0,"FD","",0,"",120.00,4.000,"","",N,0.000,0.00,0.00,0.00,0.00,0.00,0.00,0.00,0.00,0.00,0.00,0.00,0.00,0.00,0.00,0.00,0.00,0.00,0.00,0.00,0.00,0.00,0.00,0.00,0.00,0.00,0.00,0.00,0.00,0.00,0,0.00,"",0.00,0.00,N,N,N,0.00,0.00,0.00,0,0.00,"",0.00,0.00,0.00,0.00,0.00,0,"",0.00,0.00,"","",0.00,0.00,0.00,0.00,0.00,0.00,0.00,0.00,0.00,0,"","",N,0.00
1,"3","S","14739053000800",0,10773,"20250813","MT","1","NF",55,2.00,258.00,0.00,0.00,0.00,0.00,0.00,"5405","500",N,1,1,1,0.00,0.00,0.00,0.00,0.00,0.00,0.00,0.00,0.00,0.00,0.00,"",0.00,0.00,0.00,0,0,0.00,0,0,"","",0.00,0.00,0.00,0.00,N,0.00,0.00,0.00,0,"FD","",0,"",129.00,2.000,"","",N,0.000,0.00,0.00,0.00,0.00,0.00,0.00,0.00,0.00,0.00,0.00,0.00,0.00,0.00,0.00,0.00,0.00,0.00,0.00,0.00,0.00,0.00,0.00,0.00,0.00,0.00,0.00,0.00,0.00,0.00,0,0.00,"",0.00,0.00,N,N,N,0.00,0.00,0.00,0,0.00,"",0.00,0.00,0.00,0.00,0.00,0,"",0.00,0.00,"","",0.00,0.00,0.00,0.00,0.00,0.00,0.00,0.00,0.00,0,"","",N,0.00
1,"1","S","14739053000729",0,10774,"20250813","MT","1","NF",55,2.00,144.00,0.00,0.00,0.00,0.00,0.00,"5405","500",N,1,1,1,0.00,0.00,0.00,0.00,0.00,0.00,0.00,0.00,0.00,0.00,0.00,"",0.00,0.00,0.00,0,0,0.00,0,0,"","",0.00,0.00,0.00,0.00,N,0.00,0.00,0.00,0,"FD","",0,"",72.00,2.000,"","",N,0.000,0.00,0.00,0.00,0.00,0.00,0.00,0.00,0.00,0.00,0.00,0.00,0.00,0.00,0.00,0.00,0.00,0.00,0.00,0.00,0.00,0.00,0.00,0.00,0.00,0.00,0.00,0.00,0.00,0.00,0,0.00,"",0.00,0.00,N,N,N,0.00,0.00,0.00,0,0.00,"",0.00,0.00,0.00,0.00,0.00,0,"",0.00,0.00,"","",0.00,0.00,0.00,0.00,0.00,0.00,0.00,0.00,0.00,0,"","",N,0.00
2,"2","S","14739053000729",0,10774,"20250813","MT","1","NF",55,3.00,276.00,0.00,0.00,0.00,0.00,0.00,"5405","500",N,1,1,1,0.00,0.00,0.00,0.00,0.00,0.00,0.00,0.00,0.00,0.00,0.00,"",0.00,0.00,0.00,0,0,0.00,0,0,"","",0.00,0.00,0.00,0.00,N,0.00,0.00,0.00,0,"FD","",0,"",92.00,3.000,"","",N,0.000,0.00,0.00,0.00,0.00,0.00,0.00,0.00,0.00,0.00,0.00,0.00,0.00,0.00,0.00,0.00,0.00,0.00,0.00,0.00,0.00,0.00,0.00,0.00,0.00,0.00,0.00,0.00,0.00,0.00,0,0.00,"",0.00,0.00,N,N,N,0.00,0.00,0.00,0,0.00,"",0.00,0.00,0.00,0.00,0.00,0,"",0.00,0.00,"","",0.00,0.00,0.00,0.00,0.00,0.00,0.00,0.00,0.00,0,"","",N,0.00
3,"3","S","14739053000729",0,10774,"20250813","MT","1","NF",55,3.00,387.00,0.00,0.00,0.00,0.00,0.00,"5405","500",N,1,1,1,0.00,0.00,0.00,0.00,0.00,0.00,0.00,0.00,0.00,0.00,0.00,"",0.00,0.00,0.00,0,0,0.00,0,0,"","",0.00,0.00,0.00,0.00,N,0.00,0.00,0.00,0,"FD","",0,"",129.00,3.000,"","",N,0.000,0.00,0.00,0.00,0.00,0.00,0.00,0.00,0.00,0.00,0.00,0.00,0.00,0.00,0.00,0.00,0.00,0.00,0.00,0.00,0.00,0.00,0.00,0.00,0.00,0.00,0.00,0.00,0.00,0.00,0,0.00,"",0.00,0.00,N,N,N,0.00,0.00,0.00,0,0.00,"",0.00,0.00,0.00,0.00,0.00,0,"",0.00,0.00,"","",0.00,0.00,0.00,0.00,0.00,0.00,0.00,0.00,0.00,0,"","",N,0.00
4,"4","S","14739053000729",0,10774,"20250813","MT","1","NF",55,2.00,258.00,0.00,0.00,0.00,0.00,0.00,"5405","500",N,1,1,1,0.00,0.00,0.00,0.00,0.00,0.00,0.00,0.00,0.00,0.00,0.00,"",0.00,0.00,0.00,0,0,0.00,0,0,"","",0.00,0.00,0.00,0.00,N,0.00,0.00,0.00,0,"FD","",0,"",129.00,2.000,"","",N,0.000,0.00,0.00,0.00,0.00,0.00,0.00,0.00,0.00,0.00,0.00,0.00,0.00,0.00,0.00,0.00,0.00,0.00,0.00,0.00,0.00,0.00,0.00,0.00,0.00,0.00,0.00,0.00,0.00,0.00,0,0.00,"",0.00,0.00,N,N,N,0.00,0.00,0.00,0,0.00,"",0.00,0.00,0.00,0.00,0.00,0,"",0.00,0.00,"","",0.00,0.00,0.00,0.00,0.00,0.00,0.00,0.00,0.00,0,"","",N,0.00
5,"7","S","14739053000729",0,10774,"20250813","MT","1","NF",55,3.00,423.00,0.00,0.00,0.00,0.00,0.00,"5405","500",N,1,1,1,0.00,0.00,0.00,0.00,0.00,0.00,0.00,0.00,0.00,0.00,0.00,"",0.00,0.00,0.00,0,0,0.00,0,0,"","",0.00,0.00,0.00,0.00,N,0.00,0.00,0.00,0,"FD","",0,"",141.00,3.000,"","",N,0.000,0.00,0.00,0.00,0.00,0.00,0.00,0.00,0.00,0.00,0.00,0.00,0.00,0.00,0.00,0.00,0.00,0.00,0.00,0.00,0.00,0.00,0.00,0.00,0.00,0.00,0.00,0.00,0.00,0.00,0,0.00,"",0.00,0.00,N,N,N,0.00,0.00,0.00,0,0.00,"",0.00,0.00,0.00,0.00,0.00,0,"",0.00,0.00,"","",0.00,0.00,0.00,0.00,0.00,0.00,0.00,0.00,0.00,0,"","",N,0.00
6,"8","S","14739053000729",0,10774,"20250813","MT","1","NF",55,2.00,282.00,0.00,0.00,0.00,0.00,0.00,"5405","500",N,1,1,1,0.00,0.00,0.00,0.00,0.00,0.00,0.00,0.00,0.00,0.00,0.00,"",0.00,0.00,0.00,0,0,0.00,0,0,"","",0.00,0.00,0.00,0.00,N,0.00,0.00,0.00,0,"FD","",0,"",141.00,2.000,"","",N,0.000,0.00,0.00,0.00,0.00,0.00,0.00,0.00,0.00,0.00,0.00,0.00,0.00,0.00,0.00,0.00,0.00,0.00,0.00,0.00,0.00,0.00,0.00,0.00,0.00,0.00,0.00,0.00,0.00,0.00,0,0.00,"",0.00,0.00,N,N,N,0.00,0.00,0.00,0,0.00,"",0.00,0.00,0.00,0.00,0.00,0,"",0.00,0.00,"","",0.00,0.00,0.00,0.00,0.00,0.00,0.00,0.00,0.00,0,"","",N,0.00
7,"9","S","14739053000729",0,10774,"20250813","MT","1","NF",55,2.00,298.00,0.00,0.00,0.00,0.00,0.00,"5101","101",N,1,1,1,0.00,0.00,0.00,0.00,0.00,0.00,0.00,0.00,0.00,0.00,0.00,"",0.00,0.00,0.00,0,0,0.00,0,0,"","",0.00,0.00,0.00,0.00,N,0.00,0.00,0.00,0,"FD","",0,"",149.00,2.000,"","",N,0.000,0.00,0.00,0.00,0.00,0.00,0.00,0.00,0.00,0.00,0.00,0.00,0.00,0.00,0.00,0.00,0.00,0.00,0.00,0.00,0.00,0.00,0.00,0.00,0.00,0.00,0.00,0.00,0.00,0.00,0,0.00,"",0.00,0.00,N,N,N,0.00,0.00,0.00,0,0.00,"",0.00,0.00,0.00,0.00,0.00,0,"",0.00,0.00,"","",0.00,0.00,0.00,0.00,0.00,0.00,0.00,0.00,0.00,0,"","",N,0.00
8,"10","S","14739053000729",0,10774,"20250813","MT","1","NF",55,2.00,340.00,0.00,0.00,0.00,0.00,0.00,"5101","101",N,1,1,1,0.00,0.00,0.00,0.00,0.00,0.00,0.00,0.00,0.00,0.00,0.00,"",0.00,0.00,0.00,0,0,0.00,0,0,"","",0.00,0.00,0.00,0.00,N,0.00,0.00,0.00,0,"FD","",0,"",170.00,2.000,"","",N,0.000,0.00,0.00,0.00,0.00,0.00,0.00,0.00,0.00,0.00,0.00,0.00,0.00,0.00,0.00,0.00,0.00,0.00,0.00,0.00,0.00,0.00,0.00,0.00,0.00,0.00,0.00,0.00,0.00,0.00,0,0.00,"",0.00,0.00,N,N,N,0.00,0.00,0.00,0,0.00,"",0.00,0.00,0.00,0.00,0.00,0,"",0.00,0.00,"","",0.00,0.00,0.00,0.00,0.00,0.00,0.00,0.00,0.00,0,"","",N,0.00
9,"15","S","14739053000729",0,10774,"20250813","MT","1","NF",55,3.00,423.00,0.00,0.00,0.00,0.00,0.00,"5405","500",N,1,1,1,0.00,0.00,0.00,0.00,0.00,0.00,0.00,0.00,0.00,0.00,0.00,"",0.00,0.00,0.00,0,0,0.00,0,0,"","",0.00,0.00,0.00,0.00,N,0.00,0.00,0.00,0,"FD","",0,"",141.00,3.000,"","",N,0.000,0.00,0.00,0.00,0.00,0.00,0.00,0.00,0.00,0.00,0.00,0.00,0.00,0.00,0.00,0.00,0.00,0.00,0.00,0.00,0.00,0.00,0.00,0.00,0.00,0.00,0.00,0.00,0.00,0.00,0,0.00,"",0.00,0.00,N,N,N,0.00,0.00,0.00,0,0.00,"",0.00,0.00,0.00,0.00,0.00,0,"",0.00,0.00,"","",0.00,0.00,0.00,0.00,0.00,0.00,0.00,0.00,0.00,0,"","",N,0.00
10,"16","S","14739053000729",0,10774,"20250813","MT","1","NF",55,3.00,624.00,0.00,0.00,0.00,0.00,0.00,"5405","500",N,1,1,1,0.00,0.00,0.00,0.00,0.00,0.00,0.00,0.00,0.00,0.00,0.00,"",0.00,0.00,0.00,0,0,0.00,0,0,"","",0.00,0.00,0.00,0.00,N,0.00,0.00,0.00,0,"FD","",0,"",208.00,3.000,"","",N,0.000,0.00,0.00,0.00,0.00,0.00,0.00,0.00,0.00,0.00,0.00,0.00,0.00,0.00,0.00,0.00,0.00,0.00,0.00,0.00,0.00,0.00,0.00,0.00,0.00,0.00,0.00,0.00,0.00,0.00,0,0.00,"",0.00,0.00,N,N,N,0.00,0.00,0.00,0,0.00,"",0.00,0.00,0.00,0.00,0.00,0,"",0.00,0.00,"","",0.00,0.00,0.00,0.00,0.00,0.00,0.00,0.00,0.00,0,"","",N,0.00
11,"19","S","14739053000729",0,10774,"20250813","MT","1","NF",55,2.00,180.00,0.00,0.00,0.00,0.00,0.00,"5405","500",N,1,1,1,0.00,0.00,0.00,0.00,0.00,0.00,0.00,0.00,0.00,0.00,0.00,"",0.00,0.00,0.00,0,0,0.00,0,0,"","",0.00,0.00,0.00,0.00,N,0.00,0.00,0.00,0,"FD","",0,"",90.00,2.000,"","",N,0.000,0.00,0.00,0.00,0.00,0.00,0.00,0.00,0.00,0.00,0.00,0.00,0.00,0.00,0.00,0.00,0.00,0.00,0.00,0.00,0.00,0.00,0.00,0.00,0.00,0.00,0.00,0.00,0.00,0.00,0,0.00,"",0.00,0.00,N,N,N,0.00,0.00,0.00,0,0.00,"",0.00,0.00,0.00,0.00,0.00,0,"",0.00,0.00,"","",0.00,0.00,0.00,0.00,0.00,0.00,0.00,0.00,0.00,0,"","",N,0.00
12,"20","S","14739053000729",0,10774,"20250813","MT","1","NF",55,4.00,396.00,0.00,0.00,0.00,0.00,0.00,"5405","500",N,1,1,1,0.00,0.00,0.00,0.00,0.00,0.00,0.00,0.00,0.00,0.00,0.00,"",0.00,0.00,0.00,0,0,0.00,0,0,"","",0.00,0.00,0.00,0.00,N,0.00,0.00,0.00,0,"FD","",0,"",99.00,4.000,"","",N,0.000,0.00,0.00,0.00,0.00,0.00,0.00,0.00,0.00,0.00,0.00,0.00,0.00,0.00,0.00,0.00,0.00,0.00,0.00,0.00,0.00,0.00,0.00,0.00,0.00,0.00,0.00,0.00,0.00,0.00,0,0.00,"",0.00,0.00,N,N,N,0.00,0.00,0.00,0,0.00,"",0.00,0.00,0.00,0.00,0.00,0,"",0.00,0.00,"","",0.00,0.00,0.00,0.00,0.00,0.00,0.00,0.00,0.00,0,"","",N,0.00
13,"21","S","14739053000729",0,10774,"20250813","MT","1","NF",55,3.00,360.00,0.00,0.00,0.00,0.00,0.00,"5405","500",N,1,1,1,0.00,0.00,0.00,0.00,0.00,0.00,0.00,0.00,0.00,0.00,0.00,"",0.00,0.00,0.00,0,0,0.00,0,0,"","",0.00,0.00,0.00,0.00,N,0.00,0.00,0.00,0,"FD","",0,"",120.00,3.000,"","",N,0.000,0.00,0.00,0.00,0.00,0.00,0.00,0.00,0.00,0.00,0.00,0.00,0.00,0.00,0.00,0.00,0.00,0.00,0.00,0.00,0.00,0.00,0.00,0.00,0.00,0.00,0.00,0.00,0.00,0.00,0,0.00,"",0.00,0.00,N,N,N,0.00,0.00,0.00,0,0.00,"",0.00,0.00,0.00,0.00,0.00,0,"",0.00,0.00,"","",0.00,0.00,0.00,0.00,0.00,0.00,0.00,0.00,0.00,0,"","",N,0.00
14,"22","S","14739053000729",0,10774,"20250813","MT","1","NF",55,4.00,480.00,0.00,0.00,0.00,0.00,0.00,"5405","500",N,1,1,1,0.00,0.00,0.00,0.00,0.00,0.00,0.00,0.00,0.00,0.00,0.00,"",0.00,0.00,0.00,0,0,0.00,0,0,"","",0.00,0.00,0.00,0.00,N,0.00,0.00,0.00,0,"FD","",0,"",120.00,4.000,"","",N,0.000,0.00,0.00,0.00,0.00,0.00,0.00,0.00,0.00,0.00,0.00,0.00,0.00,0.00,0.00,0.00,0.00,0.00,0.00,0.00,0.00,0.00,0.00,0.00,0.00,0.00,0.00,0.00,0.00,0.00,0,0.00,"",0.00,0.00,N,N,N,0.00,0.00,0.00,0,0.00,"",0.00,0.00,0.00,0.00,0.00,0,"",0.00,0.00,"","",0.00,0.00,0.00,0.00,0.00,0.00,0.00,0.00,0.00,0,"","",N,0.00
15,"36","S","14739053000729",0,10774,"20250813","MT","1","NF",55,3.00,270.00,0.00,0.00,0.00,0.00,0.00,"5405","500",N,1,1,1,0.00,0.00,0.00,0.00,0.00,0.00,0.00,0.00,0.00,0.00,0.00,"",0.00,0.00,0.00,0,0,0.00,0,0,"","",0.00,0.00,0.00,0.00,N,0.00,0.00,0.00,0,"FD","",0,"",90.00,3.000,"","",N,0.000,0.00,0.00,0.00,0.00,0.00,0.00,0.00,0.00,0.00,0.00,0.00,0.00,0.00,0.00,0.00,0.00,0.00,0.00,0.00,0.00,0.00,0.00,0.00,0.00,0.00,0.00,0.00,0.00,0.00,0,0.00,"",0.00,0.00,N,N,N,0.00,0.00,0.00,0,0.00,"",0.00,0.00,0.00,0.00,0.00,0,"",0.00,0.00,"","",0.00,0.00,0.00,0.00,0.00,0.00,0.00,0.00,0.00,0,"","",N,0.00
16,"37","S","14739053000729",0,10774,"20250813","MT","1","NF",55,4.00,396.00,0.00,0.00,0.00,0.00,0.00,"5405","500",N,1,1,1,0.00,0.00,0.00,0.00,0.00,0.00,0.00,0.00,0.00,0.00,0.00,"",0.00,0.00,0.00,0,0,0.00,0,0,"","",0.00,0.00,0.00,0.00,N,0.00,0.00,0.00,0,"FD","",0,"",99.00,4.000,"","",N,0.000,0.00,0.00,0.00,0.00,0.00,0.00,0.00,0.00,0.00,0.00,0.00,0.00,0.00,0.00,0.00,0.00,0.00,0.00,0.00,0.00,0.00,0.00,0.00,0.00,0.00,0.00,0.00,0.00,0.00,0,0.00,"",0.00,0.00,N,N,N,0.00,0.00,0.00,0,0.00,"",0.00,0.00,0.00,0.00,0.00,0,"",0.00,0.00,"","",0.00,0.00,0.00,0.00,0.00,0.00,0.00,0.00,0.00,0,"","",N,0.00
17,"38","S","14739053000729",0,10774,"20250813","MT","1","NF",55,4.00,480.00,0.00,0.00,0.00,0.00,0.00,"5405","500",N,1,1,1,0.00,0.00,0.00,0.00,0.00,0.00,0.00,0.00,0.00,0.00,0.00,"",0.00,0.00,0.00,0,0,0.00,0,0,"","",0.00,0.00,0.00,0.00,N,0.00,0.00,0.00,0,"FD","",0,"",120.00,4.000,"","",N,0.000,0.00,0.00,0.00,0.00,0.00,0.00,0.00,0.00,0.00,0.00,0.00,0.00,0.00,0.00,0.00,0.00,0.00,0.00,0.00,0.00,0.00,0.00,0.00,0.00,0.00,0.00,0.00,0.00,0.00,0,0.00,"",0.00,0.00,N,N,N,0.00,0.00,0.00,0,0.00,"",0.00,0.00,0.00,0.00,0.00,0,"",0.00,0.00,"","",0.00,0.00,0.00,0.00,0.00,0.00,0.00,0.00,0.00,0,"","",N,0.00
18,"39","S","14739053000729",0,10774,"20250813","MT","1","NF",55,5.00,600.00,0.00,0.00,0.00,0.00,0.00,"5405","500",N,1,1,1,0.00,0.00,0.00,0.00,0.00,0.00,0.00,0.00,0.00,0.00,0.00,"",0.00,0.00,0.00,0,0,0.00,0,0,"","",0.00,0.00,0.00,0.00,N,0.00,0.00,0.00,0,"FD","",0,"",120.00,5.000,"","",N,0.000,0.00,0.00,0.00,0.00,0.00,0.00,0.00,0.00,0.00,0.00,0.00,0.00,0.00,0.00,0.00,0.00,0.00,0.00,0.00,0.00,0.00,0.00,0.00,0.00,0.00,0.00,0.00,0.00,0.00,0,0.00,"",0.00,0.00,N,N,N,0.00,0.00,0.00,0,0.00,"",0.00,0.00,0.00,0.00,0.00,0,"",0.00,0.00,"","",0.00,0.00,0.00,0.00,0.00,0.00,0.00,0.00,0.00,0,"","",N,0.00
1,"2","S","14739053000214",0,10775,"20250813","MT","1","NF",55,2.00,184.00,0.00,0.00,0.00,0.00,0.00,"5405","500",N,1,1,1,0.00,0.00,0.00,0.00,0.00,0.00,0.00,0.00,0.00,0.00,0.00,"",0.00,0.00,0.00,0,0,0.00,0,0,"","",0.00,0.00,0.00,0.00,N,0.00,0.00,0.00,0,"FD","",0,"",92.00,2.000,"","",N,0.000,0.00,0.00,0.00,0.00,0.00,0.00,0.00,0.00,0.00,0.00,0.00,0.00,0.00,0.00,0.00,0.00,0.00,0.00,0.00,0.00,0.00,0.00,0.00,0.00,0.00,0.00,0.00,0.00,0.00,0,0.00,"",0.00,0.00,N,N,N,0.00,0.00,0.00,0,0.00,"",0.00,0.00,0.00,0.00,0.00,0,"",0.00,0.00,"","",0.00,0.00,0.00,0.00,0.00,0.00,0.00,0.00,0.00,0,"","",N,0.00
2,"3","S","14739053000214",0,10775,"20250813","MT","1","NF",55,3.00,387.00,0.00,0.00,0.00,0.00,0.00,"5405","500",N,1,1,1,0.00,0.00,0.00,0.00,0.00,0.00,0.00,0.00,0.00,0.00,0.00,"",0.00,0.00,0.00,0,0,0.00,0,0,"","",0.00,0.00,0.00,0.00,N,0.00,0.00,0.00,0,"FD","",0,"",129.00,3.000,"","",N,0.000,0.00,0.00,0.00,0.00,0.00,0.00,0.00,0.00,0.00,0.00,0.00,0.00,0.00,0.00,0.00,0.00,0.00,0.00,0.00,0.00,0.00,0.00,0.00,0.00,0.00,0.00,0.00,0.00,0.00,0,0.00,"",0.00,0.00,N,N,N,0.00,0.00,0.00,0,0.00,"",0.00,0.00,0.00,0.00,0.00,0,"",0.00,0.00,"","",0.00,0.00,0.00,0.00,0.00,0.00,0.00,0.00,0.00,0,"","",N,0.00
3,"4","S","14739053000214",0,10775,"20250813","MT","1","NF",55,2.00,258.00,0.00,0.00,0.00,0.00,0.00,"5405","500",N,1,1,1,0.00,0.00,0.00,0.00,0.00,0.00,0.00,0.00,0.00,0.00,0.00,"",0.00,0.00,0.00,0,0,0.00,0,0,"","",0.00,0.00,0.00,0.00,N,0.00,0.00,0.00,0,"FD","",0,"",129.00,2.000,"","",N,0.000,0.00,0.00,0.00,0.00,0.00,0.00,0.00,0.00,0.00,0.00,0.00,0.00,0.00,0.00,0.00,0.00,0.00,0.00,0.00,0.00,0.00,0.00,0.00,0.00,0.00,0.00,0.00,0.00,0.00,0,0.00,"",0.00,0.00,N,N,N,0.00,0.00,0.00,0,0.00,"",0.00,0.00,0.00,0.00,0.00,0,"",0.00,0.00,"","",0.00,0.00,0.00,0.00,0.00,0.00,0.00,0.00,0.00,0,"","",N,0.00
4,"7","S","14739053000214",0,10775,"20250813","MT","1","NF",55,2.00,282.00,0.00,0.00,0.00,0.00,0.00,"5405","500",N,1,1,1,0.00,0.00,0.00,0.00,0.00,0.00,0.00,0.00,0.00,0.00,0.00,"",0.00,0.00,0.00,0,0,0.00,0,0,"","",0.00,0.00,0.00,0.00,N,0.00,0.00,0.00,0,"FD","",0,"",141.00,2.000,"","",N,0.000,0.00,0.00,0.00,0.00,0.00,0.00,0.00,0.00,0.00,0.00,0.00,0.00,0.00,0.00,0.00,0.00,0.00,0.00,0.00,0.00,0.00,0.00,0.00,0.00,0.00,0.00,0.00,0.00,0.00,0,0.00,"",0.00,0.00,N,N,N,0.00,0.00,0.00,0,0.00,"",0.00,0.00,0.00,0.00,0.00,0,"",0.00,0.00,"","",0.00,0.00,0.00,0.00,0.00,0.00,0.00,0.00,0.00,0,"","",N,0.00
5,"8","S","14739053000214",0,10775,"20250813","MT","1","NF",55,1.00,141.00,0.00,0.00,0.00,0.00,0.00,"5405","500",N,1,1,1,0.00,0.00,0.00,0.00,0.00,0.00,0.00,0.00,0.00,0.00,0.00,"",0.00,0.00,0.00,0,0,0.00,0,0,"","",0.00,0.00,0.00,0.00,N,0.00,0.00,0.00,0,"FD","",0,"",141.00,1.000,"","",N,0.000,0.00,0.00,0.00,0.00,0.00,0.00,0.00,0.00,0.00,0.00,0.00,0.00,0.00,0.00,0.00,0.00,0.00,0.00,0.00,0.00,0.00,0.00,0.00,0.00,0.00,0.00,0.00,0.00,0.00,0,0.00,"",0.00,0.00,N,N,N,0.00,0.00,0.00,0,0.00,"",0.00,0.00,0.00,0.00,0.00,0,"",0.00,0.00,"","",0.00,0.00,0.00,0.00,0.00,0.00,0.00,0.00,0.00,0,"","",N,0.00
6,"10","S","14739053000214",0,10775,"20250813","MT","1","NF",55,2.00,340.00,0.00,0.00,0.00,0.00,0.00,"5101","101",N,1,1,1,0.00,0.00,0.00,0.00,0.00,0.00,0.00,0.00,0.00,0.00,0.00,"",0.00,0.00,0.00,0,0,0.00,0,0,"","",0.00,0.00,0.00,0.00,N,0.00,0.00,0.00,0,"FD","",0,"",170.00,2.000,"","",N,0.000,0.00,0.00,0.00,0.00,0.00,0.00,0.00,0.00,0.00,0.00,0.00,0.00,0.00,0.00,0.00,0.00,0.00,0.00,0.00,0.00,0.00,0.00,0.00,0.00,0.00,0.00,0.00,0.00,0.00,0,0.00,"",0.00,0.00,N,N,N,0.00,0.00,0.00,0,0.00,"",0.00,0.00,0.00,0.00,0.00,0,"",0.00,0.00,"","",0.00,0.00,0.00,0.00,0.00,0.00,0.00,0.00,0.00,0,"","",N,0.00
7,"15","S","14739053000214",0,10775,"20250813","MT","1","NF",55,2.00,282.00,0.00,0.00,0.00,0.00,0.00,"5405","500",N,1,1,1,0.00,0.00,0.00,0.00,0.00,0.00,0.00,0.00,0.00,0.00,0.00,"",0.00,0.00,0.00,0,0,0.00,0,0,"","",0.00,0.00,0.00,0.00,N,0.00,0.00,0.00,0,"FD","",0,"",141.00,2.000,"","",N,0.000,0.00,0.00,0.00,0.00,0.00,0.00,0.00,0.00,0.00,0.00,0.00,0.00,0.00,0.00,0.00,0.00,0.00,0.00,0.00,0.00,0.00,0.00,0.00,0.00,0.00,0.00,0.00,0.00,0.00,0,0.00,"",0.00,0.00,N,N,N,0.00,0.00,0.00,0,0.00,"",0.00,0.00,0.00,0.00,0.00,0,"",0.00,0.00,"","",0.00,0.00,0.00,0.00,0.00,0.00,0.00,0.00,0.00,0,"","",N,0.00
8,"16","S","14739053000214",0,10775,"20250813","MT","1","NF",55,1.00,208.00,0.00,0.00,0.00,0.00,0.00,"5405","500",N,1,1,1,0.00,0.00,0.00,0.00,0.00,0.00,0.00,0.00,0.00,0.00,0.00,"",0.00,0.00,0.00,0,0,0.00,0,0,"","",0.00,0.00,0.00,0.00,N,0.00,0.00,0.00,0,"FD","",0,"",208.00,1.000,"","",N,0.000,0.00,0.00,0.00,0.00,0.00,0.00,0.00,0.00,0.00,0.00,0.00,0.00,0.00,0.00,0.00,0.00,0.00,0.00,0.00,0.00,0.00,0.00,0.00,0.00,0.00,0.00,0.00,0.00,0.00,0,0.00,"",0.00,0.00,N,N,N,0.00,0.00,0.00,0,0.00,"",0.00,0.00,0.00,0.00,0.00,0,"",0.00,0.00,"","",0.00,0.00,0.00,0.00,0.00,0.00,0.00,0.00,0.00,0,"","",N,0.00
9,"19","S","14739053000214",0,10775,"20250813","MT","1","NF",55,2.00,180.00,0.00,0.00,0.00,0.00,0.00,"5405","500",N,1,1,1,0.00,0.00,0.00,0.00,0.00,0.00,0.00,0.00,0.00,0.00,0.00,"",0.00,0.00,0.00,0,0,0.00,0,0,"","",0.00,0.00,0.00,0.00,N,0.00,0.00,0.00,0,"FD","",0,"",90.00,2.000,"","",N,0.000,0.00,0.00,0.00,0.00,0.00,0.00,0.00,0.00,0.00,0.00,0.00,0.00,0.00,0.00,0.00,0.00,0.00,0.00,0.00,0.00,0.00,0.00,0.00,0.00,0.00,0.00,0.00,0.00,0.00,0,0.00,"",0.00,0.00,N,N,N,0.00,0.00,0.00,0,0.00,"",0.00,0.00,0.00,0.00,0.00,0,"",0.00,0.00,"","",0.00,0.00,0.00,0.00,0.00,0.00,0.00,0.00,0.00,0,"","",N,0.00
10,"22","S","14739053000214",0,10775,"20250813","MT","1","NF",55,2.00,240.00,0.00,0.00,0.00,0.00,0.00,"5405","500",N,1,1,1,0.00,0.00,0.00,0.00,0.00,0.00,0.00,0.00,0.00,0.00,0.00,"",0.00,0.00,0.00,0,0,0.00,0,0,"","",0.00,0.00,0.00,0.00,N,0.00,0.00,0.00,0,"FD","",0,"",120.00,2.000,"","",N,0.000,0.00,0.00,0.00,0.00,0.00,0.00,0.00,0.00,0.00,0.00,0.00,0.00,0.00,0.00,0.00,0.00,0.00,0.00,0.00,0.00,0.00,0.00,0.00,0.00,0.00,0.00,0.00,0.00,0.00,0,0.00,"",0.00,0.00,N,N,N,0.00,0.00,0.00,0,0.00,"",0.00,0.00,0.00,0.00,0.00,0,"",0.00,0.00,"","",0.00,0.00,0.00,0.00,0.00,0.00,0.00,0.00,0.00,0,"","",N,0.00
11,"36","S","14739053000214",0,10775,"20250813","MT","1","NF",55,1.00,90.00,0.00,0.00,0.00,0.00,0.00,"5405","500",N,1,1,1,0.00,0.00,0.00,0.00,0.00,0.00,0.00,0.00,0.00,0.00,0.00,"",0.00,0.00,0.00,0,0,0.00,0,0,"","",0.00,0.00,0.00,0.00,N,0.00,0.00,0.00,0,"FD","",0,"",90.00,1.000,"","",N,0.000,0.00,0.00,0.00,0.00,0.00,0.00,0.00,0.00,0.00,0.00,0.00,0.00,0.00,0.00,0.00,0.00,0.00,0.00,0.00,0.00,0.00,0.00,0.00,0.00,0.00,0.00,0.00,0.00,0.00,0,0.00,"",0.00,0.00,N,N,N,0.00,0.00,0.00,0,0.00,"",0.00,0.00,0.00,0.00,0.00,0,"",0.00,0.00,"","",0.00,0.00,0.00,0.00,0.00,0.00,0.00,0.00,0.00,0,"","",N,0.00
12,"37","S","14739053000214",0,10775,"20250813","MT","1","NF",55,2.00,198.00,0.00,0.00,0.00,0.00,0.00,"5405","500",N,1,1,1,0.00,0.00,0.00,0.00,0.00,0.00,0.00,0.00,0.00,0.00,0.00,"",0.00,0.00,0.00,0,0,0.00,0,0,"","",0.00,0.00,0.00,0.00,N,0.00,0.00,0.00,0,"FD","",0,"",99.00,2.000,"","",N,0.000,0.00,0.00,0.00,0.00,0.00,0.00,0.00,0.00,0.00,0.00,0.00,0.00,0.00,0.00,0.00,0.00,0.00,0.00,0.00,0.00,0.00,0.00,0.00,0.00,0.00,0.00,0.00,0.00,0.00,0,0.00,"",0.00,0.00,N,N,N,0.00,0.00,0.00,0,0.00,"",0.00,0.00,0.00,0.00,0.00,0,"",0.00,0.00,"","",0.00,0.00,0.00,0.00,0.00,0.00,0.00,0.00,0.00,0,"","",N,0.00
13,"39","S","14739053000214",0,10775,"20250813","MT","1","NF",55,2.00,240.00,0.00,0.00,0.00,0.00,0.00,"5405","500",N,1,1,1,0.00,0.00,0.00,0.00,0.00,0.00,0.00,0.00,0.00,0.00,0.00,"",0.00,0.00,0.00,0,0,0.00,0,0,"","",0.00,0.00,0.00,0.00,N,0.00,0.00,0.00,0,"FD","",0,"",120.00,2.000,"","",N,0.000,0.00,0.00,0.00,0.00,0.00,0.00,0.00,0.00,0.00,0.00,0.00,0.00,0.00,0.00,0.00,0.00,0.00,0.00,0.00,0.00,0.00,0.00,0.00,0.00,0.00,0.00,0.00,0.00,0.00,0,0.00,"",0.00,0.00,N,N,N,0.00,0.00,0.00,0,0.00,"",0.00,0.00,0.00,0.00,0.00,0,"",0.00,0.00,"","",0.00,0.00,0.00,0.00,0.00,0.00,0.00,0.00,0.00,0,"","",N,0.00
1,"35","S","93209765057224",0,10777,"20250814","MT","1","NF",55,120.00,3240.00,0.00,0.00,0.00,0.00,0.00,"5401","500",N,1,1,1,0.00,0.00,0.00,0.00,0.00,0.00,0.00,0.00,0.00,0.00,0.00,"",0.00,0.00,0.00,0,0,0.00,0,0,"","",0.00,0.00,0.00,0.00,N,0.00,0.00,0.00,0,"KG","",0,"",27.00,120.000,"","",N,0.000,0.00,0.00,0.00,0.00,0.00,0.00,0.00,0.00,0.00,0.00,0.00,0.00,0.00,0.00,0.00,0.00,0.00,0.00,0.00,0.00,0.00,0.00,0.00,0.00,0.00,0.00,0.00,0.00,0.00,0,0.00,"",0.00,0.00,N,N,N,0.00,0.00,0.00,0,0.00,"",0.00,0.00,0.00,0.00,0.00,0,"",0.00,0.00,"","",0.00,0.00,0.00,0.00,0.00,0.00,0.00,0.00,0.00,0,"","",N,0.00
1,"30","S","49166311000114",0,10779,"20250814","MT","1","NF",55,500.00,470.00,0.00,0.00,0.00,0.00,0.00,"5401","500",N,1,1,1,0.00,0.00,0.00,0.00,0.00,0.00,0.00,0.00,0.00,0.00,0.00,"",0.00,0.00,0.00,0,0,0.00,0,0,"","",0.00,0.00,0.00,0.00,N,0.00,0.00,0.00,0,"UNI","",0,"",0.94,500.000,"","",N,0.000,0.00,0.00,0.00,0.00,0.00,0.00,0.00,0.00,0.00,0.00,0.00,0.00,0.00,0.00,0.00,0.00,0.00,0.00,0.00,0.00,0.00,0.00,0.00,0.00,0.00,0.00,0.00,0.00,0.00,0,0.00,"",0.00,0.00,N,N,N,0.00,0.00,0.00,0,0.00,"",0.00,0.00,0.00,0.00,0.00,0,"",0.00,0.00,"","",0.00,0.00,0.00,0.00,0.00,0.00,0.00,0.00,0.00,0,"","",N,0.00
1,"1","S","14739053000648",0,10776,"20250813","MT","1","NF",55,2.00,144.00,0.00,0.00,0.00,0.00,0.00,"5405","500",N,1,1,1,0.00,0.00,0.00,0.00,0.00,0.00,0.00,0.00,0.00,0.00,0.00,"",0.00,0.00,0.00,0,0,0.00,0,0,"","",0.00,0.00,0.00,0.00,N,0.00,0.00,0.00,0,"FD","",0,"",72.00,2.000,"","",N,0.000,0.00,0.00,0.00,0.00,0.00,0.00,0.00,0.00,0.00,0.00,0.00,0.00,0.00,0.00,0.00,0.00,0.00,0.00,0.00,0.00,0.00,0.00,0.00,0.00,0.00,0.00,0.00,0.00,0.00,0,0.00,"",0.00,0.00,N,N,N,0.00,0.00,0.00,0,0.00,"",0.00,0.00,0.00,0.00,0.00,0,"",0.00,0.00,"","",0.00,0.00,0.00,0.00,0.00,0.00,0.00,0.00,0.00,0,"","",N,0.00
2,"3","S","14739053000648",0,10776,"20250813","MT","1","NF",55,1.00,129.00,0.00,0.00,0.00,0.00,0.00,"5405","500",N,1,1,1,0.00,0.00,0.00,0.00,0.00,0.00,0.00,0.00,0.00,0.00,0.00,"",0.00,0.00,0.00,0,0,0.00,0,0,"","",0.00,0.00,0.00,0.00,N,0.00,0.00,0.00,0,"FD","",0,"",129.00,1.000,"","",N,0.000,0.00,0.00,0.00,0.00,0.00,0.00,0.00,0.00,0.00,0.00,0.00,0.00,0.00,0.00,0.00,0.00,0.00,0.00,0.00,0.00,0.00,0.00,0.00,0.00,0.00,0.00,0.00,0.00,0.00,0,0.00,"",0.00,0.00,N,N,N,0.00,0.00,0.00,0,0.00,"",0.00,0.00,0.00,0.00,0.00,0,"",0.00,0.00,"","",0.00,0.00,0.00,0.00,0.00,0.00,0.00,0.00,0.00,0,"","",N,0.00
3,"4","S","14739053000648",0,10776,"20250813","MT","1","NF",55,1.00,129.00,0.00,0.00,0.00,0.00,0.00,"5405","500",N,1,1,1,0.00,0.00,0.00,0.00,0.00,0.00,0.00,0.00,0.00,0.00,0.00,"",0.00,0.00,0.00,0,0,0.00,0,0,"","",0.00,0.00,0.00,0.00,N,0.00,0.00,0.00,0,"FD","",0,"",129.00,1.000,"","",N,0.000,0.00,0.00,0.00,0.00,0.00,0.00,0.00,0.00,0.00,0.00,0.00,0.00,0.00,0.00,0.00,0.00,0.00,0.00,0.00,0.00,0.00,0.00,0.00,0.00,0.00,0.00,0.00,0.00,0.00,0,0.00,"",0.00,0.00,N,N,N,0.00,0.00,0.00,0,0.00,"",0.00,0.00,0.00,0.00,0.00,0,"",0.00,0.00,"","",0.00,0.00,0.00,0.00,0.00,0.00,0.00,0.00,0.00,0,"","",N,0.00
4,"7","S","14739053000648",0,10776,"20250813","MT","1","NF",55,2.00,282.00,0.00,0.00,0.00,0.00,0.00,"5405","500",N,1,1,1,0.00,0.00,0.00,0.00,0.00,0.00,0.00,0.00,0.00,0.00,0.00,"",0.00,0.00,0.00,0,0,0.00,0,0,"","",0.00,0.00,0.00,0.00,N,0.00,0.00,0.00,0,"FD","",0,"",141.00,2.000,"","",N,0.000,0.00,0.00,0.00,0.00,0.00,0.00,0.00,0.00,0.00,0.00,0.00,0.00,0.00,0.00,0.00,0.00,0.00,0.00,0.00,0.00,0.00,0.00,0.00,0.00,0.00,0.00,0.00,0.00,0.00,0,0.00,"",0.00,0.00,N,N,N,0.00,0.00,0.00,0,0.00,"",0.00,0.00,0.00,0.00,0.00,0,"",0.00,0.00,"","",0.00,0.00,0.00,0.00,0.00,0.00,0.00,0.00,0.00,0,"","",N,0.00
5,"8","S","14739053000648",0,10776,"20250813","MT","1","NF",55,3.00,423.00,0.00,0.00,0.00,0.00,0.00,"5405","500",N,1,1,1,0.00,0.00,0.00,0.00,0.00,0.00,0.00,0.00,0.00,0.00,0.00,"",0.00,0.00,0.00,0,0,0.00,0,0,"","",0.00,0.00,0.00,0.00,N,0.00,0.00,0.00,0,"FD","",0,"",141.00,3.000,"","",N,0.000,0.00,0.00,0.00,0.00,0.00,0.00,0.00,0.00,0.00,0.00,0.00,0.00,0.00,0.00,0.00,0.00,0.00,0.00,0.00,0.00,0.00,0.00,0.00,0.00,0.00,0.00,0.00,0.00,0.00,0,0.00,"",0.00,0.00,N,N,N,0.00,0.00,0.00,0,0.00,"",0.00,0.00,0.00,0.00,0.00,0,"",0.00,0.00,"","",0.00,0.00,0.00,0.00,0.00,0.00,0.00,0.00,0.00,0,"","",N,0.00
6,"9","S","14739053000648",0,10776,"20250813","MT","1","NF",55,3.00,447.00,0.00,0.00,0.00,0.00,0.00,"5101","101",N,1,1,1,0.00,0.00,0.00,0.00,0.00,0.00,0.00,0.00,0.00,0.00,0.00,"",0.00,0.00,0.00,0,0,0.00,0,0,"","",0.00,0.00,0.00,0.00,N,0.00,0.00,0.00,0,"FD","",0,"",149.00,3.000,"","",N,0.000,0.00,0.00,0.00,0.00,0.00,0.00,0.00,0.00,0.00,0.00,0.00,0.00,0.00,0.00,0.00,0.00,0.00,0.00,0.00,0.00,0.00,0.00,0.00,0.00,0.00,0.00,0.00,0.00,0.00,0,0.00,"",0.00,0.00,N,N,N,0.00,0.00,0.00,0,0.00,"",0.00,0.00,0.00,0.00,0.00,0,"",0.00,0.00,"","",0.00,0.00,0.00,0.00,0.00,0.00,0.00,0.00,0.00,0,"","",N,0.00
7,"10","S","14739053000648",0,10776,"20250813","MT","1","NF",55,2.00,340.00,0.00,0.00,0.00,0.00,0.00,"5101","101",N,1,1,1,0.00,0.00,0.00,0.00,0.00,0.00,0.00,0.00,0.00,0.00,0.00,"",0.00,0.00,0.00,0,0,0.00,0,0,"","",0.00,0.00,0.00,0.00,N,0.00,0.00,0.00,0,"FD","",0,"",170.00,2.000,"","",N,0.000,0.00,0.00,0.00,0.00,0.00,0.00,0.00,0.00,0.00,0.00,0.00,0.00,0.00,0.00,0.00,0.00,0.00,0.00,0.00,0.00,0.00,0.00,0.00,0.00,0.00,0.00,0.00,0.00,0.00,0,0.00,"",0.00,0.00,N,N,N,0.00,0.00,0.00,0,0.00,"",0.00,0.00,0.00,0.00,0.00,0,"",0.00,0.00,"","",0.00,0.00,0.00,0.00,0.00,0.00,0.00,0.00,0.00,0,"","",N,0.00
8,"15","S","14739053000648",0,10776,"20250813","MT","1","NF",55,2.00,282.00,0.00,0.00,0.00,0.00,0.00,"5405","500",N,1,1,1,0.00,0.00,0.00,0.00,0.00,0.00,0.00,0.00,0.00,0.00,0.00,"",0.00,0.00,0.00,0,0,0.00,0,0,"","",0.00,0.00,0.00,0.00,N,0.00,0.00,0.00,0,"FD","",0,"",141.00,2.000,"","",N,0.000,0.00,0.00,0.00,0.00,0.00,0.00,0.00,0.00,0.00,0.00,0.00,0.00,0.00,0.00,0.00,0.00,0.00,0.00,0.00,0.00,0.00,0.00,0.00,0.00,0.00,0.00,0.00,0.00,0.00,0,0.00,"",0.00,0.00,N,N,N,0.00,0.00,0.00,0,0.00,"",0.00,0.00,0.00,0.00,0.00,0,"",0.00,0.00,"","",0.00,0.00,0.00,0.00,0.00,0.00,0.00,0.00,0.00,0,"","",N,0.00
9,"16","S","14739053000648",0,10776,"20250813","MT","1","NF",55,2.00,416.00,0.00,0.00,0.00,0.00,0.00,"5405","500",N,1,1,1,0.00,0.00,0.00,0.00,0.00,0.00,0.00,0.00,0.00,0.00,0.00,"",0.00,0.00,0.00,0,0,0.00,0,0,"","",0.00,0.00,0.00,0.00,N,0.00,0.00,0.00,0,"FD","",0,"",208.00,2.000,"","",N,0.000,0.00,0.00,0.00,0.00,0.00,0.00,0.00,0.00,0.00,0.00,0.00,0.00,0.00,0.00,0.00,0.00,0.00,0.00,0.00,0.00,0.00,0.00,0.00,0.00,0.00,0.00,0.00,0.00,0.00,0,0.00,"",0.00,0.00,N,N,N,0.00,0.00,0.00,0,0.00,"",0.00,0.00,0.00,0.00,0.00,0,"",0.00,0.00,"","",0.00,0.00,0.00,0.00,0.00,0.00,0.00,0.00,0.00,0,"","",N,0.00
10,"19","S","14739053000648",0,10776,"20250813","MT","1","NF",55,3.00,270.00,0.00,0.00,0.00,0.00,0.00,"5405","500",N,1,1,1,0.00,0.00,0.00,0.00,0.00,0.00,0.00,0.00,0.00,0.00,0.00,"",0.00,0.00,0.00,0,0,0.00,0,0,"","",0.00,0.00,0.00,0.00,N,0.00,0.00,0.00,0,"FD","",0,"",90.00,3.000,"","",N,0.000,0.00,0.00,0.00,0.00,0.00,0.00,0.00,0.00,0.00,0.00,0.00,0.00,0.00,0.00,0.00,0.00,0.00,0.00,0.00,0.00,0.00,0.00,0.00,0.00,0.00,0.00,0.00,0.00,0.00,0,0.00,"",0.00,0.00,N,N,N,0.00,0.00,0.00,0,0.00,"",0.00,0.00,0.00,0.00,0.00,0,"",0.00,0.00,"","",0.00,0.00,0.00,0.00,0.00,0.00,0.00,0.00,0.00,0,"","",N,0.00
11,"20","S","14739053000648",0,10776,"20250813","MT","1","NF",55,2.00,198.00,0.00,0.00,0.00,0.00,0.00,"5405","500",N,1,1,1,0.00,0.00,0.00,0.00,0.00,0.00,0.00,0.00,0.00,0.00,0.00,"",0.00,0.00,0.00,0,0,0.00,0,0,"","",0.00,0.00,0.00,0.00,N,0.00,0.00,0.00,0,"FD","",0,"",99.00,2.000,"","",N,0.000,0.00,0.00,0.00,0.00,0.00,0.00,0.00,0.00,0.00,0.00,0.00,0.00,0.00,0.00,0.00,0.00,0.00,0.00,0.00,0.00,0.00,0.00,0.00,0.00,0.00,0.00,0.00,0.00,0.00,0,0.00,"",0.00,0.00,N,N,N,0.00,0.00,0.00,0,0.00,"",0.00,0.00,0.00,0.00,0.00,0,"",0.00,0.00,"","",0.00,0.00,0.00,0.00,0.00,0.00,0.00,0.00,0.00,0,"","",N,0.00
12,"21","S","14739053000648",0,10776,"20250813","MT","1","NF",55,2.00,240.00,0.00,0.00,0.00,0.00,0.00,"5405","500",N,1,1,1,0.00,0.00,0.00,0.00,0.00,0.00,0.00,0.00,0.00,0.00,0.00,"",0.00,0.00,0.00,0,0,0.00,0,0,"","",0.00,0.00,0.00,0.00,N,0.00,0.00,0.00,0,"FD","",0,"",120.00,2.000,"","",N,0.000,0.00,0.00,0.00,0.00,0.00,0.00,0.00,0.00,0.00,0.00,0.00,0.00,0.00,0.00,0.00,0.00,0.00,0.00,0.00,0.00,0.00,0.00,0.00,0.00,0.00,0.00,0.00,0.00,0.00,0,0.00,"",0.00,0.00,N,N,N,0.00,0.00,0.00,0,0.00,"",0.00,0.00,0.00,0.00,0.00,0,"",0.00,0.00,"","",0.00,0.00,0.00,0.00,0.00,0.00,0.00,0.00,0.00,0,"","",N,0.00
13,"22","S","14739053000648",0,10776,"20250813","MT","1","NF",55,2.00,240.00,0.00,0.00,0.00,0.00,0.00,"5405","500",N,1,1,1,0.00,0.00,0.00,0.00,0.00,0.00,0.00,0.00,0.00,0.00,0.00,"",0.00,0.00,0.00,0,0,0.00,0,0,"","",0.00,0.00,0.00,0.00,N,0.00,0.00,0.00,0,"FD","",0,"",120.00,2.000,"","",N,0.000,0.00,0.00,0.00,0.00,0.00,0.00,0.00,0.00,0.00,0.00,0.00,0.00,0.00,0.00,0.00,0.00,0.00,0.00,0.00,0.00,0.00,0.00,0.00,0.00,0.00,0.00,0.00,0.00,0.00,0,0.00,"",0.00,0.00,N,N,N,0.00,0.00,0.00,0,0.00,"",0.00,0.00,0.00,0.00,0.00,0,"",0.00,0.00,"","",0.00,0.00,0.00,0.00,0.00,0.00,0.00,0.00,0.00,0,"","",N,0.00
14,"36","S","14739053000648",0,10776,"20250813","MT","1","NF",55,1.00,90.00,0.00,0.00,0.00,0.00,0.00,"5405","500",N,1,1,1,0.00,0.00,0.00,0.00,0.00,0.00,0.00,0.00,0.00,0.00,0.00,"",0.00,0.00,0.00,0,0,0.00,0,0,"","",0.00,0.00,0.00,0.00,N,0.00,0.00,0.00,0,"FD","",0,"",90.00,1.000,"","",N,0.000,0.00,0.00,0.00,0.00,0.00,0.00,0.00,0.00,0.00,0.00,0.00,0.00,0.00,0.00,0.00,0.00,0.00,0.00,0.00,0.00,0.00,0.00,0.00,0.00,0.00,0.00,0.00,0.00,0.00,0,0.00,"",0.00,0.00,N,N,N,0.00,0.00,0.00,0,0.00,"",0.00,0.00,0.00,0.00,0.00,0,"",0.00,0.00,"","",0.00,0.00,0.00,0.00,0.00,0.00,0.00,0.00,0.00,0,"","",N,0.00
15,"37","S","14739053000648",0,10776,"20250813","MT","1","NF",55,1.00,99.00,0.00,0.00,0.00,0.00,0.00,"5405","500",N,1,1,1,0.00,0.00,0.00,0.00,0.00,0.00,0.00,0.00,0.00,0.00,0.00,"",0.00,0.00,0.00,0,0,0.00,0,0,"","",0.00,0.00,0.00,0.00,N,0.00,0.00,0.00,0,"FD","",0,"",99.00,1.000,"","",N,0.000,0.00,0.00,0.00,0.00,0.00,0.00,0.00,0.00,0.00,0.00,0.00,0.00,0.00,0.00,0.00,0.00,0.00,0.00,0.00,0.00,0.00,0.00,0.00,0.00,0.00,0.00,0.00,0.00,0.00,0,0.00,"",0.00,0.00,N,N,N,0.00,0.00,0.00,0,0.00,"",0.00,0.00,0.00,0.00,0.00,0,"",0.00,0.00,"","",0.00,0.00,0.00,0.00,0.00,0.00,0.00,0.00,0.00,0,"","",N,0.00
16,"38","S","14739053000648",0,10776,"20250813","MT","1","NF",55,2.00,240.00,0.00,0.00,0.00,0.00,0.00,"5405","500",N,1,1,1,0.00,0.00,0.00,0.00,0.00,0.00,0.00,0.00,0.00,0.00,0.00,"",0.00,0.00,0.00,0,0,0.00,0,0,"","",0.00,0.00,0.00,0.00,N,0.00,0.00,0.00,0,"FD","",0,"",120.00,2.000,"","",N,0.000,0.00,0.00,0.00,0.00,0.00,0.00,0.00,0.00,0.00,0.00,0.00,0.00,0.00,0.00,0.00,0.00,0.00,0.00,0.00,0.00,0.00,0.00,0.00,0.00,0.00,0.00,0.00,0.00,0.00,0,0.00,"",0.00,0.00,N,N,N,0.00,0.00,0.00,0,0.00,"",0.00,0.00,0.00,0.00,0.00,0,"",0.00,0.00,"","",0.00,0.00,0.00,0.00,0.00,0.00,0.00,0.00,0.00,0,"","",N,0.00
17,"39","S","14739053000648",0,10776,"20250813","MT","1","NF",55,3.00,360.00,0.00,0.00,0.00,0.00,0.00,"5405","500",N,1,1,1,0.00,0.00,0.00,0.00,0.00,0.00,0.00,0.00,0.00,0.00,0.00,"",0.00,0.00,0.00,0,0,0.00,0,0,"","",0.00,0.00,0.00,0.00,N,0.00,0.00,0.00,0,"FD","",0,"",120.00,3.000,"","",N,0.000,0.00,0.00,0.00,0.00,0.00,0.00,0.00,0.00,0.00,0.00,0.00,0.00,0.00,0.00,0.00,0.00,0.00,0.00,0.00,0.00,0.00,0.00,0.00,0.00,0.00,0.00,0.00,0.00,0.00,0,0.00,"",0.00,0.00,N,N,N,0.00,0.00,0.00,0,0.00,"",0.00,0.00,0.00,0.00,0.00,0,"",0.00,0.00,"","",0.00,0.00,0.00,0.00,0.00,0.00,0.00,0.00,0.00,0,"","",N,0.00
1,"1","S","10383027000164",0,10778,"20250814","MT","1","NF",55,1.00,72.00,0.00,0.00,0.00,0.00,0.00,"5405","500",N,1,1,1,0.00,0.00,0.00,0.00,0.00,0.00,0.00,0.00,0.00,0.00,0.00,"",0.00,0.00,0.00,0,0,0.00,0,0,"","",0.00,0.00,0.00,0.00,N,0.00,0.00,0.00,0,"FD","",0,"",72.00,1.000,"","",N,0.000,0.00,0.00,0.00,0.00,0.00,0.00,0.00,0.00,0.00,0.00,0.00,0.00,0.00,0.00,0.00,0.00,0.00,0.00,0.00,0.00,0.00,0.00,0.00,0.00,0.00,0.00,0.00,0.00,0.00,0,0.00,"",0.00,0.00,N,N,N,0.00,0.00,0.00,0,0.00,"",0.00,0.00,0.00,0.00,0.00,0,"",0.00,0.00,"","",0.00,0.00,0.00,0.00,0.00,0.00,0.00,0.00,0.00,0,"","",N,0.00
2,"3","S","10383027000164",0,10778,"20250814","MT","1","NF",55,1.00,135.00,0.00,0.00,0.00,0.00,0.00,"5405","500",N,1,1,1,0.00,0.00,0.00,0.00,0.00,0.00,0.00,0.00,0.00,0.00,0.00,"",0.00,0.00,0.00,0,0,0.00,0,0,"","",0.00,0.00,0.00,0.00,N,0.00,0.00,0.00,0,"FD","",0,"",135.00,1.000,"","",N,0.000,0.00,0.00,0.00,0.00,0.00,0.00,0.00,0.00,0.00,0.00,0.00,0.00,0.00,0.00,0.00,0.00,0.00,0.00,0.00,0.00,0.00,0.00,0.00,0.00,0.00,0.00,0.00,0.00,0.00,0,0.00,"",0.00,0.00,N,N,N,0.00,0.00,0.00,0,0.00,"",0.00,0.00,0.00,0.00,0.00,0,"",0.00,0.00,"","",0.00,0.00,0.00,0.00,0.00,0.00,0.00,0.00,0.00,0,"","",N,0.00
3,"4","S","10383027000164",0,10778,"20250814","MT","1","NF",55,1.00,135.00,0.00,0.00,0.00,0.00,0.00,"5405","500",N,1,1,1,0.00,0.00,0.00,0.00,0.00,0.00,0.00,0.00,0.00,0.00,0.00,"",0.00,0.00,0.00,0,0,0.00,0,0,"","",0.00,0.00,0.00,0.00,N,0.00,0.00,0.00,0,"FD","",0,"",135.00,1.000,"","",N,0.000,0.00,0.00,0.00,0.00,0.00,0.00,0.00,0.00,0.00,0.00,0.00,0.00,0.00,0.00,0.00,0.00,0.00,0.00,0.00,0.00,0.00,0.00,0.00,0.00,0.00,0.00,0.00,0.00,0.00,0,0.00,"",0.00,0.00,N,N,N,0.00,0.00,0.00,0,0.00,"",0.00,0.00,0.00,0.00,0.00,0,"",0.00,0.00,"","",0.00,0.00,0.00,0.00,0.00,0.00,0.00,0.00,0.00,0,"","",N,0.00
4,"7","S","10383027000164",0,10778,"20250814","MT","1","NF",55,1.00,159.00,0.00,0.00,0.00,0.00,0.00,"5405","500",N,1,1,1,0.00,0.00,0.00,0.00,0.00,0.00,0.00,0.00,0.00,0.00,0.00,"",0.00,0.00,0.00,0,0,0.00,0,0,"","",0.00,0.00,0.00,0.00,N,0.00,0.00,0.00,0,"FD","",0,"",159.00,1.000,"","",N,0.000,0.00,0.00,0.00,0.00,0.00,0.00,0.00,0.00,0.00,0.00,0.00,0.00,0.00,0.00,0.00,0.00,0.00,0.00,0.00,0.00,0.00,0.00,0.00,0.00,0.00,0.00,0.00,0.00,0.00,0,0.00,"",0.00,0.00,N,N,N,0.00,0.00,0.00,0,0.00,"",0.00,0.00,0.00,0.00,0.00,0,"",0.00,0.00,"","",0.00,0.00,0.00,0.00,0.00,0.00,0.00,0.00,0.00,0,"","",N,0.00
1,"2","S","49166311000114",0,10780,"20250814","MT","1","NF",55,1.00,95.00,0.00,0.00,0.00,0.00,0.00,"5405","500",N,1,1,1,0.00,0.00,0.00,0.00,0.00,0.00,0.00,0.00,0.00,0.00,0.00,"",0.00,0.00,0.00,0,0,0.00,0,0,"","",0.00,0.00,0.00,0.00,N,0.00,0.00,0.00,0,"FD","",0,"",95.00,1.000,"","",N,0.000,0.00,0.00,0.00,0.00,0.00,0.00,0.00,0.00,0.00,0.00,0.00,0.00,0.00,0.00,0.00,0.00,0.00,0.00,0.00,0.00,0.00,0.00,0.00,0.00,0.00,0.00,0.00,0.00,0.00,0,0.00,"",0.00,0.00,N,N,N,0.00,0.00,0.00,0,0.00,"",0.00,0.00,0.00,0.00,0.00,0,"",0.00,0.00,"","",0.00,0.00,0.00,0.00,0.00,0.00,0.00,0.00,0.00,0,"","",N,0.00
2,"3","S","49166311000114",0,10780,"20250814","MT","1","NF",55,1.00,135.00,0.00,0.00,0.00,0.00,0.00,"5405","500",N,1,1,1,0.00,0.00,0.00,0.00,0.00,0.00,0.00,0.00,0.00,0.00,0.00,"",0.00,0.00,0.00,0,0,0.00,0,0,"","",0.00,0.00,0.00,0.00,N,0.00,0.00,0.00,0,"FD","",0,"",135.00,1.000,"","",N,0.000,0.00,0.00,0.00,0.00,0.00,0.00,0.00,0.00,0.00,0.00,0.00,0.00,0.00,0.00,0.00,0.00,0.00,0.00,0.00,0.00,0.00,0.00,0.00,0.00,0.00,0.00,0.00,0.00,0.00,0,0.00,"",0.00,0.00,N,N,N,0.00,0.00,0.00,0,0.00,"",0.00,0.00,0.00,0.00,0.00,0,"",0.00,0.00,"","",0.00,0.00,0.00,0.00,0.00,0.00,0.00,0.00,0.00,0,"","",N,0.00
3,"4","S","49166311000114",0,10780,"20250814","MT","1","NF",55,1.00,135.00,0.00,0.00,0.00,0.00,0.00,"5405","500",N,1,1,1,0.00,0.00,0.00,0.00,0.00,0.00,0.00,0.00,0.00,0.00,0.00,"",0.00,0.00,0.00,0,0,0.00,0,0,"","",0.00,0.00,0.00,0.00,N,0.00,0.00,0.00,0,"FD","",0,"",135.00,1.000,"","",N,0.000,0.00,0.00,0.00,0.00,0.00,0.00,0.00,0.00,0.00,0.00,0.00,0.00,0.00,0.00,0.00,0.00,0.00,0.00,0.00,0.00,0.00,0.00,0.00,0.00,0.00,0.00,0.00,0.00,0.00,0,0.00,"",0.00,0.00,N,N,N,0.00,0.00,0.00,0,0.00,"",0.00,0.00,0.00,0.00,0.00,0,"",0.00,0.00,"","",0.00,0.00,0.00,0.00,0.00,0.00,0.00,0.00,0.00,0,"","",N,0.00
4,"7","S","49166311000114",0,10780,"20250814","MT","1","NF",55,1.00,159.00,0.00,0.00,0.00,0.00,0.00,"5405","500",N,1,1,1,0.00,0.00,0.00,0.00,0.00,0.00,0.00,0.00,0.00,0.00,0.00,"",0.00,0.00,0.00,0,0,0.00,0,0,"","",0.00,0.00,0.00,0.00,N,0.00,0.00,0.00,0,"FD","",0,"",159.00,1.000,"","",N,0.000,0.00,0.00,0.00,0.00,0.00,0.00,0.00,0.00,0.00,0.00,0.00,0.00,0.00,0.00,0.00,0.00,0.00,0.00,0.00,0.00,0.00,0.00,0.00,0.00,0.00,0.00,0.00,0.00,0.00,0,0.00,"",0.00,0.00,N,N,N,0.00,0.00,0.00,0,0.00,"",0.00,0.00,0.00,0.00,0.00,0,"",0.00,0.00,"","",0.00,0.00,0.00,0.00,0.00,0.00,0.00,0.00,0.00,0,"","",N,0.00
5,"8","S","49166311000114",0,10780,"20250814","MT","1","NF",55,1.00,159.00,0.00,0.00,0.00,0.00,0.00,"5405","500",N,1,1,1,0.00,0.00,0.00,0.00,0.00,0.00,0.00,0.00,0.00,0.00,0.00,"",0.00,0.00,0.00,0,0,0.00,0,0,"","",0.00,0.00,0.00,0.00,N,0.00,0.00,0.00,0,"FD","",0,"",159.00,1.000,"","",N,0.000,0.00,0.00,0.00,0.00,0.00,0.00,0.00,0.00,0.00,0.00,0.00,0.00,0.00,0.00,0.00,0.00,0.00,0.00,0.00,0.00,0.00,0.00,0.00,0.00,0.00,0.00,0.00,0.00,0.00,0,0.00,"",0.00,0.00,N,N,N,0.00,0.00,0.00,0,0.00,"",0.00,0.00,0.00,0.00,0.00,0,"",0.00,0.00,"","",0.00,0.00,0.00,0.00,0.00,0.00,0.00,0.00,0.00,0,"","",N,0.00
6,"16","S","49166311000114",0,10780,"20250814","MT","1","NF",55,1.00,213.00,0.00,0.00,0.00,0.00,0.00,"5405","500",N,1,1,1,0.00,0.00,0.00,0.00,0.00,0.00,0.00,0.00,0.00,0.00,0.00,"",0.00,0.00,0.00,0,0,0.00,0,0,"","",0.00,0.00,0.00,0.00,N,0.00,0.00,0.00,0,"FD","",0,"",213.00,1.000,"","",N,0.000,0.00,0.00,0.00,0.00,0.00,0.00,0.00,0.00,0.00,0.00,0.00,0.00,0.00,0.00,0.00,0.00,0.00,0.00,0.00,0.00,0.00,0.00,0.00,0.00,0.00,0.00,0.00,0.00,0.00,0,0.00,"",0.00,0.00,N,N,N,0.00,0.00,0.00,0,0.00,"",0.00,0.00,0.00,0.00,0.00,0,"",0.00,0.00,"","",0.00,0.00,0.00,0.00,0.00,0.00,0.00,0.00,0.00,0,"","",N,0.00
7,"21","S","49166311000114",0,10780,"20250814","MT","1","NF",55,1.00,120.00,0.00,0.00,0.00,0.00,0.00,"5405","500",N,1,1,1,0.00,0.00,0.00,0.00,0.00,0.00,0.00,0.00,0.00,0.00,0.00,"",0.00,0.00,0.00,0,0,0.00,0,0,"","",0.00,0.00,0.00,0.00,N,0.00,0.00,0.00,0,"FD","",0,"",120.00,1.000,"","",N,0.000,0.00,0.00,0.00,0.00,0.00,0.00,0.00,0.00,0.00,0.00,0.00,0.00,0.00,0.00,0.00,0.00,0.00,0.00,0.00,0.00,0.00,0.00,0.00,0.00,0.00,0.00,0.00,0.00,0.00,0,0.00,"",0.00,0.00,N,N,N,0.00,0.00,0.00,0,0.00,"",0.00,0.00,0.00,0.00,0.00,0,"",0.00,0.00,"","",0.00,0.00,0.00,0.00,0.00,0.00,0.00,0.00,0.00,0,"","",N,0.00
8,"22","S","49166311000114",0,10780,"20250814","MT","1","NF",55,1.00,120.00,0.00,0.00,0.00,0.00,0.00,"5405","500",N,1,1,1,0.00,0.00,0.00,0.00,0.00,0.00,0.00,0.00,0.00,0.00,0.00,"",0.00,0.00,0.00,0,0,0.00,0,0,"","",0.00,0.00,0.00,0.00,N,0.00,0.00,0.00,0,"FD","",0,"",120.00,1.000,"","",N,0.000,0.00,0.00,0.00,0.00,0.00,0.00,0.00,0.00,0.00,0.00,0.00,0.00,0.00,0.00,0.00,0.00,0.00,0.00,0.00,0.00,0.00,0.00,0.00,0.00,0.00,0.00,0.00,0.00,0.00,0,0.00,"",0.00,0.00,N,N,N,0.00,0.00,0.00,0,0.00,"",0.00,0.00,0.00,0.00,0.00,0,"",0.00,0.00,"","",0.00,0.00,0.00,0.00,0.00,0.00,0.00,0.00,0.00,0,"","",N,0.00
9,"36","S","49166311000114",0,10780,"20250814","MT","1","NF",55,1.00,90.00,0.00,0.00,0.00,0.00,0.00,"5405","500",N,1,1,1,0.00,0.00,0.00,0.00,0.00,0.00,0.00,0.00,0.00,0.00,0.00,"",0.00,0.00,0.00,0,0,0.00,0,0,"","",0.00,0.00,0.00,0.00,N,0.00,0.00,0.00,0,"FD","",0,"",90.00,1.000,"","",N,0.000,0.00,0.00,0.00,0.00,0.00,0.00,0.00,0.00,0.00,0.00,0.00,0.00,0.00,0.00,0.00,0.00,0.00,0.00,0.00,0.00,0.00,0.00,0.00,0.00,0.00,0.00,0.00,0.00,0.00,0,0.00,"",0.00,0.00,N,N,N,0.00,0.00,0.00,0,0.00,"",0.00,0.00,0.00,0.00,0.00,0,"",0.00,0.00,"","",0.00,0.00,0.00,0.00,0.00,0.00,0.00,0.00,0.00,0,"","",N,0.00
10,"37","S","49166311000114",0,10780,"20250814","MT","1","NF",55,1.00,99.00,0.00,0.00,0.00,0.00,0.00,"5405","500",N,1,1,1,0.00,0.00,0.00,0.00,0.00,0.00,0.00,0.00,0.00,0.00,0.00,"",0.00,0.00,0.00,0,0,0.00,0,0,"","",0.00,0.00,0.00,0.00,N,0.00,0.00,0.00,0,"FD","",0,"",99.00,1.000,"","",N,0.000,0.00,0.00,0.00,0.00,0.00,0.00,0.00,0.00,0.00,0.00,0.00,0.00,0.00,0.00,0.00,0.00,0.00,0.00,0.00,0.00,0.00,0.00,0.00,0.00,0.00,0.00,0.00,0.00,0.00,0,0.00,"",0.00,0.00,N,N,N,0.00,0.00,0.00,0,0.00,"",0.00,0.00,0.00,0.00,0.00,0,"",0.00,0.00,"","",0.00,0.00,0.00,0.00,0.00,0.00,0.00,0.00,0.00,0,"","",N,0.00
11,"38","S","49166311000114",0,10780,"20250814","MT","1","NF",55,1.00,120.00,0.00,0.00,0.00,0.00,0.00,"5405","500",N,1,1,1,0.00,0.00,0.00,0.00,0.00,0.00,0.00,0.00,0.00,0.00,0.00,"",0.00,0.00,0.00,0,0,0.00,0,0,"","",0.00,0.00,0.00,0.00,N,0.00,0.00,0.00,0,"FD","",0,"",120.00,1.000,"","",N,0.000,0.00,0.00,0.00,0.00,0.00,0.00,0.00,0.00,0.00,0.00,0.00,0.00,0.00,0.00,0.00,0.00,0.00,0.00,0.00,0.00,0.00,0.00,0.00,0.00,0.00,0.00,0.00,0.00,0.00,0,0.00,"",0.00,0.00,N,N,N,0.00,0.00,0.00,0,0.00,"",0.00,0.00,0.00,0.00,0.00,0,"",0.00,0.00,"","",0.00,0.00,0.00,0.00,0.00,0.00,0.00,0.00,0.00,0,"","",N,0.00
12,"39","S","49166311000114",0,10780,"20250814","MT","1","NF",55,1.00,120.00,0.00,0.00,0.00,0.00,0.00,"5405","500",N,1,1,1,0.00,0.00,0.00,0.00,0.00,0.00,0.00,0.00,0.00,0.00,0.00,"",0.00,0.00,0.00,0,0,0.00,0,0,"","",0.00,0.00,0.00,0.00,N,0.00,0.00,0.00,0,"FD","",0,"",120.00,1.000,"","",N,0.000,0.00,0.00,0.00,0.00,0.00,0.00,0.00,0.00,0.00,0.00,0.00,0.00,0.00,0.00,0.00,0.00,0.00,0.00,0.00,0.00,0.00,0.00,0.00,0.00,0.00,0.00,0.00,0.00,0.00,0,0.00,"",0.00,0.00,N,N,N,0.00,0.00,0.00,0,0.00,"",0.00,0.00,0.00,0.00,0.00,0,"",0.00,0.00,"","",0.00,0.00,0.00,0.00,0.00,0.00,0.00,0.00,0.00,0,"","",N,0.00
1,"16","S","14739053001296",0,10781,"20250814","MT","1","NF",55,3.00,624.00,0.00,0.00,0.00,0.00,0.00,"5405","500",N,1,1,1,0.00,0.00,0.00,0.00,0.00,0.00,0.00,0.00,0.00,0.00,0.00,"",0.00,0.00,0.00,0,0,0.00,0,0,"","",0.00,0.00,0.00,0.00,N,0.00,0.00,0.00,0,"FD","",0,"",208.00,3.000,"","",N,0.000,0.00,0.00,0.00,0.00,0.00,0.00,0.00,0.00,0.00,0.00,0.00,0.00,0.00,0.00,0.00,0.00,0.00,0.00,0.00,0.00,0.00,0.00,0.00,0.00,0.00,0.00,0.00,0.00,0.00,0,0.00,"",0.00,0.00,N,N,N,0.00,0.00,0.00,0,0.00,"",0.00,0.00,0.00,0.00,0.00,0,"",0.00,0.00,"","",0.00,0.00,0.00,0.00,0.00,0.00,0.00,0.00,0.00,0,"","",N,0.00
2,"21","S","14739053001296",0,10781,"20250814","MT","1","NF",55,2.00,240.00,0.00,0.00,0.00,0.00,0.00,"5405","500",N,1,1,1,0.00,0.00,0.00,0.00,0.00,0.00,0.00,0.00,0.00,0.00,0.00,"",0.00,0.00,0.00,0,0,0.00,0,0,"","",0.00,0.00,0.00,0.00,N,0.00,0.00,0.00,0,"FD","",0,"",120.00,2.000,"","",N,0.000,0.00,0.00,0.00,0.00,0.00,0.00,0.00,0.00,0.00,0.00,0.00,0.00,0.00,0.00,0.00,0.00,0.00,0.00,0.00,0.00,0.00,0.00,0.00,0.00,0.00,0.00,0.00,0.00,0.00,0,0.00,"",0.00,0.00,N,N,N,0.00,0.00,0.00,0,0.00,"",0.00,0.00,0.00,0.00,0.00,0,"",0.00,0.00,"","",0.00,0.00,0.00,0.00,0.00,0.00,0.00,0.00,0.00,0,"","",N,0.00
3,"37","S","14739053001296",0,10781,"20250814","MT","1","NF",55,1.00,99.00,0.00,0.00,0.00,0.00,0.00,"5405","500",N,1,1,1,0.00,0.00,0.00,0.00,0.00,0.00,0.00,0.00,0.00,0.00,0.00,"",0.00,0.00,0.00,0,0,0.00,0,0,"","",0.00,0.00,0.00,0.00,N,0.00,0.00,0.00,0,"FD","",0,"",99.00,1.000,"","",N,0.000,0.00,0.00,0.00,0.00,0.00,0.00,0.00,0.00,0.00,0.00,0.00,0.00,0.00,0.00,0.00,0.00,0.00,0.00,0.00,0.00,0.00,0.00,0.00,0.00,0.00,0.00,0.00,0.00,0.00,0,0.00,"",0.00,0.00,N,N,N,0.00,0.00,0.00,0,0.00,"",0.00,0.00,0.00,0.00,0.00,0,"",0.00,0.00,"","",0.00,0.00,0.00,0.00,0.00,0.00,0.00,0.00,0.00,0,"","",N,0.00
1,"2","S","14739053001105",0,10783,"20250814","MT","1","NF",55,1.00,92.00,0.00,0.00,0.00,0.00,0.00,"5405","500",N,1,1,1,0.00,0.00,0.00,0.00,0.00,0.00,0.00,0.00,0.00,0.00,0.00,"",0.00,0.00,0.00,0,0,0.00,0,0,"","",0.00,0.00,0.00,0.00,N,0.00,0.00,0.00,0,"FD","",0,"",92.00,1.000,"","",N,0.000,0.00,0.00,0.00,0.00,0.00,0.00,0.00,0.00,0.00,0.00,0.00,0.00,0.00,0.00,0.00,0.00,0.00,0.00,0.00,0.00,0.00,0.00,0.00,0.00,0.00,0.00,0.00,0.00,0.00,0,0.00,"",0.00,0.00,N,N,N,0.00,0.00,0.00,0,0.00,"",0.00,0.00,0.00,0.00,0.00,0,"",0.00,0.00,"","",0.00,0.00,0.00,0.00,0.00,0.00,0.00,0.00,0.00,0,"","",N,0.00
2,"3","S","14739053001105",0,10783,"20250814","MT","1","NF",55,1.00,129.00,0.00,0.00,0.00,0.00,0.00,"5405","500",N,1,1,1,0.00,0.00,0.00,0.00,0.00,0.00,0.00,0.00,0.00,0.00,0.00,"",0.00,0.00,0.00,0,0,0.00,0,0,"","",0.00,0.00,0.00,0.00,N,0.00,0.00,0.00,0,"FD","",0,"",129.00,1.000,"","",N,0.000,0.00,0.00,0.00,0.00,0.00,0.00,0.00,0.00,0.00,0.00,0.00,0.00,0.00,0.00,0.00,0.00,0.00,0.00,0.00,0.00,0.00,0.00,0.00,0.00,0.00,0.00,0.00,0.00,0.00,0,0.00,"",0.00,0.00,N,N,N,0.00,0.00,0.00,0,0.00,"",0.00,0.00,0.00,0.00,0.00,0,"",0.00,0.00,"","",0.00,0.00,0.00,0.00,0.00,0.00,0.00,0.00,0.00,0,"","",N,0.00
3,"4","S","14739053001105",0,10783,"20250814","MT","1","NF",55,1.00,129.00,0.00,0.00,0.00,0.00,0.00,"5405","500",N,1,1,1,0.00,0.00,0.00,0.00,0.00,0.00,0.00,0.00,0.00,0.00,0.00,"",0.00,0.00,0.00,0,0,0.00,0,0,"","",0.00,0.00,0.00,0.00,N,0.00,0.00,0.00,0,"FD","",0,"",129.00,1.000,"","",N,0.000,0.00,0.00,0.00,0.00,0.00,0.00,0.00,0.00,0.00,0.00,0.00,0.00,0.00,0.00,0.00,0.00,0.00,0.00,0.00,0.00,0.00,0.00,0.00,0.00,0.00,0.00,0.00,0.00,0.00,0,0.00,"",0.00,0.00,N,N,N,0.00,0.00,0.00,0,0.00,"",0.00,0.00,0.00,0.00,0.00,0,"",0.00,0.00,"","",0.00,0.00,0.00,0.00,0.00,0.00,0.00,0.00,0.00,0,"","",N,0.00
4,"7","S","14739053001105",0,10783,"20250814","MT","1","NF",55,2.00,282.00,0.00,0.00,0.00,0.00,0.00,"5405","500",N,1,1,1,0.00,0.00,0.00,0.00,0.00,0.00,0.00,0.00,0.00,0.00,0.00,"",0.00,0.00,0.00,0,0,0.00,0,0,"","",0.00,0.00,0.00,0.00,N,0.00,0.00,0.00,0,"FD","",0,"",141.00,2.000,"","",N,0.000,0.00,0.00,0.00,0.00,0.00,0.00,0.00,0.00,0.00,0.00,0.00,0.00,0.00,0.00,0.00,0.00,0.00,0.00,0.00,0.00,0.00,0.00,0.00,0.00,0.00,0.00,0.00,0.00,0.00,0,0.00,"",0.00,0.00,N,N,N,0.00,0.00,0.00,0,0.00,"",0.00,0.00,0.00,0.00,0.00,0,"",0.00,0.00,"","",0.00,0.00,0.00,0.00,0.00,0.00,0.00,0.00,0.00,0,"","",N,0.00
5,"8","S","14739053001105",0,10783,"20250814","MT","1","NF",55,2.00,282.00,0.00,0.00,0.00,0.00,0.00,"5405","500",N,1,1,1,0.00,0.00,0.00,0.00,0.00,0.00,0.00,0.00,0.00,0.00,0.00,"",0.00,0.00,0.00,0,0,0.00,0,0,"","",0.00,0.00,0.00,0.00,N,0.00,0.00,0.00,0,"FD","",0,"",141.00,2.000,"","",N,0.000,0.00,0.00,0.00,0.00,0.00,0.00,0.00,0.00,0.00,0.00,0.00,0.00,0.00,0.00,0.00,0.00,0.00,0.00,0.00,0.00,0.00,0.00,0.00,0.00,0.00,0.00,0.00,0.00,0.00,0,0.00,"",0.00,0.00,N,N,N,0.00,0.00,0.00,0,0.00,"",0.00,0.00,0.00,0.00,0.00,0,"",0.00,0.00,"","",0.00,0.00,0.00,0.00,0.00,0.00,0.00,0.00,0.00,0,"","",N,0.00
6,"9","S","14739053001105",0,10783,"20250814","MT","1","NF",55,1.00,149.00,0.00,0.00,0.00,0.00,0.00,"5101","101",N,1,1,1,0.00,0.00,0.00,0.00,0.00,0.00,0.00,0.00,0.00,0.00,0.00,"",0.00,0.00,0.00,0,0,0.00,0,0,"","",0.00,0.00,0.00,0.00,N,0.00,0.00,0.00,0,"FD","",0,"",149.00,1.000,"","",N,0.000,0.00,0.00,0.00,0.00,0.00,0.00,0.00,0.00,0.00,0.00,0.00,0.00,0.00,0.00,0.00,0.00,0.00,0.00,0.00,0.00,0.00,0.00,0.00,0.00,0.00,0.00,0.00,0.00,0.00,0,0.00,"",0.00,0.00,N,N,N,0.00,0.00,0.00,0,0.00,"",0.00,0.00,0.00,0.00,0.00,0,"",0.00,0.00,"","",0.00,0.00,0.00,0.00,0.00,0.00,0.00,0.00,0.00,0,"","",N,0.00
7,"15","S","14739053001105",0,10783,"20250814","MT","1","NF",55,1.00,141.00,0.00,0.00,0.00,0.00,0.00,"5405","500",N,1,1,1,0.00,0.00,0.00,0.00,0.00,0.00,0.00,0.00,0.00,0.00,0.00,"",0.00,0.00,0.00,0,0,0.00,0,0,"","",0.00,0.00,0.00,0.00,N,0.00,0.00,0.00,0,"FD","",0,"",141.00,1.000,"","",N,0.000,0.00,0.00,0.00,0.00,0.00,0.00,0.00,0.00,0.00,0.00,0.00,0.00,0.00,0.00,0.00,0.00,0.00,0.00,0.00,0.00,0.00,0.00,0.00,0.00,0.00,0.00,0.00,0.00,0.00,0,0.00,"",0.00,0.00,N,N,N,0.00,0.00,0.00,0,0.00,"",0.00,0.00,0.00,0.00,0.00,0,"",0.00,0.00,"","",0.00,0.00,0.00,0.00,0.00,0.00,0.00,0.00,0.00,0,"","",N,0.00
8,"16","S","14739053001105",0,10783,"20250814","MT","1","NF",55,1.00,208.00,0.00,0.00,0.00,0.00,0.00,"5405","500",N,1,1,1,0.00,0.00,0.00,0.00,0.00,0.00,0.00,0.00,0.00,0.00,0.00,"",0.00,0.00,0.00,0,0,0.00,0,0,"","",0.00,0.00,0.00,0.00,N,0.00,0.00,0.00,0,"FD","",0,"",208.00,1.000,"","",N,0.000,0.00,0.00,0.00,0.00,0.00,0.00,0.00,0.00,0.00,0.00,0.00,0.00,0.00,0.00,0.00,0.00,0.00,0.00,0.00,0.00,0.00,0.00,0.00,0.00,0.00,0.00,0.00,0.00,0.00,0,0.00,"",0.00,0.00,N,N,N,0.00,0.00,0.00,0,0.00,"",0.00,0.00,0.00,0.00,0.00,0,"",0.00,0.00,"","",0.00,0.00,0.00,0.00,0.00,0.00,0.00,0.00,0.00,0,"","",N,0.00
9,"20","S","14739053001105",0,10783,"20250814","MT","1","NF",55,1.00,99.00,0.00,0.00,0.00,0.00,0.00,"5405","500",N,1,1,1,0.00,0.00,0.00,0.00,0.00,0.00,0.00,0.00,0.00,0.00,0.00,"",0.00,0.00,0.00,0,0,0.00,0,0,"","",0.00,0.00,0.00,0.00,N,0.00,0.00,0.00,0,"FD","",0,"",99.00,1.000,"","",N,0.000,0.00,0.00,0.00,0.00,0.00,0.00,0.00,0.00,0.00,0.00,0.00,0.00,0.00,0.00,0.00,0.00,0.00,0.00,0.00,0.00,0.00,0.00,0.00,0.00,0.00,0.00,0.00,0.00,0.00,0,0.00,"",0.00,0.00,N,N,N,0.00,0.00,0.00,0,0.00,"",0.00,0.00,0.00,0.00,0.00,0,"",0.00,0.00,"","",0.00,0.00,0.00,0.00,0.00,0.00,0.00,0.00,0.00,0,"","",N,0.00
10,"21","S","14739053001105",0,10783,"20250814","MT","1","NF",55,1.00,120.00,0.00,0.00,0.00,0.00,0.00,"5405","500",N,1,1,1,0.00,0.00,0.00,0.00,0.00,0.00,0.00,0.00,0.00,0.00,0.00,"",0.00,0.00,0.00,0,0,0.00,0,0,"","",0.00,0.00,0.00,0.00,N,0.00,0.00,0.00,0,"FD","",0,"",120.00,1.000,"","",N,0.000,0.00,0.00,0.00,0.00,0.00,0.00,0.00,0.00,0.00,0.00,0.00,0.00,0.00,0.00,0.00,0.00,0.00,0.00,0.00,0.00,0.00,0.00,0.00,0.00,0.00,0.00,0.00,0.00,0.00,0,0.00,"",0.00,0.00,N,N,N,0.00,0.00,0.00,0,0.00,"",0.00,0.00,0.00,0.00,0.00,0,"",0.00,0.00,"","",0.00,0.00,0.00,0.00,0.00,0.00,0.00,0.00,0.00,0,"","",N,0.00
11,"22","S","14739053001105",0,10783,"20250814","MT","1","NF",55,1.00,120.00,0.00,0.00,0.00,0.00,0.00,"5405","500",N,1,1,1,0.00,0.00,0.00,0.00,0.00,0.00,0.00,0.00,0.00,0.00,0.00,"",0.00,0.00,0.00,0,0,0.00,0,0,"","",0.00,0.00,0.00,0.00,N,0.00,0.00,0.00,0,"FD","",0,"",120.00,1.000,"","",N,0.000,0.00,0.00,0.00,0.00,0.00,0.00,0.00,0.00,0.00,0.00,0.00,0.00,0.00,0.00,0.00,0.00,0.00,0.00,0.00,0.00,0.00,0.00,0.00,0.00,0.00,0.00,0.00,0.00,0.00,0,0.00,"",0.00,0.00,N,N,N,0.00,0.00,0.00,0,0.00,"",0.00,0.00,0.00,0.00,0.00,0,"",0.00,0.00,"","",0.00,0.00,0.00,0.00,0.00,0.00,0.00,0.00,0.00,0,"","",N,0.00
1,"1","S","14739053001024",0,10782,"20250814","MT","1","NF",55,2.00,144.00,0.00,0.00,0.00,0.00,0.00,"5405","500",N,1,1,1,0.00,0.00,0.00,0.00,0.00,0.00,0.00,0.00,0.00,0.00,0.00,"",0.00,0.00,0.00,0,0,0.00,0,0,"","",0.00,0.00,0.00,0.00,N,0.00,0.00,0.00,0,"FD","",0,"",72.00,2.000,"","",N,0.000,0.00,0.00,0.00,0.00,0.00,0.00,0.00,0.00,0.00,0.00,0.00,0.00,0.00,0.00,0.00,0.00,0.00,0.00,0.00,0.00,0.00,0.00,0.00,0.00,0.00,0.00,0.00,0.00,0.00,0,0.00,"",0.00,0.00,N,N,N,0.00,0.00,0.00,0,0.00,"",0.00,0.00,0.00,0.00,0.00,0,"",0.00,0.00,"","",0.00,0.00,0.00,0.00,0.00,0.00,0.00,0.00,0.00,0,"","",N,0.00
2,"2","S","14739053001024",0,10782,"20250814","MT","1","NF",55,2.00,184.00,0.00,0.00,0.00,0.00,0.00,"5405","500",N,1,1,1,0.00,0.00,0.00,0.00,0.00,0.00,0.00,0.00,0.00,0.00,0.00,"",0.00,0.00,0.00,0,0,0.00,0,0,"","",0.00,0.00,0.00,0.00,N,0.00,0.00,0.00,0,"FD","",0,"",92.00,2.000,"","",N,0.000,0.00,0.00,0.00,0.00,0.00,0.00,0.00,0.00,0.00,0.00,0.00,0.00,0.00,0.00,0.00,0.00,0.00,0.00,0.00,0.00,0.00,0.00,0.00,0.00,0.00,0.00,0.00,0.00,0.00,0,0.00,"",0.00,0.00,N,N,N,0.00,0.00,0.00,0,0.00,"",0.00,0.00,0.00,0.00,0.00,0,"",0.00,0.00,"","",0.00,0.00,0.00,0.00,0.00,0.00,0.00,0.00,0.00,0,"","",N,0.00
3,"3","S","14739053001024",0,10782,"20250814","MT","1","NF",55,4.00,516.00,0.00,0.00,0.00,0.00,0.00,"5405","500",N,1,1,1,0.00,0.00,0.00,0.00,0.00,0.00,0.00,0.00,0.00,0.00,0.00,"",0.00,0.00,0.00,0,0,0.00,0,0,"","",0.00,0.00,0.00,0.00,N,0.00,0.00,0.00,0,"FD","",0,"",129.00,4.000,"","",N,0.000,0.00,0.00,0.00,0.00,0.00,0.00,0.00,0.00,0.00,0.00,0.00,0.00,0.00,0.00,0.00,0.00,0.00,0.00,0.00,0.00,0.00,0.00,0.00,0.00,0.00,0.00,0.00,0.00,0.00,0,0.00,"",0.00,0.00,N,N,N,0.00,0.00,0.00,0,0.00,"",0.00,0.00,0.00,0.00,0.00,0,"",0.00,0.00,"","",0.00,0.00,0.00,0.00,0.00,0.00,0.00,0.00,0.00,0,"","",N,0.00
4,"4","S","14739053001024",0,10782,"20250814","MT","1","NF",55,2.00,258.00,0.00,0.00,0.00,0.00,0.00,"5405","500",N,1,1,1,0.00,0.00,0.00,0.00,0.00,0.00,0.00,0.00,0.00,0.00,0.00,"",0.00,0.00,0.00,0,0,0.00,0,0,"","",0.00,0.00,0.00,0.00,N,0.00,0.00,0.00,0,"FD","",0,"",129.00,2.000,"","",N,0.000,0.00,0.00,0.00,0.00,0.00,0.00,0.00,0.00,0.00,0.00,0.00,0.00,0.00,0.00,0.00,0.00,0.00,0.00,0.00,0.00,0.00,0.00,0.00,0.00,0.00,0.00,0.00,0.00,0.00,0,0.00,"",0.00,0.00,N,N,N,0.00,0.00,0.00,0,0.00,"",0.00,0.00,0.00,0.00,0.00,0,"",0.00,0.00,"","",0.00,0.00,0.00,0.00,0.00,0.00,0.00,0.00,0.00,0,"","",N,0.00
5,"7","S","14739053001024",0,10782,"20250814","MT","1","NF",55,2.00,282.00,0.00,0.00,0.00,0.00,0.00,"5405","500",N,1,1,1,0.00,0.00,0.00,0.00,0.00,0.00,0.00,0.00,0.00,0.00,0.00,"",0.00,0.00,0.00,0,0,0.00,0,0,"","",0.00,0.00,0.00,0.00,N,0.00,0.00,0.00,0,"FD","",0,"",141.00,2.000,"","",N,0.000,0.00,0.00,0.00,0.00,0.00,0.00,0.00,0.00,0.00,0.00,0.00,0.00,0.00,0.00,0.00,0.00,0.00,0.00,0.00,0.00,0.00,0.00,0.00,0.00,0.00,0.00,0.00,0.00,0.00,0,0.00,"",0.00,0.00,N,N,N,0.00,0.00,0.00,0,0.00,"",0.00,0.00,0.00,0.00,0.00,0,"",0.00,0.00,"","",0.00,0.00,0.00,0.00,0.00,0.00,0.00,0.00,0.00,0,"","",N,0.00
6,"8","S","14739053001024",0,10782,"20250814","MT","1","NF",55,1.00,141.00,0.00,0.00,0.00,0.00,0.00,"5405","500",N,1,1,1,0.00,0.00,0.00,0.00,0.00,0.00,0.00,0.00,0.00,0.00,0.00,"",0.00,0.00,0.00,0,0,0.00,0,0,"","",0.00,0.00,0.00,0.00,N,0.00,0.00,0.00,0,"FD","",0,"",141.00,1.000,"","",N,0.000,0.00,0.00,0.00,0.00,0.00,0.00,0.00,0.00,0.00,0.00,0.00,0.00,0.00,0.00,0.00,0.00,0.00,0.00,0.00,0.00,0.00,0.00,0.00,0.00,0.00,0.00,0.00,0.00,0.00,0,0.00,"",0.00,0.00,N,N,N,0.00,0.00,0.00,0,0.00,"",0.00,0.00,0.00,0.00,0.00,0,"",0.00,0.00,"","",0.00,0.00,0.00,0.00,0.00,0.00,0.00,0.00,0.00,0,"","",N,0.00
7,"9","S","14739053001024",0,10782,"20250814","MT","1","NF",55,3.00,447.00,0.00,0.00,0.00,0.00,0.00,"5101","101",N,1,1,1,0.00,0.00,0.00,0.00,0.00,0.00,0.00,0.00,0.00,0.00,0.00,"",0.00,0.00,0.00,0,0,0.00,0,0,"","",0.00,0.00,0.00,0.00,N,0.00,0.00,0.00,0,"FD","",0,"",149.00,3.000,"","",N,0.000,0.00,0.00,0.00,0.00,0.00,0.00,0.00,0.00,0.00,0.00,0.00,0.00,0.00,0.00,0.00,0.00,0.00,0.00,0.00,0.00,0.00,0.00,0.00,0.00,0.00,0.00,0.00,0.00,0.00,0,0.00,"",0.00,0.00,N,N,N,0.00,0.00,0.00,0,0.00,"",0.00,0.00,0.00,0.00,0.00,0,"",0.00,0.00,"","",0.00,0.00,0.00,0.00,0.00,0.00,0.00,0.00,0.00,0,"","",N,0.00
8,"10","S","14739053001024",0,10782,"20250814","MT","1","NF",55,2.00,340.00,0.00,0.00,0.00,0.00,0.00,"5101","101",N,1,1,1,0.00,0.00,0.00,0.00,0.00,0.00,0.00,0.00,0.00,0.00,0.00,"",0.00,0.00,0.00,0,0,0.00,0,0,"","",0.00,0.00,0.00,0.00,N,0.00,0.00,0.00,0,"FD","",0,"",170.00,2.000,"","",N,0.000,0.00,0.00,0.00,0.00,0.00,0.00,0.00,0.00,0.00,0.00,0.00,0.00,0.00,0.00,0.00,0.00,0.00,0.00,0.00,0.00,0.00,0.00,0.00,0.00,0.00,0.00,0.00,0.00,0.00,0,0.00,"",0.00,0.00,N,N,N,0.00,0.00,0.00,0,0.00,"",0.00,0.00,0.00,0.00,0.00,0,"",0.00,0.00,"","",0.00,0.00,0.00,0.00,0.00,0.00,0.00,0.00,0.00,0,"","",N,0.00
9,"15","S","14739053001024",0,10782,"20250814","MT","1","NF",55,3.00,423.00,0.00,0.00,0.00,0.00,0.00,"5405","500",N,1,1,1,0.00,0.00,0.00,0.00,0.00,0.00,0.00,0.00,0.00,0.00,0.00,"",0.00,0.00,0.00,0,0,0.00,0,0,"","",0.00,0.00,0.00,0.00,N,0.00,0.00,0.00,0,"FD","",0,"",141.00,3.000,"","",N,0.000,0.00,0.00,0.00,0.00,0.00,0.00,0.00,0.00,0.00,0.00,0.00,0.00,0.00,0.00,0.00,0.00,0.00,0.00,0.00,0.00,0.00,0.00,0.00,0.00,0.00,0.00,0.00,0.00,0.00,0,0.00,"",0.00,0.00,N,N,N,0.00,0.00,0.00,0,0.00,"",0.00,0.00,0.00,0.00,0.00,0,"",0.00,0.00,"","",0.00,0.00,0.00,0.00,0.00,0.00,0.00,0.00,0.00,0,"","",N,0.00
10,"19","S","14739053001024",0,10782,"20250814","MT","1","NF",55,1.00,90.00,0.00,0.00,0.00,0.00,0.00,"5405","500",N,1,1,1,0.00,0.00,0.00,0.00,0.00,0.00,0.00,0.00,0.00,0.00,0.00,"",0.00,0.00,0.00,0,0,0.00,0,0,"","",0.00,0.00,0.00,0.00,N,0.00,0.00,0.00,0,"FD","",0,"",90.00,1.000,"","",N,0.000,0.00,0.00,0.00,0.00,0.00,0.00,0.00,0.00,0.00,0.00,0.00,0.00,0.00,0.00,0.00,0.00,0.00,0.00,0.00,0.00,0.00,0.00,0.00,0.00,0.00,0.00,0.00,0.00,0.00,0,0.00,"",0.00,0.00,N,N,N,0.00,0.00,0.00,0,0.00,"",0.00,0.00,0.00,0.00,0.00,0,"",0.00,0.00,"","",0.00,0.00,0.00,0.00,0.00,0.00,0.00,0.00,0.00,0,"","",N,0.00
11,"21","S","14739053001024",0,10782,"20250814","MT","1","NF",55,2.00,240.00,0.00,0.00,0.00,0.00,0.00,"5405","500",N,1,1,1,0.00,0.00,0.00,0.00,0.00,0.00,0.00,0.00,0.00,0.00,0.00,"",0.00,0.00,0.00,0,0,0.00,0,0,"","",0.00,0.00,0.00,0.00,N,0.00,0.00,0.00,0,"FD","",0,"",120.00,2.000,"","",N,0.000,0.00,0.00,0.00,0.00,0.00,0.00,0.00,0.00,0.00,0.00,0.00,0.00,0.00,0.00,0.00,0.00,0.00,0.00,0.00,0.00,0.00,0.00,0.00,0.00,0.00,0.00,0.00,0.00,0.00,0,0.00,"",0.00,0.00,N,N,N,0.00,0.00,0.00,0,0.00,"",0.00,0.00,0.00,0.00,0.00,0,"",0.00,0.00,"","",0.00,0.00,0.00,0.00,0.00,0.00,0.00,0.00,0.00,0,"","",N,0.00
12,"22","S","14739053001024",0,10782,"20250814","MT","1","NF",55,2.00,240.00,0.00,0.00,0.00,0.00,0.00,"5405","500",N,1,1,1,0.00,0.00,0.00,0.00,0.00,0.00,0.00,0.00,0.00,0.00,0.00,"",0.00,0.00,0.00,0,0,0.00,0,0,"","",0.00,0.00,0.00,0.00,N,0.00,0.00,0.00,0,"FD","",0,"",120.00,2.000,"","",N,0.000,0.00,0.00,0.00,0.00,0.00,0.00,0.00,0.00,0.00,0.00,0.00,0.00,0.00,0.00,0.00,0.00,0.00,0.00,0.00,0.00,0.00,0.00,0.00,0.00,0.00,0.00,0.00,0.00,0.00,0,0.00,"",0.00,0.00,N,N,N,0.00,0.00,0.00,0,0.00,"",0.00,0.00,0.00,0.00,0.00,0,"",0.00,0.00,"","",0.00,0.00,0.00,0.00,0.00,0.00,0.00,0.00,0.00,0,"","",N,0.00
13,"36","S","14739053001024",0,10782,"20250814","MT","1","NF",55,2.00,180.00,0.00,0.00,0.00,0.00,0.00,"5405","500",N,1,1,1,0.00,0.00,0.00,0.00,0.00,0.00,0.00,0.00,0.00,0.00,0.00,"",0.00,0.00,0.00,0,0,0.00,0,0,"","",0.00,0.00,0.00,0.00,N,0.00,0.00,0.00,0,"FD","",0,"",90.00,2.000,"","",N,0.000,0.00,0.00,0.00,0.00,0.00,0.00,0.00,0.00,0.00,0.00,0.00,0.00,0.00,0.00,0.00,0.00,0.00,0.00,0.00,0.00,0.00,0.00,0.00,0.00,0.00,0.00,0.00,0.00,0.00,0,0.00,"",0.00,0.00,N,N,N,0.00,0.00,0.00,0,0.00,"",0.00,0.00,0.00,0.00,0.00,0,"",0.00,0.00,"","",0.00,0.00,0.00,0.00,0.00,0.00,0.00,0.00,0.00,0,"","",N,0.00
14,"37","S","14739053001024",0,10782,"20250814","MT","1","NF",55,3.00,297.00,0.00,0.00,0.00,0.00,0.00,"5405","500",N,1,1,1,0.00,0.00,0.00,0.00,0.00,0.00,0.00,0.00,0.00,0.00,0.00,"",0.00,0.00,0.00,0,0,0.00,0,0,"","",0.00,0.00,0.00,0.00,N,0.00,0.00,0.00,0,"FD","",0,"",99.00,3.000,"","",N,0.000,0.00,0.00,0.00,0.00,0.00,0.00,0.00,0.00,0.00,0.00,0.00,0.00,0.00,0.00,0.00,0.00,0.00,0.00,0.00,0.00,0.00,0.00,0.00,0.00,0.00,0.00,0.00,0.00,0.00,0,0.00,"",0.00,0.00,N,N,N,0.00,0.00,0.00,0,0.00,"",0.00,0.00,0.00,0.00,0.00,0,"",0.00,0.00,"","",0.00,0.00,0.00,0.00,0.00,0.00,0.00,0.00,0.00,0,"","",N,0.00
1,"1","S","14739053000303",0,10784,"20250814","MT","1","NF",55,1.00,72.00,0.00,0.00,0.00,0.00,0.00,"5405","500",N,1,1,1,0.00,0.00,0.00,0.00,0.00,0.00,0.00,0.00,0.00,0.00,0.00,"",0.00,0.00,0.00,0,0,0.00,0,0,"","",0.00,0.00,0.00,0.00,N,0.00,0.00,0.00,0,"FD","",0,"",72.00,1.000,"","",N,0.000,0.00,0.00,0.00,0.00,0.00,0.00,0.00,0.00,0.00,0.00,0.00,0.00,0.00,0.00,0.00,0.00,0.00,0.00,0.00,0.00,0.00,0.00,0.00,0.00,0.00,0.00,0.00,0.00,0.00,0,0.00,"",0.00,0.00,N,N,N,0.00,0.00,0.00,0,0.00,"",0.00,0.00,0.00,0.00,0.00,0,"",0.00,0.00,"","",0.00,0.00,0.00,0.00,0.00,0.00,0.00,0.00,0.00,0,"","",N,0.00
2,"8","S","14739053000303",0,10784,"20250814","MT","1","NF",55,1.00,141.00,0.00,0.00,0.00,0.00,0.00,"5405","500",N,1,1,1,0.00,0.00,0.00,0.00,0.00,0.00,0.00,0.00,0.00,0.00,0.00,"",0.00,0.00,0.00,0,0,0.00,0,0,"","",0.00,0.00,0.00,0.00,N,0.00,0.00,0.00,0,"FD","",0,"",141.00,1.000,"","",N,0.000,0.00,0.00,0.00,0.00,0.00,0.00,0.00,0.00,0.00,0.00,0.00,0.00,0.00,0.00,0.00,0.00,0.00,0.00,0.00,0.00,0.00,0.00,0.00,0.00,0.00,0.00,0.00,0.00,0.00,0,0.00,"",0.00,0.00,N,N,N,0.00,0.00,0.00,0,0.00,"",0.00,0.00,0.00,0.00,0.00,0,"",0.00,0.00,"","",0.00,0.00,0.00,0.00,0.00,0.00,0.00,0.00,0.00,0,"","",N,0.00
3,"9","S","14739053000303",0,10784,"20250814","MT","1","NF",55,1.00,149.00,0.00,0.00,0.00,0.00,0.00,"5101","101",N,1,1,1,0.00,0.00,0.00,0.00,0.00,0.00,0.00,0.00,0.00,0.00,0.00,"",0.00,0.00,0.00,0,0,0.00,0,0,"","",0.00,0.00,0.00,0.00,N,0.00,0.00,0.00,0,"FD","",0,"",149.00,1.000,"","",N,0.000,0.00,0.00,0.00,0.00,0.00,0.00,0.00,0.00,0.00,0.00,0.00,0.00,0.00,0.00,0.00,0.00,0.00,0.00,0.00,0.00,0.00,0.00,0.00,0.00,0.00,0.00,0.00,0.00,0.00,0,0.00,"",0.00,0.00,N,N,N,0.00,0.00,0.00,0,0.00,"",0.00,0.00,0.00,0.00,0.00,0,"",0.00,0.00,"","",0.00,0.00,0.00,0.00,0.00,0.00,0.00,0.00,0.00,0,"","",N,0.00
4,"21","S","14739053000303",0,10784,"20250814","MT","1","NF",55,2.00,240.00,0.00,0.00,0.00,0.00,0.00,"5405","500",N,1,1,1,0.00,0.00,0.00,0.00,0.00,0.00,0.00,0.00,0.00,0.00,0.00,"",0.00,0.00,0.00,0,0,0.00,0,0,"","",0.00,0.00,0.00,0.00,N,0.00,0.00,0.00,0,"FD","",0,"",120.00,2.000,"","",N,0.000,0.00,0.00,0.00,0.00,0.00,0.00,0.00,0.00,0.00,0.00,0.00,0.00,0.00,0.00,0.00,0.00,0.00,0.00,0.00,0.00,0.00,0.00,0.00,0.00,0.00,0.00,0.00,0.00,0.00,0,0.00,"",0.00,0.00,N,N,N,0.00,0.00,0.00,0,0.00,"",0.00,0.00,0.00,0.00,0.00,0,"",0.00,0.00,"","",0.00,0.00,0.00,0.00,0.00,0.00,0.00,0.00,0.00,0,"","",N,0.00
5,"37","S","14739053000303",0,10784,"20250814","MT","1","NF",55,2.00,198.00,0.00,0.00,0.00,0.00,0.00,"5405","500",N,1,1,1,0.00,0.00,0.00,0.00,0.00,0.00,0.00,0.00,0.00,0.00,0.00,"",0.00,0.00,0.00,0,0,0.00,0,0,"","",0.00,0.00,0.00,0.00,N,0.00,0.00,0.00,0,"FD","",0,"",99.00,2.000,"","",N,0.000,0.00,0.00,0.00,0.00,0.00,0.00,0.00,0.00,0.00,0.00,0.00,0.00,0.00,0.00,0.00,0.00,0.00,0.00,0.00,0.00,0.00,0.00,0.00,0.00,0.00,0.00,0.00,0.00,0.00,0,0.00,"",0.00,0.00,N,N,N,0.00,0.00,0.00,0,0.00,"",0.00,0.00,0.00,0.00,0.00,0,"",0.00,0.00,"","",0.00,0.00,0.00,0.00,0.00,0.00,0.00,0.00,0.00,0,"","",N,0.00
6,"39","S","14739053000303",0,10784,"20250814","MT","1","NF",55,2.00,240.00,0.00,0.00,0.00,0.00,0.00,"5405","500",N,1,1,1,0.00,0.00,0.00,0.00,0.00,0.00,0.00,0.00,0.00,0.00,0.00,"",0.00,0.00,0.00,0,0,0.00,0,0,"","",0.00,0.00,0.00,0.00,N,0.00,0.00,0.00,0,"FD","",0,"",120.00,2.000,"","",N,0.000,0.00,0.00,0.00,0.00,0.00,0.00,0.00,0.00,0.00,0.00,0.00,0.00,0.00,0.00,0.00,0.00,0.00,0.00,0.00,0.00,0.00,0.00,0.00,0.00,0.00,0.00,0.00,0.00,0.00,0,0.00,"",0.00,0.00,N,N,N,0.00,0.00,0.00,0,0.00,"",0.00,0.00,0.00,0.00,0.00,0,"",0.00,0.00,"","",0.00,0.00,0.00,0.00,0.00,0.00,0.00,0.00,0.00,0,"","",N,0.00
1,"1","S","14739053000990",0,10786,"20250815","MT","1","NF",55,2.00,144.00,0.00,0.00,0.00,0.00,0.00,"5405","500",N,1,1,1,0.00,0.00,0.00,0.00,0.00,0.00,0.00,0.00,0.00,0.00,0.00,"",0.00,0.00,0.00,0,0,0.00,0,0,"","",0.00,0.00,0.00,0.00,N,0.00,0.00,0.00,0,"FD","",0,"",72.00,2.000,"","",N,0.000,0.00,0.00,0.00,0.00,0.00,0.00,0.00,0.00,0.00,0.00,0.00,0.00,0.00,0.00,0.00,0.00,0.00,0.00,0.00,0.00,0.00,0.00,0.00,0.00,0.00,0.00,0.00,0.00,0.00,0,0.00,"",0.00,0.00,N,N,N,0.00,0.00,0.00,0,0.00,"",0.00,0.00,0.00,0.00,0.00,0,"",0.00,0.00,"","",0.00,0.00,0.00,0.00,0.00,0.00,0.00,0.00,0.00,0,"","",N,0.00
2,"2","S","14739053000990",0,10786,"20250815","MT","1","NF",55,3.00,276.00,0.00,0.00,0.00,0.00,0.00,"5405","500",N,1,1,1,0.00,0.00,0.00,0.00,0.00,0.00,0.00,0.00,0.00,0.00,0.00,"",0.00,0.00,0.00,0,0,0.00,0,0,"","",0.00,0.00,0.00,0.00,N,0.00,0.00,0.00,0,"FD","",0,"",92.00,3.000,"","",N,0.000,0.00,0.00,0.00,0.00,0.00,0.00,0.00,0.00,0.00,0.00,0.00,0.00,0.00,0.00,0.00,0.00,0.00,0.00,0.00,0.00,0.00,0.00,0.00,0.00,0.00,0.00,0.00,0.00,0.00,0,0.00,"",0.00,0.00,N,N,N,0.00,0.00,0.00,0,0.00,"",0.00,0.00,0.00,0.00,0.00,0,"",0.00,0.00,"","",0.00,0.00,0.00,0.00,0.00,0.00,0.00,0.00,0.00,0,"","",N,0.00
3,"3","S","14739053000990",0,10786,"20250815","MT","1","NF",55,4.00,516.00,0.00,0.00,0.00,0.00,0.00,"5405","500",N,1,1,1,0.00,0.00,0.00,0.00,0.00,0.00,0.00,0.00,0.00,0.00,0.00,"",0.00,0.00,0.00,0,0,0.00,0,0,"","",0.00,0.00,0.00,0.00,N,0.00,0.00,0.00,0,"FD","",0,"",129.00,4.000,"","",N,0.000,0.00,0.00,0.00,0.00,0.00,0.00,0.00,0.00,0.00,0.00,0.00,0.00,0.00,0.00,0.00,0.00,0.00,0.00,0.00,0.00,0.00,0.00,0.00,0.00,0.00,0.00,0.00,0.00,0.00,0,0.00,"",0.00,0.00,N,N,N,0.00,0.00,0.00,0,0.00,"",0.00,0.00,0.00,0.00,0.00,0,"",0.00,0.00,"","",0.00,0.00,0.00,0.00,0.00,0.00,0.00,0.00,0.00,0,"","",N,0.00
4,"4","S","14739053000990",0,10786,"20250815","MT","1","NF",55,4.00,516.00,0.00,0.00,0.00,0.00,0.00,"5405","500",N,1,1,1,0.00,0.00,0.00,0.00,0.00,0.00,0.00,0.00,0.00,0.00,0.00,"",0.00,0.00,0.00,0,0,0.00,0,0,"","",0.00,0.00,0.00,0.00,N,0.00,0.00,0.00,0,"FD","",0,"",129.00,4.000,"","",N,0.000,0.00,0.00,0.00,0.00,0.00,0.00,0.00,0.00,0.00,0.00,0.00,0.00,0.00,0.00,0.00,0.00,0.00,0.00,0.00,0.00,0.00,0.00,0.00,0.00,0.00,0.00,0.00,0.00,0.00,0,0.00,"",0.00,0.00,N,N,N,0.00,0.00,0.00,0,0.00,"",0.00,0.00,0.00,0.00,0.00,0,"",0.00,0.00,"","",0.00,0.00,0.00,0.00,0.00,0.00,0.00,0.00,0.00,0,"","",N,0.00
5,"7","S","14739053000990",0,10786,"20250815","MT","1","NF",55,5.00,705.00,0.00,0.00,0.00,0.00,0.00,"5405","500",N,1,1,1,0.00,0.00,0.00,0.00,0.00,0.00,0.00,0.00,0.00,0.00,0.00,"",0.00,0.00,0.00,0,0,0.00,0,0,"","",0.00,0.00,0.00,0.00,N,0.00,0.00,0.00,0,"FD","",0,"",141.00,5.000,"","",N,0.000,0.00,0.00,0.00,0.00,0.00,0.00,0.00,0.00,0.00,0.00,0.00,0.00,0.00,0.00,0.00,0.00,0.00,0.00,0.00,0.00,0.00,0.00,0.00,0.00,0.00,0.00,0.00,0.00,0.00,0,0.00,"",0.00,0.00,N,N,N,0.00,0.00,0.00,0,0.00,"",0.00,0.00,0.00,0.00,0.00,0,"",0.00,0.00,"","",0.00,0.00,0.00,0.00,0.00,0.00,0.00,0.00,0.00,0,"","",N,0.00
6,"8","S","14739053000990",0,10786,"20250815","MT","1","NF",55,4.00,564.00,0.00,0.00,0.00,0.00,0.00,"5405","500",N,1,1,1,0.00,0.00,0.00,0.00,0.00,0.00,0.00,0.00,0.00,0.00,0.00,"",0.00,0.00,0.00,0,0,0.00,0,0,"","",0.00,0.00,0.00,0.00,N,0.00,0.00,0.00,0,"FD","",0,"",141.00,4.000,"","",N,0.000,0.00,0.00,0.00,0.00,0.00,0.00,0.00,0.00,0.00,0.00,0.00,0.00,0.00,0.00,0.00,0.00,0.00,0.00,0.00,0.00,0.00,0.00,0.00,0.00,0.00,0.00,0.00,0.00,0.00,0,0.00,"",0.00,0.00,N,N,N,0.00,0.00,0.00,0,0.00,"",0.00,0.00,0.00,0.00,0.00,0,"",0.00,0.00,"","",0.00,0.00,0.00,0.00,0.00,0.00,0.00,0.00,0.00,0,"","",N,0.00
7,"9","S","14739053000990",0,10786,"20250815","MT","1","NF",55,3.00,447.00,0.00,0.00,0.00,0.00,0.00,"5101","101",N,1,1,1,0.00,0.00,0.00,0.00,0.00,0.00,0.00,0.00,0.00,0.00,0.00,"",0.00,0.00,0.00,0,0,0.00,0,0,"","",0.00,0.00,0.00,0.00,N,0.00,0.00,0.00,0,"FD","",0,"",149.00,3.000,"","",N,0.000,0.00,0.00,0.00,0.00,0.00,0.00,0.00,0.00,0.00,0.00,0.00,0.00,0.00,0.00,0.00,0.00,0.00,0.00,0.00,0.00,0.00,0.00,0.00,0.00,0.00,0.00,0.00,0.00,0.00,0,0.00,"",0.00,0.00,N,N,N,0.00,0.00,0.00,0,0.00,"",0.00,0.00,0.00,0.00,0.00,0,"",0.00,0.00,"","",0.00,0.00,0.00,0.00,0.00,0.00,0.00,0.00,0.00,0,"","",N,0.00
8,"10","S","14739053000990",0,10786,"20250815","MT","1","NF",55,3.00,510.00,0.00,0.00,0.00,0.00,0.00,"5101","101",N,1,1,1,0.00,0.00,0.00,0.00,0.00,0.00,0.00,0.00,0.00,0.00,0.00,"",0.00,0.00,0.00,0,0,0.00,0,0,"","",0.00,0.00,0.00,0.00,N,0.00,0.00,0.00,0,"FD","",0,"",170.00,3.000,"","",N,0.000,0.00,0.00,0.00,0.00,0.00,0.00,0.00,0.00,0.00,0.00,0.00,0.00,0.00,0.00,0.00,0.00,0.00,0.00,0.00,0.00,0.00,0.00,0.00,0.00,0.00,0.00,0.00,0.00,0.00,0,0.00,"",0.00,0.00,N,N,N,0.00,0.00,0.00,0,0.00,"",0.00,0.00,0.00,0.00,0.00,0,"",0.00,0.00,"","",0.00,0.00,0.00,0.00,0.00,0.00,0.00,0.00,0.00,0,"","",N,0.00
9,"15","S","14739053000990",0,10786,"20250815","MT","1","NF",55,6.00,846.00,0.00,0.00,0.00,0.00,0.00,"5405","500",N,1,1,1,0.00,0.00,0.00,0.00,0.00,0.00,0.00,0.00,0.00,0.00,0.00,"",0.00,0.00,0.00,0,0,0.00,0,0,"","",0.00,0.00,0.00,0.00,N,0.00,0.00,0.00,0,"FD","",0,"",141.00,6.000,"","",N,0.000,0.00,0.00,0.00,0.00,0.00,0.00,0.00,0.00,0.00,0.00,0.00,0.00,0.00,0.00,0.00,0.00,0.00,0.00,0.00,0.00,0.00,0.00,0.00,0.00,0.00,0.00,0.00,0.00,0.00,0,0.00,"",0.00,0.00,N,N,N,0.00,0.00,0.00,0,0.00,"",0.00,0.00,0.00,0.00,0.00,0,"",0.00,0.00,"","",0.00,0.00,0.00,0.00,0.00,0.00,0.00,0.00,0.00,0,"","",N,0.00
10,"16","S","14739053000990",0,10786,"20250815","MT","1","NF",55,4.00,832.00,0.00,0.00,0.00,0.00,0.00,"5405","500",N,1,1,1,0.00,0.00,0.00,0.00,0.00,0.00,0.00,0.00,0.00,0.00,0.00,"",0.00,0.00,0.00,0,0,0.00,0,0,"","",0.00,0.00,0.00,0.00,N,0.00,0.00,0.00,0,"FD","",0,"",208.00,4.000,"","",N,0.000,0.00,0.00,0.00,0.00,0.00,0.00,0.00,0.00,0.00,0.00,0.00,0.00,0.00,0.00,0.00,0.00,0.00,0.00,0.00,0.00,0.00,0.00,0.00,0.00,0.00,0.00,0.00,0.00,0.00,0,0.00,"",0.00,0.00,N,N,N,0.00,0.00,0.00,0,0.00,"",0.00,0.00,0.00,0.00,0.00,0,"",0.00,0.00,"","",0.00,0.00,0.00,0.00,0.00,0.00,0.00,0.00,0.00,0,"","",N,0.00
11,"19","S","14739053000990",0,10786,"20250815","MT","1","NF",55,2.00,180.00,0.00,0.00,0.00,0.00,0.00,"5405","500",N,1,1,1,0.00,0.00,0.00,0.00,0.00,0.00,0.00,0.00,0.00,0.00,0.00,"",0.00,0.00,0.00,0,0,0.00,0,0,"","",0.00,0.00,0.00,0.00,N,0.00,0.00,0.00,0,"FD","",0,"",90.00,2.000,"","",N,0.000,0.00,0.00,0.00,0.00,0.00,0.00,0.00,0.00,0.00,0.00,0.00,0.00,0.00,0.00,0.00,0.00,0.00,0.00,0.00,0.00,0.00,0.00,0.00,0.00,0.00,0.00,0.00,0.00,0.00,0,0.00,"",0.00,0.00,N,N,N,0.00,0.00,0.00,0,0.00,"",0.00,0.00,0.00,0.00,0.00,0,"",0.00,0.00,"","",0.00,0.00,0.00,0.00,0.00,0.00,0.00,0.00,0.00,0,"","",N,0.00
12,"20","S","14739053000990",0,10786,"20250815","MT","1","NF",55,2.00,198.00,0.00,0.00,0.00,0.00,0.00,"5405","500",N,1,1,1,0.00,0.00,0.00,0.00,0.00,0.00,0.00,0.00,0.00,0.00,0.00,"",0.00,0.00,0.00,0,0,0.00,0,0,"","",0.00,0.00,0.00,0.00,N,0.00,0.00,0.00,0,"FD","",0,"",99.00,2.000,"","",N,0.000,0.00,0.00,0.00,0.00,0.00,0.00,0.00,0.00,0.00,0.00,0.00,0.00,0.00,0.00,0.00,0.00,0.00,0.00,0.00,0.00,0.00,0.00,0.00,0.00,0.00,0.00,0.00,0.00,0.00,0,0.00,"",0.00,0.00,N,N,N,0.00,0.00,0.00,0,0.00,"",0.00,0.00,0.00,0.00,0.00,0,"",0.00,0.00,"","",0.00,0.00,0.00,0.00,0.00,0.00,0.00,0.00,0.00,0,"","",N,0.00
13,"21","S","14739053000990",0,10786,"20250815","MT","1","NF",55,5.00,600.00,0.00,0.00,0.00,0.00,0.00,"5405","500",N,1,1,1,0.00,0.00,0.00,0.00,0.00,0.00,0.00,0.00,0.00,0.00,0.00,"",0.00,0.00,0.00,0,0,0.00,0,0,"","",0.00,0.00,0.00,0.00,N,0.00,0.00,0.00,0,"FD","",0,"",120.00,5.000,"","",N,0.000,0.00,0.00,0.00,0.00,0.00,0.00,0.00,0.00,0.00,0.00,0.00,0.00,0.00,0.00,0.00,0.00,0.00,0.00,0.00,0.00,0.00,0.00,0.00,0.00,0.00,0.00,0.00,0.00,0.00,0,0.00,"",0.00,0.00,N,N,N,0.00,0.00,0.00,0,0.00,"",0.00,0.00,0.00,0.00,0.00,0,"",0.00,0.00,"","",0.00,0.00,0.00,0.00,0.00,0.00,0.00,0.00,0.00,0,"","",N,0.00
14,"22","S","14739053000990",0,10786,"20250815","MT","1","NF",55,4.00,480.00,0.00,0.00,0.00,0.00,0.00,"5405","500",N,1,1,1,0.00,0.00,0.00,0.00,0.00,0.00,0.00,0.00,0.00,0.00,0.00,"",0.00,0.00,0.00,0,0,0.00,0,0,"","",0.00,0.00,0.00,0.00,N,0.00,0.00,0.00,0,"FD","",0,"",120.00,4.000,"","",N,0.000,0.00,0.00,0.00,0.00,0.00,0.00,0.00,0.00,0.00,0.00,0.00,0.00,0.00,0.00,0.00,0.00,0.00,0.00,0.00,0.00,0.00,0.00,0.00,0.00,0.00,0.00,0.00,0.00,0.00,0,0.00,"",0.00,0.00,N,N,N,0.00,0.00,0.00,0,0.00,"",0.00,0.00,0.00,0.00,0.00,0,"",0.00,0.00,"","",0.00,0.00,0.00,0.00,0.00,0.00,0.00,0.00,0.00,0,"","",N,0.00
15,"36","S","14739053000990",0,10786,"20250815","MT","1","NF",55,2.00,180.00,0.00,0.00,0.00,0.00,0.00,"5405","500",N,1,1,1,0.00,0.00,0.00,0.00,0.00,0.00,0.00,0.00,0.00,0.00,0.00,"",0.00,0.00,0.00,0,0,0.00,0,0,"","",0.00,0.00,0.00,0.00,N,0.00,0.00,0.00,0,"FD","",0,"",90.00,2.000,"","",N,0.000,0.00,0.00,0.00,0.00,0.00,0.00,0.00,0.00,0.00,0.00,0.00,0.00,0.00,0.00,0.00,0.00,0.00,0.00,0.00,0.00,0.00,0.00,0.00,0.00,0.00,0.00,0.00,0.00,0.00,0,0.00,"",0.00,0.00,N,N,N,0.00,0.00,0.00,0,0.00,"",0.00,0.00,0.00,0.00,0.00,0,"",0.00,0.00,"","",0.00,0.00,0.00,0.00,0.00,0.00,0.00,0.00,0.00,0,"","",N,0.00
16,"38","S","14739053000990",0,10786,"20250815","MT","1","NF",55,3.00,360.00,0.00,0.00,0.00,0.00,0.00,"5405","500",N,1,1,1,0.00,0.00,0.00,0.00,0.00,0.00,0.00,0.00,0.00,0.00,0.00,"",0.00,0.00,0.00,0,0,0.00,0,0,"","",0.00,0.00,0.00,0.00,N,0.00,0.00,0.00,0,"FD","",0,"",120.00,3.000,"","",N,0.000,0.00,0.00,0.00,0.00,0.00,0.00,0.00,0.00,0.00,0.00,0.00,0.00,0.00,0.00,0.00,0.00,0.00,0.00,0.00,0.00,0.00,0.00,0.00,0.00,0.00,0.00,0.00,0.00,0.00,0,0.00,"",0.00,0.00,N,N,N,0.00,0.00,0.00,0,0.00,"",0.00,0.00,0.00,0.00,0.00,0,"",0.00,0.00,"","",0.00,0.00,0.00,0.00,0.00,0.00,0.00,0.00,0.00,0,"","",N,0.00
17,"39","S","14739053000990",0,10786,"20250815","MT","1","NF",55,1.00,120.00,0.00,0.00,0.00,0.00,0.00,"5405","500",N,1,1,1,0.00,0.00,0.00,0.00,0.00,0.00,0.00,0.00,0.00,0.00,0.00,"",0.00,0.00,0.00,0,0,0.00,0,0,"","",0.00,0.00,0.00,0.00,N,0.00,0.00,0.00,0,"FD","",0,"",120.00,1.000,"","",N,0.000,0.00,0.00,0.00,0.00,0.00,0.00,0.00,0.00,0.00,0.00,0.00,0.00,0.00,0.00,0.00,0.00,0.00,0.00,0.00,0.00,0.00,0.00,0.00,0.00,0.00,0.00,0.00,0.00,0.00,0,0.00,"",0.00,0.00,N,N,N,0.00,0.00,0.00,0,0.00,"",0.00,0.00,0.00,0.00,0.00,0,"",0.00,0.00,"","",0.00,0.00,0.00,0.00,0.00,0.00,0.00,0.00,0.00,0,"","",N,0.00
1,"2","S","14739053001377",0,10785,"20250814","MT","1","NF",55,2.00,184.00,0.00,0.00,0.00,0.00,0.00,"5405","500",N,1,1,1,0.00,0.00,0.00,0.00,0.00,0.00,0.00,0.00,0.00,0.00,0.00,"",0.00,0.00,0.00,0,0,0.00,0,0,"","",0.00,0.00,0.00,0.00,N,0.00,0.00,0.00,0,"FD","",0,"",92.00,2.000,"","",N,0.000,0.00,0.00,0.00,0.00,0.00,0.00,0.00,0.00,0.00,0.00,0.00,0.00,0.00,0.00,0.00,0.00,0.00,0.00,0.00,0.00,0.00,0.00,0.00,0.00,0.00,0.00,0.00,0.00,0.00,0,0.00,"",0.00,0.00,N,N,N,0.00,0.00,0.00,0,0.00,"",0.00,0.00,0.00,0.00,0.00,0,"",0.00,0.00,"","",0.00,0.00,0.00,0.00,0.00,0.00,0.00,0.00,0.00,0,"","",N,0.00
2,"3","S","14739053001377",0,10785,"20250814","MT","1","NF",55,8.00,1032.00,0.00,0.00,0.00,0.00,0.00,"5405","500",N,1,1,1,0.00,0.00,0.00,0.00,0.00,0.00,0.00,0.00,0.00,0.00,0.00,"",0.00,0.00,0.00,0,0,0.00,0,0,"","",0.00,0.00,0.00,0.00,N,0.00,0.00,0.00,0,"FD","",0,"",129.00,8.000,"","",N,0.000,0.00,0.00,0.00,0.00,0.00,0.00,0.00,0.00,0.00,0.00,0.00,0.00,0.00,0.00,0.00,0.00,0.00,0.00,0.00,0.00,0.00,0.00,0.00,0.00,0.00,0.00,0.00,0.00,0.00,0,0.00,"",0.00,0.00,N,N,N,0.00,0.00,0.00,0,0.00,"",0.00,0.00,0.00,0.00,0.00,0,"",0.00,0.00,"","",0.00,0.00,0.00,0.00,0.00,0.00,0.00,0.00,0.00,0,"","",N,0.00
3,"7","S","14739053001377",0,10785,"20250814","MT","1","NF",55,1.00,141.00,0.00,0.00,0.00,0.00,0.00,"5405","500",N,1,1,1,0.00,0.00,0.00,0.00,0.00,0.00,0.00,0.00,0.00,0.00,0.00,"",0.00,0.00,0.00,0,0,0.00,0,0,"","",0.00,0.00,0.00,0.00,N,0.00,0.00,0.00,0,"FD","",0,"",141.00,1.000,"","",N,0.000,0.00,0.00,0.00,0.00,0.00,0.00,0.00,0.00,0.00,0.00,0.00,0.00,0.00,0.00,0.00,0.00,0.00,0.00,0.00,0.00,0.00,0.00,0.00,0.00,0.00,0.00,0.00,0.00,0.00,0,0.00,"",0.00,0.00,N,N,N,0.00,0.00,0.00,0,0.00,"",0.00,0.00,0.00,0.00,0.00,0,"",0.00,0.00,"","",0.00,0.00,0.00,0.00,0.00,0.00,0.00,0.00,0.00,0,"","",N,0.00
4,"8","S","14739053001377",0,10785,"20250814","MT","1","NF",55,3.00,423.00,0.00,0.00,0.00,0.00,0.00,"5405","500",N,1,1,1,0.00,0.00,0.00,0.00,0.00,0.00,0.00,0.00,0.00,0.00,0.00,"",0.00,0.00,0.00,0,0,0.00,0,0,"","",0.00,0.00,0.00,0.00,N,0.00,0.00,0.00,0,"FD","",0,"",141.00,3.000,"","",N,0.000,0.00,0.00,0.00,0.00,0.00,0.00,0.00,0.00,0.00,0.00,0.00,0.00,0.00,0.00,0.00,0.00,0.00,0.00,0.00,0.00,0.00,0.00,0.00,0.00,0.00,0.00,0.00,0.00,0.00,0,0.00,"",0.00,0.00,N,N,N,0.00,0.00,0.00,0,0.00,"",0.00,0.00,0.00,0.00,0.00,0,"",0.00,0.00,"","",0.00,0.00,0.00,0.00,0.00,0.00,0.00,0.00,0.00,0,"","",N,0.00
5,"9","S","14739053001377",0,10785,"20250814","MT","1","NF",55,2.00,298.00,0.00,0.00,0.00,0.00,0.00,"5101","101",N,1,1,1,0.00,0.00,0.00,0.00,0.00,0.00,0.00,0.00,0.00,0.00,0.00,"",0.00,0.00,0.00,0,0,0.00,0,0,"","",0.00,0.00,0.00,0.00,N,0.00,0.00,0.00,0,"FD","",0,"",149.00,2.000,"","",N,0.000,0.00,0.00,0.00,0.00,0.00,0.00,0.00,0.00,0.00,0.00,0.00,0.00,0.00,0.00,0.00,0.00,0.00,0.00,0.00,0.00,0.00,0.00,0.00,0.00,0.00,0.00,0.00,0.00,0.00,0,0.00,"",0.00,0.00,N,N,N,0.00,0.00,0.00,0,0.00,"",0.00,0.00,0.00,0.00,0.00,0,"",0.00,0.00,"","",0.00,0.00,0.00,0.00,0.00,0.00,0.00,0.00,0.00,0,"","",N,0.00
6,"10","S","14739053001377",0,10785,"20250814","MT","1","NF",55,2.00,340.00,0.00,0.00,0.00,0.00,0.00,"5101","101",N,1,1,1,0.00,0.00,0.00,0.00,0.00,0.00,0.00,0.00,0.00,0.00,0.00,"",0.00,0.00,0.00,0,0,0.00,0,0,"","",0.00,0.00,0.00,0.00,N,0.00,0.00,0.00,0,"FD","",0,"",170.00,2.000,"","",N,0.000,0.00,0.00,0.00,0.00,0.00,0.00,0.00,0.00,0.00,0.00,0.00,0.00,0.00,0.00,0.00,0.00,0.00,0.00,0.00,0.00,0.00,0.00,0.00,0.00,0.00,0.00,0.00,0.00,0.00,0,0.00,"",0.00,0.00,N,N,N,0.00,0.00,0.00,0,0.00,"",0.00,0.00,0.00,0.00,0.00,0,"",0.00,0.00,"","",0.00,0.00,0.00,0.00,0.00,0.00,0.00,0.00,0.00,0,"","",N,0.00
7,"15","S","14739053001377",0,10785,"20250814","MT","1","NF",55,3.00,423.00,0.00,0.00,0.00,0.00,0.00,"5405","500",N,1,1,1,0.00,0.00,0.00,0.00,0.00,0.00,0.00,0.00,0.00,0.00,0.00,"",0.00,0.00,0.00,0,0,0.00,0,0,"","",0.00,0.00,0.00,0.00,N,0.00,0.00,0.00,0,"FD","",0,"",141.00,3.000,"","",N,0.000,0.00,0.00,0.00,0.00,0.00,0.00,0.00,0.00,0.00,0.00,0.00,0.00,0.00,0.00,0.00,0.00,0.00,0.00,0.00,0.00,0.00,0.00,0.00,0.00,0.00,0.00,0.00,0.00,0.00,0,0.00,"",0.00,0.00,N,N,N,0.00,0.00,0.00,0,0.00,"",0.00,0.00,0.00,0.00,0.00,0,"",0.00,0.00,"","",0.00,0.00,0.00,0.00,0.00,0.00,0.00,0.00,0.00,0,"","",N,0.00
8,"16","S","14739053001377",0,10785,"20250814","MT","1","NF",55,4.00,832.00,0.00,0.00,0.00,0.00,0.00,"5405","500",N,1,1,1,0.00,0.00,0.00,0.00,0.00,0.00,0.00,0.00,0.00,0.00,0.00,"",0.00,0.00,0.00,0,0,0.00,0,0,"","",0.00,0.00,0.00,0.00,N,0.00,0.00,0.00,0,"FD","",0,"",208.00,4.000,"","",N,0.000,0.00,0.00,0.00,0.00,0.00,0.00,0.00,0.00,0.00,0.00,0.00,0.00,0.00,0.00,0.00,0.00,0.00,0.00,0.00,0.00,0.00,0.00,0.00,0.00,0.00,0.00,0.00,0.00,0.00,0,0.00,"",0.00,0.00,N,N,N,0.00,0.00,0.00,0,0.00,"",0.00,0.00,0.00,0.00,0.00,0,"",0.00,0.00,"","",0.00,0.00,0.00,0.00,0.00,0.00,0.00,0.00,0.00,0,"","",N,0.00
9,"19","S","14739053001377",0,10785,"20250814","MT","1","NF",55,1.00,90.00,0.00,0.00,0.00,0.00,0.00,"5405","500",N,1,1,1,0.00,0.00,0.00,0.00,0.00,0.00,0.00,0.00,0.00,0.00,0.00,"",0.00,0.00,0.00,0,0,0.00,0,0,"","",0.00,0.00,0.00,0.00,N,0.00,0.00,0.00,0,"FD","",0,"",90.00,1.000,"","",N,0.000,0.00,0.00,0.00,0.00,0.00,0.00,0.00,0.00,0.00,0.00,0.00,0.00,0.00,0.00,0.00,0.00,0.00,0.00,0.00,0.00,0.00,0.00,0.00,0.00,0.00,0.00,0.00,0.00,0.00,0,0.00,"",0.00,0.00,N,N,N,0.00,0.00,0.00,0,0.00,"",0.00,0.00,0.00,0.00,0.00,0,"",0.00,0.00,"","",0.00,0.00,0.00,0.00,0.00,0.00,0.00,0.00,0.00,0,"","",N,0.00
10,"20","S","14739053001377",0,10785,"20250814","MT","1","NF",55,2.00,198.00,0.00,0.00,0.00,0.00,0.00,"5405","500",N,1,1,1,0.00,0.00,0.00,0.00,0.00,0.00,0.00,0.00,0.00,0.00,0.00,"",0.00,0.00,0.00,0,0,0.00,0,0,"","",0.00,0.00,0.00,0.00,N,0.00,0.00,0.00,0,"FD","",0,"",99.00,2.000,"","",N,0.000,0.00,0.00,0.00,0.00,0.00,0.00,0.00,0.00,0.00,0.00,0.00,0.00,0.00,0.00,0.00,0.00,0.00,0.00,0.00,0.00,0.00,0.00,0.00,0.00,0.00,0.00,0.00,0.00,0.00,0,0.00,"",0.00,0.00,N,N,N,0.00,0.00,0.00,0,0.00,"",0.00,0.00,0.00,0.00,0.00,0,"",0.00,0.00,"","",0.00,0.00,0.00,0.00,0.00,0.00,0.00,0.00,0.00,0,"","",N,0.00
11,"21","S","14739053001377",0,10785,"20250814","MT","1","NF",55,2.00,240.00,0.00,0.00,0.00,0.00,0.00,"5405","500",N,1,1,1,0.00,0.00,0.00,0.00,0.00,0.00,0.00,0.00,0.00,0.00,0.00,"",0.00,0.00,0.00,0,0,0.00,0,0,"","",0.00,0.00,0.00,0.00,N,0.00,0.00,0.00,0,"FD","",0,"",120.00,2.000,"","",N,0.000,0.00,0.00,0.00,0.00,0.00,0.00,0.00,0.00,0.00,0.00,0.00,0.00,0.00,0.00,0.00,0.00,0.00,0.00,0.00,0.00,0.00,0.00,0.00,0.00,0.00,0.00,0.00,0.00,0.00,0,0.00,"",0.00,0.00,N,N,N,0.00,0.00,0.00,0,0.00,"",0.00,0.00,0.00,0.00,0.00,0,"",0.00,0.00,"","",0.00,0.00,0.00,0.00,0.00,0.00,0.00,0.00,0.00,0,"","",N,0.00
12,"22","S","14739053001377",0,10785,"20250814","MT","1","NF",55,2.00,240.00,0.00,0.00,0.00,0.00,0.00,"5405","500",N,1,1,1,0.00,0.00,0.00,0.00,0.00,0.00,0.00,0.00,0.00,0.00,0.00,"",0.00,0.00,0.00,0,0,0.00,0,0,"","",0.00,0.00,0.00,0.00,N,0.00,0.00,0.00,0,"FD","",0,"",120.00,2.000,"","",N,0.000,0.00,0.00,0.00,0.00,0.00,0.00,0.00,0.00,0.00,0.00,0.00,0.00,0.00,0.00,0.00,0.00,0.00,0.00,0.00,0.00,0.00,0.00,0.00,0.00,0.00,0.00,0.00,0.00,0.00,0,0.00,"",0.00,0.00,N,N,N,0.00,0.00,0.00,0,0.00,"",0.00,0.00,0.00,0.00,0.00,0,"",0.00,0.00,"","",0.00,0.00,0.00,0.00,0.00,0.00,0.00,0.00,0.00,0,"","",N,0.00
13,"37","S","14739053001377",0,10785,"20250814","MT","1","NF",55,1.00,99.00,0.00,0.00,0.00,0.00,0.00,"5405","500",N,1,1,1,0.00,0.00,0.00,0.00,0.00,0.00,0.00,0.00,0.00,0.00,0.00,"",0.00,0.00,0.00,0,0,0.00,0,0,"","",0.00,0.00,0.00,0.00,N,0.00,0.00,0.00,0,"FD","",0,"",99.00,1.000,"","",N,0.000,0.00,0.00,0.00,0.00,0.00,0.00,0.00,0.00,0.00,0.00,0.00,0.00,0.00,0.00,0.00,0.00,0.00,0.00,0.00,0.00,0.00,0.00,0.00,0.00,0.00,0.00,0.00,0.00,0.00,0,0.00,"",0.00,0.00,N,N,N,0.00,0.00,0.00,0,0.00,"",0.00,0.00,0.00,0.00,0.00,0,"",0.00,0.00,"","",0.00,0.00,0.00,0.00,0.00,0.00,0.00,0.00,0.00,0,"","",N,0.00
14,"38","S","14739053001377",0,10785,"20250814","MT","1","NF",55,2.00,240.00,0.00,0.00,0.00,0.00,0.00,"5405","500",N,1,1,1,0.00,0.00,0.00,0.00,0.00,0.00,0.00,0.00,0.00,0.00,0.00,"",0.00,0.00,0.00,0,0,0.00,0,0,"","",0.00,0.00,0.00,0.00,N,0.00,0.00,0.00,0,"FD","",0,"",120.00,2.000,"","",N,0.000,0.00,0.00,0.00,0.00,0.00,0.00,0.00,0.00,0.00,0.00,0.00,0.00,0.00,0.00,0.00,0.00,0.00,0.00,0.00,0.00,0.00,0.00,0.00,0.00,0.00,0.00,0.00,0.00,0.00,0,0.00,"",0.00,0.00,N,N,N,0.00,0.00,0.00,0,0.00,"",0.00,0.00,0.00,0.00,0.00,0,"",0.00,0.00,"","",0.00,0.00,0.00,0.00,0.00,0.00,0.00,0.00,0.00,0,"","",N,0.00
15,"39","S","14739053001377",0,10785,"20250814","MT","1","NF",55,7.00,840.00,0.00,0.00,0.00,0.00,0.00,"5405","500",N,1,1,1,0.00,0.00,0.00,0.00,0.00,0.00,0.00,0.00,0.00,0.00,0.00,"",0.00,0.00,0.00,0,0,0.00,0,0,"","",0.00,0.00,0.00,0.00,N,0.00,0.00,0.00,0,"FD","",0,"",120.00,7.000,"","",N,0.000,0.00,0.00,0.00,0.00,0.00,0.00,0.00,0.00,0.00,0.00,0.00,0.00,0.00,0.00,0.00,0.00,0.00,0.00,0.00,0.00,0.00,0.00,0.00,0.00,0.00,0.00,0.00,0.00,0.00,0,0.00,"",0.00,0.00,N,N,N,0.00,0.00,0.00,0,0.00,"",0.00,0.00,0.00,0.00,0.00,0,"",0.00,0.00,"","",0.00,0.00,0.00,0.00,0.00,0.00,0.00,0.00,0.00,0,"","",N,0.00
1,"77","S","14739053001377",0,10787,"20250818","MT","1","NF",55,100.00,3000.00,0.00,0.00,0.00,0.00,0.00,"5401","500",N,1,1,1,0.00,0.00,0.00,0.00,0.00,0.00,0.00,0.00,0.00,0.00,0.00,"",0.00,0.00,0.00,0,0,0.00,0,0,"","",0.00,0.00,0.00,0.00,N,0.00,0.00,0.00,0,"KG","",0,"",30.00,100.000,"","",N,0.000,0.00,0.00,0.00,0.00,0.00,0.00,0.00,0.00,0.00,0.00,0.00,0.00,0.00,0.00,0.00,0.00,0.00,0.00,0.00,0.00,0.00,0.00,0.00,0.00,0.00,0.00,0.00,0.00,0.00,0,0.00,"",0.00,0.00,N,N,N,0.00,0.00,0.00,0,0.00,"",0.00,0.00,0.00,0.00,0.00,0,"",0.00,0.00,"","",0.00,0.00,0.00,0.00,0.00,0.00,0.00,0.00,0.00,0,"","",N,0.00
1,"29","S","93209765057577",0,10788,"20250818","MT","1","NF",55,1500.00,1155.00,0.00,0.00,0.00,0.00,0.00,"5401","500",N,1,1,1,0.00,0.00,0.00,0.00,0.00,0.00,0.00,0.00,0.00,0.00,0.00,"",0.00,0.00,0.00,0,0,0.00,0,0,"","",0.00,0.00,0.00,0.00,N,0.00,0.00,0.00,0,"UNI","",0,"",0.77,1500.000,"","",N,0.000,0.00,0.00,0.00,0.00,0.00,0.00,0.00,0.00,0.00,0.00,0.00,0.00,0.00,0.00,0.00,0.00,0.00,0.00,0.00,0.00,0.00,0.00,0.00,0.00,0.00,0.00,0.00,0.00,0.00,0,0.00,"",0.00,0.00,N,N,N,0.00,0.00,0.00,0,0.00,"",0.00,0.00,0.00,0.00,0.00,0,"",0.00,0.00,"","",0.00,0.00,0.00,0.00,0.00,0.00,0.00,0.00,0.00,0,"","",N,0.00
1,"3","S","02538763000116",0,10790,"20250820","MT","1","NF",55,1.00,135.00,0.00,0.00,0.00,0.00,0.00,"5405","500",N,1,1,1,0.00,0.00,0.00,0.00,0.00,0.00,0.00,0.00,0.00,0.00,0.00,"",0.00,0.00,0.00,0,0,0.00,0,0,"","",0.00,0.00,0.00,0.00,N,0.00,0.00,0.00,0,"FD","",0,"",135.00,1.000,"","",N,0.000,0.00,0.00,0.00,0.00,0.00,0.00,0.00,0.00,0.00,0.00,0.00,0.00,0.00,0.00,0.00,0.00,0.00,0.00,0.00,0.00,0.00,0.00,0.00,0.00,0.00,0.00,0.00,0.00,0.00,0,0.00,"",0.00,0.00,N,N,N,0.00,0.00,0.00,0,0.00,"",0.00,0.00,0.00,0.00,0.00,0,"",0.00,0.00,"","",0.00,0.00,0.00,0.00,0.00,0.00,0.00,0.00,0.00,0,"","",N,0.00
2,"4","S","02538763000116",0,10790,"20250820","MT","1","NF",55,1.00,135.00,0.00,0.00,0.00,0.00,0.00,"5405","500",N,1,1,1,0.00,0.00,0.00,0.00,0.00,0.00,0.00,0.00,0.00,0.00,0.00,"",0.00,0.00,0.00,0,0,0.00,0,0,"","",0.00,0.00,0.00,0.00,N,0.00,0.00,0.00,0,"FD","",0,"",135.00,1.000,"","",N,0.000,0.00,0.00,0.00,0.00,0.00,0.00,0.00,0.00,0.00,0.00,0.00,0.00,0.00,0.00,0.00,0.00,0.00,0.00,0.00,0.00,0.00,0.00,0.00,0.00,0.00,0.00,0.00,0.00,0.00,0,0.00,"",0.00,0.00,N,N,N,0.00,0.00,0.00,0,0.00,"",0.00,0.00,0.00,0.00,0.00,0,"",0.00,0.00,"","",0.00,0.00,0.00,0.00,0.00,0.00,0.00,0.00,0.00,0,"","",N,0.00
3,"7","S","02538763000116",0,10790,"20250820","MT","1","NF",55,1.00,159.00,0.00,0.00,0.00,0.00,0.00,"5405","500",N,1,1,1,0.00,0.00,0.00,0.00,0.00,0.00,0.00,0.00,0.00,0.00,0.00,"",0.00,0.00,0.00,0,0,0.00,0,0,"","",0.00,0.00,0.00,0.00,N,0.00,0.00,0.00,0,"FD","",0,"",159.00,1.000,"","",N,0.000,0.00,0.00,0.00,0.00,0.00,0.00,0.00,0.00,0.00,0.00,0.00,0.00,0.00,0.00,0.00,0.00,0.00,0.00,0.00,0.00,0.00,0.00,0.00,0.00,0.00,0.00,0.00,0.00,0.00,0,0.00,"",0.00,0.00,N,N,N,0.00,0.00,0.00,0,0.00,"",0.00,0.00,0.00,0.00,0.00,0,"",0.00,0.00,"","",0.00,0.00,0.00,0.00,0.00,0.00,0.00,0.00,0.00,0,"","",N,0.00
4,"8","S","02538763000116",0,10790,"20250820","MT","1","NF",55,1.00,159.00,0.00,0.00,0.00,0.00,0.00,"5405","500",N,1,1,1,0.00,0.00,0.00,0.00,0.00,0.00,0.00,0.00,0.00,0.00,0.00,"",0.00,0.00,0.00,0,0,0.00,0,0,"","",0.00,0.00,0.00,0.00,N,0.00,0.00,0.00,0,"FD","",0,"",159.00,1.000,"","",N,0.000,0.00,0.00,0.00,0.00,0.00,0.00,0.00,0.00,0.00,0.00,0.00,0.00,0.00,0.00,0.00,0.00,0.00,0.00,0.00,0.00,0.00,0.00,0.00,0.00,0.00,0.00,0.00,0.00,0.00,0,0.00,"",0.00,0.00,N,N,N,0.00,0.00,0.00,0,0.00,"",0.00,0.00,0.00,0.00,0.00,0,"",0.00,0.00,"","",0.00,0.00,0.00,0.00,0.00,0.00,0.00,0.00,0.00,0,"","",N,0.00
5,"10","S","02538763000116",0,10790,"20250820","MT","1","NF",55,1.00,185.00,0.00,0.00,0.00,0.00,0.00,"5101","101",N,1,1,1,0.00,0.00,0.00,0.00,0.00,0.00,0.00,0.00,0.00,0.00,0.00,"",0.00,0.00,0.00,0,0,0.00,0,0,"","",0.00,0.00,0.00,0.00,N,0.00,0.00,0.00,0,"FD","",0,"",185.00,1.000,"","",N,0.000,0.00,0.00,0.00,0.00,0.00,0.00,0.00,0.00,0.00,0.00,0.00,0.00,0.00,0.00,0.00,0.00,0.00,0.00,0.00,0.00,0.00,0.00,0.00,0.00,0.00,0.00,0.00,0.00,0.00,0,0.00,"",0.00,0.00,N,N,N,0.00,0.00,0.00,0,0.00,"",0.00,0.00,0.00,0.00,0.00,0,"",0.00,0.00,"","",0.00,0.00,0.00,0.00,0.00,0.00,0.00,0.00,0.00,0,"","",N,0.00
6,"15","S","02538763000116",0,10790,"20250820","MT","1","NF",55,1.00,149.00,0.00,0.00,0.00,0.00,0.00,"5405","500",N,1,1,1,0.00,0.00,0.00,0.00,0.00,0.00,0.00,0.00,0.00,0.00,0.00,"",0.00,0.00,0.00,0,0,0.00,0,0,"","",0.00,0.00,0.00,0.00,N,0.00,0.00,0.00,0,"FD","",0,"",149.00,1.000,"","",N,0.000,0.00,0.00,0.00,0.00,0.00,0.00,0.00,0.00,0.00,0.00,0.00,0.00,0.00,0.00,0.00,0.00,0.00,0.00,0.00,0.00,0.00,0.00,0.00,0.00,0.00,0.00,0.00,0.00,0.00,0,0.00,"",0.00,0.00,N,N,N,0.00,0.00,0.00,0,0.00,"",0.00,0.00,0.00,0.00,0.00,0,"",0.00,0.00,"","",0.00,0.00,0.00,0.00,0.00,0.00,0.00,0.00,0.00,0,"","",N,0.00
1,"9","S","13617688000103",0,10791,"20250820","MT","1","NF",55,1.00,169.00,0.00,0.00,0.00,0.00,0.00,"5101","101",N,1,1,1,0.00,0.00,0.00,0.00,0.00,0.00,0.00,0.00,0.00,0.00,0.00,"",0.00,0.00,0.00,0,0,0.00,0,0,"","",0.00,0.00,0.00,0.00,N,0.00,0.00,0.00,0,"FD","",0,"",169.00,1.000,"","",N,0.000,0.00,0.00,0.00,0.00,0.00,0.00,0.00,0.00,0.00,0.00,0.00,0.00,0.00,0.00,0.00,0.00,0.00,0.00,0.00,0.00,0.00,0.00,0.00,0.00,0.00,0.00,0.00,0.00,0.00,0,0.00,"",0.00,0.00,N,N,N,0.00,0.00,0.00,0,0.00,"",0.00,0.00,0.00,0.00,0.00,0,"",0.00,0.00,"","",0.00,0.00,0.00,0.00,0.00,0.00,0.00,0.00,0.00,0,"","",N,0.00
2,"10","S","13617688000103",0,10791,"20250820","MT","1","NF",55,1.00,185.00,0.00,0.00,0.00,0.00,0.00,"5101","101",N,1,1,1,0.00,0.00,0.00,0.00,0.00,0.00,0.00,0.00,0.00,0.00,0.00,"",0.00,0.00,0.00,0,0,0.00,0,0,"","",0.00,0.00,0.00,0.00,N,0.00,0.00,0.00,0,"FD","",0,"",185.00,1.000,"","",N,0.000,0.00,0.00,0.00,0.00,0.00,0.00,0.00,0.00,0.00,0.00,0.00,0.00,0.00,0.00,0.00,0.00,0.00,0.00,0.00,0.00,0.00,0.00,0.00,0.00,0.00,0.00,0.00,0.00,0.00,0,0.00,"",0.00,0.00,N,N,N,0.00,0.00,0.00,0,0.00,"",0.00,0.00,0.00,0.00,0.00,0,"",0.00,0.00,"","",0.00,0.00,0.00,0.00,0.00,0.00,0.00,0.00,0.00,0,"","",N,0.00
3,"16","S","13617688000103",0,10791,"20250820","MT","1","NF",55,1.00,213.00,0.00,0.00,0.00,0.00,0.00,"5405","500",N,1,1,1,0.00,0.00,0.00,0.00,0.00,0.00,0.00,0.00,0.00,0.00,0.00,"",0.00,0.00,0.00,0,0,0.00,0,0,"","",0.00,0.00,0.00,0.00,N,0.00,0.00,0.00,0,"FD","",0,"",213.00,1.000,"","",N,0.000,0.00,0.00,0.00,0.00,0.00,0.00,0.00,0.00,0.00,0.00,0.00,0.00,0.00,0.00,0.00,0.00,0.00,0.00,0.00,0.00,0.00,0.00,0.00,0.00,0.00,0.00,0.00,0.00,0.00,0,0.00,"",0.00,0.00,N,N,N,0.00,0.00,0.00,0,0.00,"",0.00,0.00,0.00,0.00,0.00,0,"",0.00,0.00,"","",0.00,0.00,0.00,0.00,0.00,0.00,0.00,0.00,0.00,0,"","",N,0.00
1,"3","S","36299424000146",0,10794,"20250820","MT","1","NF",55,1.00,135.00,0.00,0.00,0.00,0.00,0.00,"5405","500",N,1,1,1,0.00,0.00,0.00,0.00,0.00,0.00,0.00,0.00,0.00,0.00,0.00,"",0.00,0.00,0.00,0,0,0.00,0,0,"","",0.00,0.00,0.00,0.00,N,0.00,0.00,0.00,0,"FD","",0,"",135.00,1.000,"","",N,0.000,0.00,0.00,0.00,0.00,0.00,0.00,0.00,0.00,0.00,0.00,0.00,0.00,0.00,0.00,0.00,0.00,0.00,0.00,0.00,0.00,0.00,0.00,0.00,0.00,0.00,0.00,0.00,0.00,0.00,0,0.00,"",0.00,0.00,N,N,N,0.00,0.00,0.00,0,0.00,"",0.00,0.00,0.00,0.00,0.00,0,"",0.00,0.00,"","",0.00,0.00,0.00,0.00,0.00,0.00,0.00,0.00,0.00,0,"","",N,0.00
2,"4","S","36299424000146",0,10794,"20250820","MT","1","NF",55,1.00,135.00,0.00,0.00,0.00,0.00,0.00,"5405","500",N,1,1,1,0.00,0.00,0.00,0.00,0.00,0.00,0.00,0.00,0.00,0.00,0.00,"",0.00,0.00,0.00,0,0,0.00,0,0,"","",0.00,0.00,0.00,0.00,N,0.00,0.00,0.00,0,"FD","",0,"",135.00,1.000,"","",N,0.000,0.00,0.00,0.00,0.00,0.00,0.00,0.00,0.00,0.00,0.00,0.00,0.00,0.00,0.00,0.00,0.00,0.00,0.00,0.00,0.00,0.00,0.00,0.00,0.00,0.00,0.00,0.00,0.00,0.00,0,0.00,"",0.00,0.00,N,N,N,0.00,0.00,0.00,0,0.00,"",0.00,0.00,0.00,0.00,0.00,0,"",0.00,0.00,"","",0.00,0.00,0.00,0.00,0.00,0.00,0.00,0.00,0.00,0,"","",N,0.00
3,"7","S","36299424000146",0,10794,"20250820","MT","1","NF",55,1.00,159.00,0.00,0.00,0.00,0.00,0.00,"5405","500",N,1,1,1,0.00,0.00,0.00,0.00,0.00,0.00,0.00,0.00,0.00,0.00,0.00,"",0.00,0.00,0.00,0,0,0.00,0,0,"","",0.00,0.00,0.00,0.00,N,0.00,0.00,0.00,0,"FD","",0,"",159.00,1.000,"","",N,0.000,0.00,0.00,0.00,0.00,0.00,0.00,0.00,0.00,0.00,0.00,0.00,0.00,0.00,0.00,0.00,0.00,0.00,0.00,0.00,0.00,0.00,0.00,0.00,0.00,0.00,0.00,0.00,0.00,0.00,0,0.00,"",0.00,0.00,N,N,N,0.00,0.00,0.00,0,0.00,"",0.00,0.00,0.00,0.00,0.00,0,"",0.00,0.00,"","",0.00,0.00,0.00,0.00,0.00,0.00,0.00,0.00,0.00,0,"","",N,0.00
4,"8","S","36299424000146",0,10794,"20250820","MT","1","NF",55,1.00,159.00,0.00,0.00,0.00,0.00,0.00,"5405","500",N,1,1,1,0.00,0.00,0.00,0.00,0.00,0.00,0.00,0.00,0.00,0.00,0.00,"",0.00,0.00,0.00,0,0,0.00,0,0,"","",0.00,0.00,0.00,0.00,N,0.00,0.00,0.00,0,"FD","",0,"",159.00,1.000,"","",N,0.000,0.00,0.00,0.00,0.00,0.00,0.00,0.00,0.00,0.00,0.00,0.00,0.00,0.00,0.00,0.00,0.00,0.00,0.00,0.00,0.00,0.00,0.00,0.00,0.00,0.00,0.00,0.00,0.00,0.00,0,0.00,"",0.00,0.00,N,N,N,0.00,0.00,0.00,0,0.00,"",0.00,0.00,0.00,0.00,0.00,0,"",0.00,0.00,"","",0.00,0.00,0.00,0.00,0.00,0.00,0.00,0.00,0.00,0,"","",N,0.00
1,"2","S","27267077000189",0,10792,"20250820","MT","1","NF",55,1.00,95.00,0.00,0.00,0.00,0.00,0.00,"5405","500",N,1,1,1,0.00,0.00,0.00,0.00,0.00,0.00,0.00,0.00,0.00,0.00,0.00,"",0.00,0.00,0.00,0,0,0.00,0,0,"","",0.00,0.00,0.00,0.00,N,0.00,0.00,0.00,0,"FD","",0,"",95.00,1.000,"","",N,0.000,0.00,0.00,0.00,0.00,0.00,0.00,0.00,0.00,0.00,0.00,0.00,0.00,0.00,0.00,0.00,0.00,0.00,0.00,0.00,0.00,0.00,0.00,0.00,0.00,0.00,0.00,0.00,0.00,0.00,0,0.00,"",0.00,0.00,N,N,N,0.00,0.00,0.00,0,0.00,"",0.00,0.00,0.00,0.00,0.00,0,"",0.00,0.00,"","",0.00,0.00,0.00,0.00,0.00,0.00,0.00,0.00,0.00,0,"","",N,0.00
2,"3","S","27267077000189",0,10792,"20250820","MT","1","NF",55,1.00,135.00,0.00,0.00,0.00,0.00,0.00,"5405","500",N,1,1,1,0.00,0.00,0.00,0.00,0.00,0.00,0.00,0.00,0.00,0.00,0.00,"",0.00,0.00,0.00,0,0,0.00,0,0,"","",0.00,0.00,0.00,0.00,N,0.00,0.00,0.00,0,"FD","",0,"",135.00,1.000,"","",N,0.000,0.00,0.00,0.00,0.00,0.00,0.00,0.00,0.00,0.00,0.00,0.00,0.00,0.00,0.00,0.00,0.00,0.00,0.00,0.00,0.00,0.00,0.00,0.00,0.00,0.00,0.00,0.00,0.00,0.00,0,0.00,"",0.00,0.00,N,N,N,0.00,0.00,0.00,0,0.00,"",0.00,0.00,0.00,0.00,0.00,0,"",0.00,0.00,"","",0.00,0.00,0.00,0.00,0.00,0.00,0.00,0.00,0.00,0,"","",N,0.00
3,"7","S","27267077000189",0,10792,"20250820","MT","1","NF",55,1.00,159.00,0.00,0.00,0.00,0.00,0.00,"5405","500",N,1,1,1,0.00,0.00,0.00,0.00,0.00,0.00,0.00,0.00,0.00,0.00,0.00,"",0.00,0.00,0.00,0,0,0.00,0,0,"","",0.00,0.00,0.00,0.00,N,0.00,0.00,0.00,0,"FD","",0,"",159.00,1.000,"","",N,0.000,0.00,0.00,0.00,0.00,0.00,0.00,0.00,0.00,0.00,0.00,0.00,0.00,0.00,0.00,0.00,0.00,0.00,0.00,0.00,0.00,0.00,0.00,0.00,0.00,0.00,0.00,0.00,0.00,0.00,0,0.00,"",0.00,0.00,N,N,N,0.00,0.00,0.00,0,0.00,"",0.00,0.00,0.00,0.00,0.00,0,"",0.00,0.00,"","",0.00,0.00,0.00,0.00,0.00,0.00,0.00,0.00,0.00,0,"","",N,0.00
4,"8","S","27267077000189",0,10792,"20250820","MT","1","NF",55,1.00,159.00,0.00,0.00,0.00,0.00,0.00,"5405","500",N,1,1,1,0.00,0.00,0.00,0.00,0.00,0.00,0.00,0.00,0.00,0.00,0.00,"",0.00,0.00,0.00,0,0,0.00,0,0,"","",0.00,0.00,0.00,0.00,N,0.00,0.00,0.00,0,"FD","",0,"",159.00,1.000,"","",N,0.000,0.00,0.00,0.00,0.00,0.00,0.00,0.00,0.00,0.00,0.00,0.00,0.00,0.00,0.00,0.00,0.00,0.00,0.00,0.00,0.00,0.00,0.00,0.00,0.00,0.00,0.00,0.00,0.00,0.00,0,0.00,"",0.00,0.00,N,N,N,0.00,0.00,0.00,0,0.00,"",0.00,0.00,0.00,0.00,0.00,0,"",0.00,0.00,"","",0.00,0.00,0.00,0.00,0.00,0.00,0.00,0.00,0.00,0,"","",N,0.00
5,"10","S","27267077000189",0,10792,"20250820","MT","1","NF",55,1.00,185.00,0.00,0.00,0.00,0.00,0.00,"5101","101",N,1,1,1,0.00,0.00,0.00,0.00,0.00,0.00,0.00,0.00,0.00,0.00,0.00,"",0.00,0.00,0.00,0,0,0.00,0,0,"","",0.00,0.00,0.00,0.00,N,0.00,0.00,0.00,0,"FD","",0,"",185.00,1.000,"","",N,0.000,0.00,0.00,0.00,0.00,0.00,0.00,0.00,0.00,0.00,0.00,0.00,0.00,0.00,0.00,0.00,0.00,0.00,0.00,0.00,0.00,0.00,0.00,0.00,0.00,0.00,0.00,0.00,0.00,0.00,0,0.00,"",0.00,0.00,N,N,N,0.00,0.00,0.00,0,0.00,"",0.00,0.00,0.00,0.00,0.00,0,"",0.00,0.00,"","",0.00,0.00,0.00,0.00,0.00,0.00,0.00,0.00,0.00,0,"","",N,0.00
6,"15","S","27267077000189",0,10792,"20250820","MT","1","NF",55,1.00,149.00,0.00,0.00,0.00,0.00,0.00,"5405","500",N,1,1,1,0.00,0.00,0.00,0.00,0.00,0.00,0.00,0.00,0.00,0.00,0.00,"",0.00,0.00,0.00,0,0,0.00,0,0,"","",0.00,0.00,0.00,0.00,N,0.00,0.00,0.00,0,"FD","",0,"",149.00,1.000,"","",N,0.000,0.00,0.00,0.00,0.00,0.00,0.00,0.00,0.00,0.00,0.00,0.00,0.00,0.00,0.00,0.00,0.00,0.00,0.00,0.00,0.00,0.00,0.00,0.00,0.00,0.00,0.00,0.00,0.00,0.00,0,0.00,"",0.00,0.00,N,N,N,0.00,0.00,0.00,0,0.00,"",0.00,0.00,0.00,0.00,0.00,0,"",0.00,0.00,"","",0.00,0.00,0.00,0.00,0.00,0.00,0.00,0.00,0.00,0,"","",N,0.00
7,"16","S","27267077000189",0,10792,"20250820","MT","1","NF",55,1.00,213.00,0.00,0.00,0.00,0.00,0.00,"5405","500",N,1,1,1,0.00,0.00,0.00,0.00,0.00,0.00,0.00,0.00,0.00,0.00,0.00,"",0.00,0.00,0.00,0,0,0.00,0,0,"","",0.00,0.00,0.00,0.00,N,0.00,0.00,0.00,0,"FD","",0,"",213.00,1.000,"","",N,0.000,0.00,0.00,0.00,0.00,0.00,0.00,0.00,0.00,0.00,0.00,0.00,0.00,0.00,0.00,0.00,0.00,0.00,0.00,0.00,0.00,0.00,0.00,0.00,0.00,0.00,0.00,0.00,0.00,0.00,0,0.00,"",0.00,0.00,N,N,N,0.00,0.00,0.00,0,0.00,"",0.00,0.00,0.00,0.00,0.00,0,"",0.00,0.00,"","",0.00,0.00,0.00,0.00,0.00,0.00,0.00,0.00,0.00,0,"","",N,0.00
1,"29","S","37457634000188",0,10793,"20250820","MT","1","NF",55,500.00,385.00,0.00,0.00,0.00,0.00,0.00,"5401","500",N,1,1,1,0.00,0.00,0.00,0.00,0.00,0.00,0.00,0.00,0.00,0.00,0.00,"",0.00,0.00,0.00,0,0,0.00,0,0,"","",0.00,0.00,0.00,0.00,N,0.00,0.00,0.00,0,"UNI","",0,"",0.77,500.000,"","",N,0.000,0.00,0.00,0.00,0.00,0.00,0.00,0.00,0.00,0.00,0.00,0.00,0.00,0.00,0.00,0.00,0.00,0.00,0.00,0.00,0.00,0.00,0.00,0.00,0.00,0.00,0.00,0.00,0.00,0.00,0,0.00,"",0.00,0.00,N,N,N,0.00,0.00,0.00,0,0.00,"",0.00,0.00,0.00,0.00,0.00,0,"",0.00,0.00,"","",0.00,0.00,0.00,0.00,0.00,0.00,0.00,0.00,0.00,0,"","",N,0.00
1,"5","S","01572937000102",0,10795,"20250821","MT","1","NF",55,1.00,88.00,0.00,0.00,0.00,0.00,0.00,"5405","500",N,1,1,1,0.00,0.00,0.00,0.00,0.00,0.00,0.00,0.00,0.00,0.00,0.00,"",0.00,0.00,0.00,0,0,0.00,0,0,"","",0.00,0.00,0.00,0.00,N,0.00,0.00,0.00,0,"FD","",0,"",88.00,1.000,"","",N,0.000,0.00,0.00,0.00,0.00,0.00,0.00,0.00,0.00,0.00,0.00,0.00,0.00,0.00,0.00,0.00,0.00,0.00,0.00,0.00,0.00,0.00,0.00,0.00,0.00,0.00,0.00,0.00,0.00,0.00,0,0.00,"",0.00,0.00,N,N,N,0.00,0.00,0.00,0,0.00,"",0.00,0.00,0.00,0.00,0.00,0,"",0.00,0.00,"","",0.00,0.00,0.00,0.00,0.00,0.00,0.00,0.00,0.00,0,"","",N,0.00
2,"6","S","01572937000102",0,10795,"20250821","MT","1","NF",55,1.00,141.75,0.00,0.00,0.00,0.00,0.00,"5405","500",N,1,1,1,0.00,0.00,0.00,0.00,0.00,0.00,0.00,0.00,0.00,0.00,0.00,"",0.00,0.00,0.00,0,0,0.00,0,0,"","",0.00,0.00,0.00,0.00,N,0.00,0.00,0.00,0,"FD","",0,"",141.75,1.000,"","",N,0.000,0.00,0.00,0.00,0.00,0.00,0.00,0.00,0.00,0.00,0.00,0.00,0.00,0.00,0.00,0.00,0.00,0.00,0.00,0.00,0.00,0.00,0.00,0.00,0.00,0.00,0.00,0.00,0.00,0.00,0,0.00,"",0.00,0.00,N,N,N,0.00,0.00,0.00,0,0.00,"",0.00,0.00,0.00,0.00,0.00,0,"",0.00,0.00,"","",0.00,0.00,0.00,0.00,0.00,0.00,0.00,0.00,0.00,0,"","",N,0.00
3,"7","S","01572937000102",0,10795,"20250821","MT","1","NF",55,1.00,159.00,0.00,0.00,0.00,0.00,0.00,"5405","500",N,1,1,1,0.00,0.00,0.00,0.00,0.00,0.00,0.00,0.00,0.00,0.00,0.00,"",0.00,0.00,0.00,0,0,0.00,0,0,"","",0.00,0.00,0.00,0.00,N,0.00,0.00,0.00,0,"FD","",0,"",159.00,1.000,"","",N,0.000,0.00,0.00,0.00,0.00,0.00,0.00,0.00,0.00,0.00,0.00,0.00,0.00,0.00,0.00,0.00,0.00,0.00,0.00,0.00,0.00,0.00,0.00,0.00,0.00,0.00,0.00,0.00,0.00,0.00,0,0.00,"",0.00,0.00,N,N,N,0.00,0.00,0.00,0,0.00,"",0.00,0.00,0.00,0.00,0.00,0,"",0.00,0.00,"","",0.00,0.00,0.00,0.00,0.00,0.00,0.00,0.00,0.00,0,"","",N,0.00
4,"8","S","01572937000102",0,10795,"20250821","MT","1","NF",55,1.00,159.00,0.00,0.00,0.00,0.00,0.00,"5405","500",N,1,1,1,0.00,0.00,0.00,0.00,0.00,0.00,0.00,0.00,0.00,0.00,0.00,"",0.00,0.00,0.00,0,0,0.00,0,0,"","",0.00,0.00,0.00,0.00,N,0.00,0.00,0.00,0,"FD","",0,"",159.00,1.000,"","",N,0.000,0.00,0.00,0.00,0.00,0.00,0.00,0.00,0.00,0.00,0.00,0.00,0.00,0.00,0.00,0.00,0.00,0.00,0.00,0.00,0.00,0.00,0.00,0.00,0.00,0.00,0.00,0.00,0.00,0.00,0,0.00,"",0.00,0.00,N,N,N,0.00,0.00,0.00,0,0.00,"",0.00,0.00,0.00,0.00,0.00,0,"",0.00,0.00,"","",0.00,0.00,0.00,0.00,0.00,0.00,0.00,0.00,0.00,0,"","",N,0.00
5,"9","S","01572937000102",0,10795,"20250821","MT","1","NF",55,1.00,169.00,0.00,0.00,0.00,0.00,0.00,"5101","101",N,1,1,1,0.00,0.00,0.00,0.00,0.00,0.00,0.00,0.00,0.00,0.00,0.00,"",0.00,0.00,0.00,0,0,0.00,0,0,"","",0.00,0.00,0.00,0.00,N,0.00,0.00,0.00,0,"FD","",0,"",169.00,1.000,"","",N,0.000,0.00,0.00,0.00,0.00,0.00,0.00,0.00,0.00,0.00,0.00,0.00,0.00,0.00,0.00,0.00,0.00,0.00,0.00,0.00,0.00,0.00,0.00,0.00,0.00,0.00,0.00,0.00,0.00,0.00,0,0.00,"",0.00,0.00,N,N,N,0.00,0.00,0.00,0,0.00,"",0.00,0.00,0.00,0.00,0.00,0,"",0.00,0.00,"","",0.00,0.00,0.00,0.00,0.00,0.00,0.00,0.00,0.00,0,"","",N,0.00
6,"10","S","01572937000102",0,10795,"20250821","MT","1","NF",55,1.00,185.00,0.00,0.00,0.00,0.00,0.00,"5101","101",N,1,1,1,0.00,0.00,0.00,0.00,0.00,0.00,0.00,0.00,0.00,0.00,0.00,"",0.00,0.00,0.00,0,0,0.00,0,0,"","",0.00,0.00,0.00,0.00,N,0.00,0.00,0.00,0,"FD","",0,"",185.00,1.000,"","",N,0.000,0.00,0.00,0.00,0.00,0.00,0.00,0.00,0.00,0.00,0.00,0.00,0.00,0.00,0.00,0.00,0.00,0.00,0.00,0.00,0.00,0.00,0.00,0.00,0.00,0.00,0.00,0.00,0.00,0.00,0,0.00,"",0.00,0.00,N,N,N,0.00,0.00,0.00,0,0.00,"",0.00,0.00,0.00,0.00,0.00,0,"",0.00,0.00,"","",0.00,0.00,0.00,0.00,0.00,0.00,0.00,0.00,0.00,0,"","",N,0.00
7,"15","S","01572937000102",0,10795,"20250821","MT","1","NF",55,2.00,298.00,0.00,0.00,0.00,0.00,0.00,"5405","500",N,1,1,1,0.00,0.00,0.00,0.00,0.00,0.00,0.00,0.00,0.00,0.00,0.00,"",0.00,0.00,0.00,0,0,0.00,0,0,"","",0.00,0.00,0.00,0.00,N,0.00,0.00,0.00,0,"FD","",0,"",149.00,2.000,"","",N,0.000,0.00,0.00,0.00,0.00,0.00,0.00,0.00,0.00,0.00,0.00,0.00,0.00,0.00,0.00,0.00,0.00,0.00,0.00,0.00,0.00,0.00,0.00,0.00,0.00,0.00,0.00,0.00,0.00,0.00,0,0.00,"",0.00,0.00,N,N,N,0.00,0.00,0.00,0,0.00,"",0.00,0.00,0.00,0.00,0.00,0,"",0.00,0.00,"","",0.00,0.00,0.00,0.00,0.00,0.00,0.00,0.00,0.00,0,"","",N,0.00
8,"16","S","01572937000102",0,10795,"20250821","MT","1","NF",55,2.00,426.00,0.00,0.00,0.00,0.00,0.00,"5405","500",N,1,1,1,0.00,0.00,0.00,0.00,0.00,0.00,0.00,0.00,0.00,0.00,0.00,"",0.00,0.00,0.00,0,0,0.00,0,0,"","",0.00,0.00,0.00,0.00,N,0.00,0.00,0.00,0,"FD","",0,"",213.00,2.000,"","",N,0.000,0.00,0.00,0.00,0.00,0.00,0.00,0.00,0.00,0.00,0.00,0.00,0.00,0.00,0.00,0.00,0.00,0.00,0.00,0.00,0.00,0.00,0.00,0.00,0.00,0.00,0.00,0.00,0.00,0.00,0,0.00,"",0.00,0.00,N,N,N,0.00,0.00,0.00,0,0.00,"",0.00,0.00,0.00,0.00,0.00,0,"",0.00,0.00,"","",0.00,0.00,0.00,0.00,0.00,0.00,0.00,0.00,0.00,0,"","",N,0.00
9,"19","S","01572937000102",0,10795,"20250821","MT","1","NF",55,1.00,90.00,0.00,0.00,0.00,0.00,0.00,"5405","500",N,1,1,1,0.00,0.00,0.00,0.00,0.00,0.00,0.00,0.00,0.00,0.00,0.00,"",0.00,0.00,0.00,0,0,0.00,0,0,"","",0.00,0.00,0.00,0.00,N,0.00,0.00,0.00,0,"FD","",0,"",90.00,1.000,"","",N,0.000,0.00,0.00,0.00,0.00,0.00,0.00,0.00,0.00,0.00,0.00,0.00,0.00,0.00,0.00,0.00,0.00,0.00,0.00,0.00,0.00,0.00,0.00,0.00,0.00,0.00,0.00,0.00,0.00,0.00,0,0.00,"",0.00,0.00,N,N,N,0.00,0.00,0.00,0,0.00,"",0.00,0.00,0.00,0.00,0.00,0,"",0.00,0.00,"","",0.00,0.00,0.00,0.00,0.00,0.00,0.00,0.00,0.00,0,"","",N,0.00
10,"20","S","01572937000102",0,10795,"20250821","MT","1","NF",55,1.00,99.00,0.00,0.00,0.00,0.00,0.00,"5405","500",N,1,1,1,0.00,0.00,0.00,0.00,0.00,0.00,0.00,0.00,0.00,0.00,0.00,"",0.00,0.00,0.00,0,0,0.00,0,0,"","",0.00,0.00,0.00,0.00,N,0.00,0.00,0.00,0,"FD","",0,"",99.00,1.000,"","",N,0.000,0.00,0.00,0.00,0.00,0.00,0.00,0.00,0.00,0.00,0.00,0.00,0.00,0.00,0.00,0.00,0.00,0.00,0.00,0.00,0.00,0.00,0.00,0.00,0.00,0.00,0.00,0.00,0.00,0.00,0,0.00,"",0.00,0.00,N,N,N,0.00,0.00,0.00,0,0.00,"",0.00,0.00,0.00,0.00,0.00,0,"",0.00,0.00,"","",0.00,0.00,0.00,0.00,0.00,0.00,0.00,0.00,0.00,0,"","",N,0.00
11,"21","S","01572937000102",0,10795,"20250821","MT","1","NF",55,1.00,120.00,0.00,0.00,0.00,0.00,0.00,"5405","500",N,1,1,1,0.00,0.00,0.00,0.00,0.00,0.00,0.00,0.00,0.00,0.00,0.00,"",0.00,0.00,0.00,0,0,0.00,0,0,"","",0.00,0.00,0.00,0.00,N,0.00,0.00,0.00,0,"FD","",0,"",120.00,1.000,"","",N,0.000,0.00,0.00,0.00,0.00,0.00,0.00,0.00,0.00,0.00,0.00,0.00,0.00,0.00,0.00,0.00,0.00,0.00,0.00,0.00,0.00,0.00,0.00,0.00,0.00,0.00,0.00,0.00,0.00,0.00,0,0.00,"",0.00,0.00,N,N,N,0.00,0.00,0.00,0,0.00,"",0.00,0.00,0.00,0.00,0.00,0,"",0.00,0.00,"","",0.00,0.00,0.00,0.00,0.00,0.00,0.00,0.00,0.00,0,"","",N,0.00
12,"22","S","01572937000102",0,10795,"20250821","MT","1","NF",55,1.00,120.00,0.00,0.00,0.00,0.00,0.00,"5405","500",N,1,1,1,0.00,0.00,0.00,0.00,0.00,0.00,0.00,0.00,0.00,0.00,0.00,"",0.00,0.00,0.00,0,0,0.00,0,0,"","",0.00,0.00,0.00,0.00,N,0.00,0.00,0.00,0,"FD","",0,"",120.00,1.000,"","",N,0.000,0.00,0.00,0.00,0.00,0.00,0.00,0.00,0.00,0.00,0.00,0.00,0.00,0.00,0.00,0.00,0.00,0.00,0.00,0.00,0.00,0.00,0.00,0.00,0.00,0.00,0.00,0.00,0.00,0.00,0,0.00,"",0.00,0.00,N,N,N,0.00,0.00,0.00,0,0.00,"",0.00,0.00,0.00,0.00,0.00,0,"",0.00,0.00,"","",0.00,0.00,0.00,0.00,0.00,0.00,0.00,0.00,0.00,0,"","",N,0.00
13,"36","S","01572937000102",0,10795,"20250821","MT","1","NF",55,1.00,90.00,0.00,0.00,0.00,0.00,0.00,"5405","500",N,1,1,1,0.00,0.00,0.00,0.00,0.00,0.00,0.00,0.00,0.00,0.00,0.00,"",0.00,0.00,0.00,0,0,0.00,0,0,"","",0.00,0.00,0.00,0.00,N,0.00,0.00,0.00,0,"FD","",0,"",90.00,1.000,"","",N,0.000,0.00,0.00,0.00,0.00,0.00,0.00,0.00,0.00,0.00,0.00,0.00,0.00,0.00,0.00,0.00,0.00,0.00,0.00,0.00,0.00,0.00,0.00,0.00,0.00,0.00,0.00,0.00,0.00,0.00,0,0.00,"",0.00,0.00,N,N,N,0.00,0.00,0.00,0,0.00,"",0.00,0.00,0.00,0.00,0.00,0,"",0.00,0.00,"","",0.00,0.00,0.00,0.00,0.00,0.00,0.00,0.00,0.00,0,"","",N,0.00
14,"37","S","01572937000102",0,10795,"20250821","MT","1","NF",55,1.00,99.00,0.00,0.00,0.00,0.00,0.00,"5405","500",N,1,1,1,0.00,0.00,0.00,0.00,0.00,0.00,0.00,0.00,0.00,0.00,0.00,"",0.00,0.00,0.00,0,0,0.00,0,0,"","",0.00,0.00,0.00,0.00,N,0.00,0.00,0.00,0,"FD","",0,"",99.00,1.000,"","",N,0.000,0.00,0.00,0.00,0.00,0.00,0.00,0.00,0.00,0.00,0.00,0.00,0.00,0.00,0.00,0.00,0.00,0.00,0.00,0.00,0.00,0.00,0.00,0.00,0.00,0.00,0.00,0.00,0.00,0.00,0,0.00,"",0.00,0.00,N,N,N,0.00,0.00,0.00,0,0.00,"",0.00,0.00,0.00,0.00,0.00,0,"",0.00,0.00,"","",0.00,0.00,0.00,0.00,0.00,0.00,0.00,0.00,0.00,0,"","",N,0.00
15,"38","S","01572937000102",0,10795,"20250821","MT","1","NF",55,1.00,120.00,0.00,0.00,0.00,0.00,0.00,"5405","500",N,1,1,1,0.00,0.00,0.00,0.00,0.00,0.00,0.00,0.00,0.00,0.00,0.00,"",0.00,0.00,0.00,0,0,0.00,0,0,"","",0.00,0.00,0.00,0.00,N,0.00,0.00,0.00,0,"FD","",0,"",120.00,1.000,"","",N,0.000,0.00,0.00,0.00,0.00,0.00,0.00,0.00,0.00,0.00,0.00,0.00,0.00,0.00,0.00,0.00,0.00,0.00,0.00,0.00,0.00,0.00,0.00,0.00,0.00,0.00,0.00,0.00,0.00,0.00,0,0.00,"",0.00,0.00,N,N,N,0.00,0.00,0.00,0,0.00,"",0.00,0.00,0.00,0.00,0.00,0,"",0.00,0.00,"","",0.00,0.00,0.00,0.00,0.00,0.00,0.00,0.00,0.00,0,"","",N,0.00
16,"39","S","01572937000102",0,10795,"20250821","MT","1","NF",55,1.00,120.00,0.00,0.00,0.00,0.00,0.00,"5405","500",N,1,1,1,0.00,0.00,0.00,0.00,0.00,0.00,0.00,0.00,0.00,0.00,0.00,"",0.00,0.00,0.00,0,0,0.00,0,0,"","",0.00,0.00,0.00,0.00,N,0.00,0.00,0.00,0,"FD","",0,"",120.00,1.000,"","",N,0.000,0.00,0.00,0.00,0.00,0.00,0.00,0.00,0.00,0.00,0.00,0.00,0.00,0.00,0.00,0.00,0.00,0.00,0.00,0.00,0.00,0.00,0.00,0.00,0.00,0.00,0.00,0.00,0.00,0.00,0,0.00,"",0.00,0.00,N,N,N,0.00,0.00,0.00,0,0.00,"",0.00,0.00,0.00,0.00,0.00,0,"",0.00,0.00,"","",0.00,0.00,0.00,0.00,0.00,0.00,0.00,0.00,0.00,0,"","",N,0.00
1,"3","S","36737442000162",0,10789,"20250819","MT","1","NF",55,1.00,135.00,0.00,0.00,0.00,0.00,0.00,"5405","500",N,1,1,1,0.00,0.00,0.00,0.00,0.00,0.00,0.00,0.00,0.00,0.00,0.00,"",0.00,0.00,0.00,0,0,0.00,0,0,"","",0.00,0.00,0.00,0.00,N,0.00,0.00,0.00,0,"FD","",0,"",135.00,1.000,"","",N,0.000,0.00,0.00,0.00,0.00,0.00,0.00,0.00,0.00,0.00,0.00,0.00,0.00,0.00,0.00,0.00,0.00,0.00,0.00,0.00,0.00,0.00,0.00,0.00,0.00,0.00,0.00,0.00,0.00,0.00,0,0.00,"",0.00,0.00,N,N,N,0.00,0.00,0.00,0,0.00,"",0.00,0.00,0.00,0.00,0.00,0,"",0.00,0.00,"","",0.00,0.00,0.00,0.00,0.00,0.00,0.00,0.00,0.00,0,"","",N,0.00
2,"4","S","36737442000162",0,10789,"20250819","MT","1","NF",55,1.00,135.00,0.00,0.00,0.00,0.00,0.00,"5405","500",N,1,1,1,0.00,0.00,0.00,0.00,0.00,0.00,0.00,0.00,0.00,0.00,0.00,"",0.00,0.00,0.00,0,0,0.00,0,0,"","",0.00,0.00,0.00,0.00,N,0.00,0.00,0.00,0,"FD","",0,"",135.00,1.000,"","",N,0.000,0.00,0.00,0.00,0.00,0.00,0.00,0.00,0.00,0.00,0.00,0.00,0.00,0.00,0.00,0.00,0.00,0.00,0.00,0.00,0.00,0.00,0.00,0.00,0.00,0.00,0.00,0.00,0.00,0.00,0,0.00,"",0.00,0.00,N,N,N,0.00,0.00,0.00,0,0.00,"",0.00,0.00,0.00,0.00,0.00,0,"",0.00,0.00,"","",0.00,0.00,0.00,0.00,0.00,0.00,0.00,0.00,0.00,0,"","",N,0.00
3,"7","S","36737442000162",0,10789,"20250819","MT","1","NF",55,1.00,159.00,0.00,0.00,0.00,0.00,0.00,"5405","500",N,1,1,1,0.00,0.00,0.00,0.00,0.00,0.00,0.00,0.00,0.00,0.00,0.00,"",0.00,0.00,0.00,0,0,0.00,0,0,"","",0.00,0.00,0.00,0.00,N,0.00,0.00,0.00,0,"FD","",0,"",159.00,1.000,"","",N,0.000,0.00,0.00,0.00,0.00,0.00,0.00,0.00,0.00,0.00,0.00,0.00,0.00,0.00,0.00,0.00,0.00,0.00,0.00,0.00,0.00,0.00,0.00,0.00,0.00,0.00,0.00,0.00,0.00,0.00,0,0.00,"",0.00,0.00,N,N,N,0.00,0.00,0.00,0,0.00,"",0.00,0.00,0.00,0.00,0.00,0,"",0.00,0.00,"","",0.00,0.00,0.00,0.00,0.00,0.00,0.00,0.00,0.00,0,"","",N,0.00
4,"8","S","36737442000162",0,10789,"20250819","MT","1","NF",55,1.00,159.00,0.00,0.00,0.00,0.00,0.00,"5405","500",N,1,1,1,0.00,0.00,0.00,0.00,0.00,0.00,0.00,0.00,0.00,0.00,0.00,"",0.00,0.00,0.00,0,0,0.00,0,0,"","",0.00,0.00,0.00,0.00,N,0.00,0.00,0.00,0,"FD","",0,"",159.00,1.000,"","",N,0.000,0.00,0.00,0.00,0.00,0.00,0.00,0.00,0.00,0.00,0.00,0.00,0.00,0.00,0.00,0.00,0.00,0.00,0.00,0.00,0.00,0.00,0.00,0.00,0.00,0.00,0.00,0.00,0.00,0.00,0,0.00,"",0.00,0.00,N,N,N,0.00,0.00,0.00,0,0.00,"",0.00,0.00,0.00,0.00,0.00,0,"",0.00,0.00,"","",0.00,0.00,0.00,0.00,0.00,0.00,0.00,0.00,0.00,0,"","",N,0.00
5,"15","S","36737442000162",0,10789,"20250819","MT","1","NF",55,1.00,149.00,0.00,0.00,0.00,0.00,0.00,"5405","500",N,1,1,1,0.00,0.00,0.00,0.00,0.00,0.00,0.00,0.00,0.00,0.00,0.00,"",0.00,0.00,0.00,0,0,0.00,0,0,"","",0.00,0.00,0.00,0.00,N,0.00,0.00,0.00,0,"FD","",0,"",149.00,1.000,"","",N,0.000,0.00,0.00,0.00,0.00,0.00,0.00,0.00,0.00,0.00,0.00,0.00,0.00,0.00,0.00,0.00,0.00,0.00,0.00,0.00,0.00,0.00,0.00,0.00,0.00,0.00,0.00,0.00,0.00,0.00,0,0.00,"",0.00,0.00,N,N,N,0.00,0.00,0.00,0,0.00,"",0.00,0.00,0.00,0.00,0.00,0,"",0.00,0.00,"","",0.00,0.00,0.00,0.00,0.00,0.00,0.00,0.00,0.00,0,"","",N,0.00
1,"30","S","01572937000102",0,10796,"20250821","MT","1","NF",55,1000.00,940.00,0.00,0.00,0.00,0.00,0.00,"5401","500",N,1,1,1,0.00,0.00,0.00,0.00,0.00,0.00,0.00,0.00,0.00,0.00,0.00,"",0.00,0.00,0.00,0,0,0.00,0,0,"","",0.00,0.00,0.00,0.00,N,0.00,0.00,0.00,0,"UNI","",0,"",0.94,1000.000,"","",N,0.000,0.00,0.00,0.00,0.00,0.00,0.00,0.00,0.00,0.00,0.00,0.00,0.00,0.00,0.00,0.00,0.00,0.00,0.00,0.00,0.00,0.00,0.00,0.00,0.00,0.00,0.00,0.00,0.00,0.00,0,0.00,"",0.00,0.00,N,N,N,0.00,0.00,0.00,0,0.00,"",0.00,0.00,0.00,0.00,0.00,0,"",0.00,0.00,"","",0.00,0.00,0.00,0.00,0.00,0.00,0.00,0.00,0.00,0,"","",N,0.00
1,"5","S","01572937000285",0,10797,"20250821","MT","1","NF",55,1.00,88.00,0.00,0.00,0.00,0.00,0.00,"5405","500",N,1,1,1,0.00,0.00,0.00,0.00,0.00,0.00,0.00,0.00,0.00,0.00,0.00,"",0.00,0.00,0.00,0,0,0.00,0,0,"","",0.00,0.00,0.00,0.00,N,0.00,0.00,0.00,0,"FD","",0,"",88.00,1.000,"","",N,0.000,0.00,0.00,0.00,0.00,0.00,0.00,0.00,0.00,0.00,0.00,0.00,0.00,0.00,0.00,0.00,0.00,0.00,0.00,0.00,0.00,0.00,0.00,0.00,0.00,0.00,0.00,0.00,0.00,0.00,0,0.00,"",0.00,0.00,N,N,N,0.00,0.00,0.00,0,0.00,"",0.00,0.00,0.00,0.00,0.00,0,"",0.00,0.00,"","",0.00,0.00,0.00,0.00,0.00,0.00,0.00,0.00,0.00,0,"","",N,0.00
2,"6","S","01572937000285",0,10797,"20250821","MT","1","NF",55,1.00,141.75,0.00,0.00,0.00,0.00,0.00,"5405","500",N,1,1,1,0.00,0.00,0.00,0.00,0.00,0.00,0.00,0.00,0.00,0.00,0.00,"",0.00,0.00,0.00,0,0,0.00,0,0,"","",0.00,0.00,0.00,0.00,N,0.00,0.00,0.00,0,"FD","",0,"",141.75,1.000,"","",N,0.000,0.00,0.00,0.00,0.00,0.00,0.00,0.00,0.00,0.00,0.00,0.00,0.00,0.00,0.00,0.00,0.00,0.00,0.00,0.00,0.00,0.00,0.00,0.00,0.00,0.00,0.00,0.00,0.00,0.00,0,0.00,"",0.00,0.00,N,N,N,0.00,0.00,0.00,0,0.00,"",0.00,0.00,0.00,0.00,0.00,0,"",0.00,0.00,"","",0.00,0.00,0.00,0.00,0.00,0.00,0.00,0.00,0.00,0,"","",N,0.00
3,"7","S","01572937000285",0,10797,"20250821","MT","1","NF",55,1.00,159.00,0.00,0.00,0.00,0.00,0.00,"5405","500",N,1,1,1,0.00,0.00,0.00,0.00,0.00,0.00,0.00,0.00,0.00,0.00,0.00,"",0.00,0.00,0.00,0,0,0.00,0,0,"","",0.00,0.00,0.00,0.00,N,0.00,0.00,0.00,0,"FD","",0,"",159.00,1.000,"","",N,0.000,0.00,0.00,0.00,0.00,0.00,0.00,0.00,0.00,0.00,0.00,0.00,0.00,0.00,0.00,0.00,0.00,0.00,0.00,0.00,0.00,0.00,0.00,0.00,0.00,0.00,0.00,0.00,0.00,0.00,0,0.00,"",0.00,0.00,N,N,N,0.00,0.00,0.00,0,0.00,"",0.00,0.00,0.00,0.00,0.00,0,"",0.00,0.00,"","",0.00,0.00,0.00,0.00,0.00,0.00,0.00,0.00,0.00,0,"","",N,0.00
4,"8","S","01572937000285",0,10797,"20250821","MT","1","NF",55,1.00,159.00,0.00,0.00,0.00,0.00,0.00,"5405","500",N,1,1,1,0.00,0.00,0.00,0.00,0.00,0.00,0.00,0.00,0.00,0.00,0.00,"",0.00,0.00,0.00,0,0,0.00,0,0,"","",0.00,0.00,0.00,0.00,N,0.00,0.00,0.00,0,"FD","",0,"",159.00,1.000,"","",N,0.000,0.00,0.00,0.00,0.00,0.00,0.00,0.00,0.00,0.00,0.00,0.00,0.00,0.00,0.00,0.00,0.00,0.00,0.00,0.00,0.00,0.00,0.00,0.00,0.00,0.00,0.00,0.00,0.00,0.00,0,0.00,"",0.00,0.00,N,N,N,0.00,0.00,0.00,0,0.00,"",0.00,0.00,0.00,0.00,0.00,0,"",0.00,0.00,"","",0.00,0.00,0.00,0.00,0.00,0.00,0.00,0.00,0.00,0,"","",N,0.00
5,"9","S","01572937000285",0,10797,"20250821","MT","1","NF",55,1.00,169.00,0.00,0.00,0.00,0.00,0.00,"5101","101",N,1,1,1,0.00,0.00,0.00,0.00,0.00,0.00,0.00,0.00,0.00,0.00,0.00,"",0.00,0.00,0.00,0,0,0.00,0,0,"","",0.00,0.00,0.00,0.00,N,0.00,0.00,0.00,0,"FD","",0,"",169.00,1.000,"","",N,0.000,0.00,0.00,0.00,0.00,0.00,0.00,0.00,0.00,0.00,0.00,0.00,0.00,0.00,0.00,0.00,0.00,0.00,0.00,0.00,0.00,0.00,0.00,0.00,0.00,0.00,0.00,0.00,0.00,0.00,0,0.00,"",0.00,0.00,N,N,N,0.00,0.00,0.00,0,0.00,"",0.00,0.00,0.00,0.00,0.00,0,"",0.00,0.00,"","",0.00,0.00,0.00,0.00,0.00,0.00,0.00,0.00,0.00,0,"","",N,0.00
6,"10","S","01572937000285",0,10797,"20250821","MT","1","NF",55,1.00,185.00,0.00,0.00,0.00,0.00,0.00,"5101","101",N,1,1,1,0.00,0.00,0.00,0.00,0.00,0.00,0.00,0.00,0.00,0.00,0.00,"",0.00,0.00,0.00,0,0,0.00,0,0,"","",0.00,0.00,0.00,0.00,N,0.00,0.00,0.00,0,"FD","",0,"",185.00,1.000,"","",N,0.000,0.00,0.00,0.00,0.00,0.00,0.00,0.00,0.00,0.00,0.00,0.00,0.00,0.00,0.00,0.00,0.00,0.00,0.00,0.00,0.00,0.00,0.00,0.00,0.00,0.00,0.00,0.00,0.00,0.00,0,0.00,"",0.00,0.00,N,N,N,0.00,0.00,0.00,0,0.00,"",0.00,0.00,0.00,0.00,0.00,0,"",0.00,0.00,"","",0.00,0.00,0.00,0.00,0.00,0.00,0.00,0.00,0.00,0,"","",N,0.00
7,"15","S","01572937000285",0,10797,"20250821","MT","1","NF",55,1.00,149.00,0.00,0.00,0.00,0.00,0.00,"5405","500",N,1,1,1,0.00,0.00,0.00,0.00,0.00,0.00,0.00,0.00,0.00,0.00,0.00,"",0.00,0.00,0.00,0,0,0.00,0,0,"","",0.00,0.00,0.00,0.00,N,0.00,0.00,0.00,0,"FD","",0,"",149.00,1.000,"","",N,0.000,0.00,0.00,0.00,0.00,0.00,0.00,0.00,0.00,0.00,0.00,0.00,0.00,0.00,0.00,0.00,0.00,0.00,0.00,0.00,0.00,0.00,0.00,0.00,0.00,0.00,0.00,0.00,0.00,0.00,0,0.00,"",0.00,0.00,N,N,N,0.00,0.00,0.00,0,0.00,"",0.00,0.00,0.00,0.00,0.00,0,"",0.00,0.00,"","",0.00,0.00,0.00,0.00,0.00,0.00,0.00,0.00,0.00,0,"","",N,0.00
8,"16","S","01572937000285",0,10797,"20250821","MT","1","NF",55,1.00,213.00,0.00,0.00,0.00,0.00,0.00,"5405","500",N,1,1,1,0.00,0.00,0.00,0.00,0.00,0.00,0.00,0.00,0.00,0.00,0.00,"",0.00,0.00,0.00,0,0,0.00,0,0,"","",0.00,0.00,0.00,0.00,N,0.00,0.00,0.00,0,"FD","",0,"",213.00,1.000,"","",N,0.000,0.00,0.00,0.00,0.00,0.00,0.00,0.00,0.00,0.00,0.00,0.00,0.00,0.00,0.00,0.00,0.00,0.00,0.00,0.00,0.00,0.00,0.00,0.00,0.00,0.00,0.00,0.00,0.00,0.00,0,0.00,"",0.00,0.00,N,N,N,0.00,0.00,0.00,0,0.00,"",0.00,0.00,0.00,0.00,0.00,0,"",0.00,0.00,"","",0.00,0.00,0.00,0.00,0.00,0.00,0.00,0.00,0.00,0,"","",N,0.00
9,"19","S","01572937000285",0,10797,"20250821","MT","1","NF",55,1.00,90.00,0.00,0.00,0.00,0.00,0.00,"5405","500",N,1,1,1,0.00,0.00,0.00,0.00,0.00,0.00,0.00,0.00,0.00,0.00,0.00,"",0.00,0.00,0.00,0,0,0.00,0,0,"","",0.00,0.00,0.00,0.00,N,0.00,0.00,0.00,0,"FD","",0,"",90.00,1.000,"","",N,0.000,0.00,0.00,0.00,0.00,0.00,0.00,0.00,0.00,0.00,0.00,0.00,0.00,0.00,0.00,0.00,0.00,0.00,0.00,0.00,0.00,0.00,0.00,0.00,0.00,0.00,0.00,0.00,0.00,0.00,0,0.00,"",0.00,0.00,N,N,N,0.00,0.00,0.00,0,0.00,"",0.00,0.00,0.00,0.00,0.00,0,"",0.00,0.00,"","",0.00,0.00,0.00,0.00,0.00,0.00,0.00,0.00,0.00,0,"","",N,0.00
10,"20","S","01572937000285",0,10797,"20250821","MT","1","NF",55,1.00,99.00,0.00,0.00,0.00,0.00,0.00,"5405","500",N,1,1,1,0.00,0.00,0.00,0.00,0.00,0.00,0.00,0.00,0.00,0.00,0.00,"",0.00,0.00,0.00,0,0,0.00,0,0,"","",0.00,0.00,0.00,0.00,N,0.00,0.00,0.00,0,"FD","",0,"",99.00,1.000,"","",N,0.000,0.00,0.00,0.00,0.00,0.00,0.00,0.00,0.00,0.00,0.00,0.00,0.00,0.00,0.00,0.00,0.00,0.00,0.00,0.00,0.00,0.00,0.00,0.00,0.00,0.00,0.00,0.00,0.00,0.00,0,0.00,"",0.00,0.00,N,N,N,0.00,0.00,0.00,0,0.00,"",0.00,0.00,0.00,0.00,0.00,0,"",0.00,0.00,"","",0.00,0.00,0.00,0.00,0.00,0.00,0.00,0.00,0.00,0,"","",N,0.00
11,"21","S","01572937000285",0,10797,"20250821","MT","1","NF",55,1.00,120.00,0.00,0.00,0.00,0.00,0.00,"5405","500",N,1,1,1,0.00,0.00,0.00,0.00,0.00,0.00,0.00,0.00,0.00,0.00,0.00,"",0.00,0.00,0.00,0,0,0.00,0,0,"","",0.00,0.00,0.00,0.00,N,0.00,0.00,0.00,0,"FD","",0,"",120.00,1.000,"","",N,0.000,0.00,0.00,0.00,0.00,0.00,0.00,0.00,0.00,0.00,0.00,0.00,0.00,0.00,0.00,0.00,0.00,0.00,0.00,0.00,0.00,0.00,0.00,0.00,0.00,0.00,0.00,0.00,0.00,0.00,0,0.00,"",0.00,0.00,N,N,N,0.00,0.00,0.00,0,0.00,"",0.00,0.00,0.00,0.00,0.00,0,"",0.00,0.00,"","",0.00,0.00,0.00,0.00,0.00,0.00,0.00,0.00,0.00,0,"","",N,0.00
12,"22","S","01572937000285",0,10797,"20250821","MT","1","NF",55,1.00,120.00,0.00,0.00,0.00,0.00,0.00,"5405","500",N,1,1,1,0.00,0.00,0.00,0.00,0.00,0.00,0.00,0.00,0.00,0.00,0.00,"",0.00,0.00,0.00,0,0,0.00,0,0,"","",0.00,0.00,0.00,0.00,N,0.00,0.00,0.00,0,"FD","",0,"",120.00,1.000,"","",N,0.000,0.00,0.00,0.00,0.00,0.00,0.00,0.00,0.00,0.00,0.00,0.00,0.00,0.00,0.00,0.00,0.00,0.00,0.00,0.00,0.00,0.00,0.00,0.00,0.00,0.00,0.00,0.00,0.00,0.00,0,0.00,"",0.00,0.00,N,N,N,0.00,0.00,0.00,0,0.00,"",0.00,0.00,0.00,0.00,0.00,0,"",0.00,0.00,"","",0.00,0.00,0.00,0.00,0.00,0.00,0.00,0.00,0.00,0,"","",N,0.00
13,"36","S","01572937000285",0,10797,"20250821","MT","1","NF",55,1.00,90.00,0.00,0.00,0.00,0.00,0.00,"5405","500",N,1,1,1,0.00,0.00,0.00,0.00,0.00,0.00,0.00,0.00,0.00,0.00,0.00,"",0.00,0.00,0.00,0,0,0.00,0,0,"","",0.00,0.00,0.00,0.00,N,0.00,0.00,0.00,0,"FD","",0,"",90.00,1.000,"","",N,0.000,0.00,0.00,0.00,0.00,0.00,0.00,0.00,0.00,0.00,0.00,0.00,0.00,0.00,0.00,0.00,0.00,0.00,0.00,0.00,0.00,0.00,0.00,0.00,0.00,0.00,0.00,0.00,0.00,0.00,0,0.00,"",0.00,0.00,N,N,N,0.00,0.00,0.00,0,0.00,"",0.00,0.00,0.00,0.00,0.00,0,"",0.00,0.00,"","",0.00,0.00,0.00,0.00,0.00,0.00,0.00,0.00,0.00,0,"","",N,0.00
14,"37","S","01572937000285",0,10797,"20250821","MT","1","NF",55,1.00,99.00,0.00,0.00,0.00,0.00,0.00,"5405","500",N,1,1,1,0.00,0.00,0.00,0.00,0.00,0.00,0.00,0.00,0.00,0.00,0.00,"",0.00,0.00,0.00,0,0,0.00,0,0,"","",0.00,0.00,0.00,0.00,N,0.00,0.00,0.00,0,"FD","",0,"",99.00,1.000,"","",N,0.000,0.00,0.00,0.00,0.00,0.00,0.00,0.00,0.00,0.00,0.00,0.00,0.00,0.00,0.00,0.00,0.00,0.00,0.00,0.00,0.00,0.00,0.00,0.00,0.00,0.00,0.00,0.00,0.00,0.00,0,0.00,"",0.00,0.00,N,N,N,0.00,0.00,0.00,0,0.00,"",0.00,0.00,0.00,0.00,0.00,0,"",0.00,0.00,"","",0.00,0.00,0.00,0.00,0.00,0.00,0.00,0.00,0.00,0,"","",N,0.00
15,"38","S","01572937000285",0,10797,"20250821","MT","1","NF",55,1.00,120.00,0.00,0.00,0.00,0.00,0.00,"5405","500",N,1,1,1,0.00,0.00,0.00,0.00,0.00,0.00,0.00,0.00,0.00,0.00,0.00,"",0.00,0.00,0.00,0,0,0.00,0,0,"","",0.00,0.00,0.00,0.00,N,0.00,0.00,0.00,0,"FD","",0,"",120.00,1.000,"","",N,0.000,0.00,0.00,0.00,0.00,0.00,0.00,0.00,0.00,0.00,0.00,0.00,0.00,0.00,0.00,0.00,0.00,0.00,0.00,0.00,0.00,0.00,0.00,0.00,0.00,0.00,0.00,0.00,0.00,0.00,0,0.00,"",0.00,0.00,N,N,N,0.00,0.00,0.00,0,0.00,"",0.00,0.00,0.00,0.00,0.00,0,"",0.00,0.00,"","",0.00,0.00,0.00,0.00,0.00,0.00,0.00,0.00,0.00,0,"","",N,0.00
16,"39","S","01572937000285",0,10797,"20250821","MT","1","NF",55,1.00,120.00,0.00,0.00,0.00,0.00,0.00,"5405","500",N,1,1,1,0.00,0.00,0.00,0.00,0.00,0.00,0.00,0.00,0.00,0.00,0.00,"",0.00,0.00,0.00,0,0,0.00,0,0,"","",0.00,0.00,0.00,0.00,N,0.00,0.00,0.00,0,"FD","",0,"",120.00,1.000,"","",N,0.000,0.00,0.00,0.00,0.00,0.00,0.00,0.00,0.00,0.00,0.00,0.00,0.00,0.00,0.00,0.00,0.00,0.00,0.00,0.00,0.00,0.00,0.00,0.00,0.00,0.00,0.00,0.00,0.00,0.00,0,0.00,"",0.00,0.00,N,N,N,0.00,0.00,0.00,0,0.00,"",0.00,0.00,0.00,0.00,0.00,0,"",0.00,0.00,"","",0.00,0.00,0.00,0.00,0.00,0.00,0.00,0.00,0.00,0,"","",N,0.00
1,"30","S","01572937000285",0,10798,"20250821","MT","1","NF",55,1000.00,940.00,0.00,0.00,0.00,0.00,0.00,"5401","500",N,1,1,1,0.00,0.00,0.00,0.00,0.00,0.00,0.00,0.00,0.00,0.00,0.00,"",0.00,0.00,0.00,0,0,0.00,0,0,"","",0.00,0.00,0.00,0.00,N,0.00,0.00,0.00,0,"UNI","",0,"",0.94,1000.000,"","",N,0.000,0.00,0.00,0.00,0.00,0.00,0.00,0.00,0.00,0.00,0.00,0.00,0.00,0.00,0.00,0.00,0.00,0.00,0.00,0.00,0.00,0.00,0.00,0.00,0.00,0.00,0.00,0.00,0.00,0.00,0,0.00,"",0.00,0.00,N,N,N,0.00,0.00,0.00,0,0.00,"",0.00,0.00,0.00,0.00,0.00,0,"",0.00,0.00,"","",0.00,0.00,0.00,0.00,0.00,0.00,0.00,0.00,0.00,0,"","",N,0.00
1,"29","S","13617688000103",0,10802,"20250822","MT","1","NF",55,1000.00,770.00,0.00,0.00,0.00,0.00,0.00,"5401","500",N,1,1,1,0.00,0.00,0.00,0.00,0.00,0.00,0.00,0.00,0.00,0.00,0.00,"",0.00,0.00,0.00,0,0,0.00,0,0,"","",0.00,0.00,0.00,0.00,N,0.00,0.00,0.00,0,"UNI","",0,"",0.77,1000.000,"","",N,0.000,0.00,0.00,0.00,0.00,0.00,0.00,0.00,0.00,0.00,0.00,0.00,0.00,0.00,0.00,0.00,0.00,0.00,0.00,0.00,0.00,0.00,0.00,0.00,0.00,0.00,0.00,0.00,0.00,0.00,0,0.00,"",0.00,0.00,N,N,N,0.00,0.00,0.00,0,0.00,"",0.00,0.00,0.00,0.00,0.00,0,"",0.00,0.00,"","",0.00,0.00,0.00,0.00,0.00,0.00,0.00,0.00,0.00,0,"","",N,0.00
1,"2","S","08800033000128",0,10801,"20250821","MT","1","NF",55,1.00,95.00,0.00,0.00,0.00,0.00,0.00,"5405","500",N,1,1,1,0.00,0.00,0.00,0.00,0.00,0.00,0.00,0.00,0.00,0.00,0.00,"",0.00,0.00,0.00,0,0,0.00,0,0,"","",0.00,0.00,0.00,0.00,N,0.00,0.00,0.00,0,"FD","",0,"",95.00,1.000,"","",N,0.000,0.00,0.00,0.00,0.00,0.00,0.00,0.00,0.00,0.00,0.00,0.00,0.00,0.00,0.00,0.00,0.00,0.00,0.00,0.00,0.00,0.00,0.00,0.00,0.00,0.00,0.00,0.00,0.00,0.00,0,0.00,"",0.00,0.00,N,N,N,0.00,0.00,0.00,0,0.00,"",0.00,0.00,0.00,0.00,0.00,0,"",0.00,0.00,"","",0.00,0.00,0.00,0.00,0.00,0.00,0.00,0.00,0.00,0,"","",N,0.00
2,"4","S","08800033000128",0,10801,"20250821","MT","1","NF",55,1.00,135.00,0.00,0.00,0.00,0.00,0.00,"5405","500",N,1,1,1,0.00,0.00,0.00,0.00,0.00,0.00,0.00,0.00,0.00,0.00,0.00,"",0.00,0.00,0.00,0,0,0.00,0,0,"","",0.00,0.00,0.00,0.00,N,0.00,0.00,0.00,0,"FD","",0,"",135.00,1.000,"","",N,0.000,0.00,0.00,0.00,0.00,0.00,0.00,0.00,0.00,0.00,0.00,0.00,0.00,0.00,0.00,0.00,0.00,0.00,0.00,0.00,0.00,0.00,0.00,0.00,0.00,0.00,0.00,0.00,0.00,0.00,0,0.00,"",0.00,0.00,N,N,N,0.00,0.00,0.00,0,0.00,"",0.00,0.00,0.00,0.00,0.00,0,"",0.00,0.00,"","",0.00,0.00,0.00,0.00,0.00,0.00,0.00,0.00,0.00,0,"","",N,0.00
3,"7","S","08800033000128",0,10801,"20250821","MT","1","NF",55,1.00,159.00,0.00,0.00,0.00,0.00,0.00,"5405","500",N,1,1,1,0.00,0.00,0.00,0.00,0.00,0.00,0.00,0.00,0.00,0.00,0.00,"",0.00,0.00,0.00,0,0,0.00,0,0,"","",0.00,0.00,0.00,0.00,N,0.00,0.00,0.00,0,"FD","",0,"",159.00,1.000,"","",N,0.000,0.00,0.00,0.00,0.00,0.00,0.00,0.00,0.00,0.00,0.00,0.00,0.00,0.00,0.00,0.00,0.00,0.00,0.00,0.00,0.00,0.00,0.00,0.00,0.00,0.00,0.00,0.00,0.00,0.00,0,0.00,"",0.00,0.00,N,N,N,0.00,0.00,0.00,0,0.00,"",0.00,0.00,0.00,0.00,0.00,0,"",0.00,0.00,"","",0.00,0.00,0.00,0.00,0.00,0.00,0.00,0.00,0.00,0,"","",N,0.00
4,"8","S","08800033000128",0,10801,"20250821","MT","1","NF",55,1.00,159.00,0.00,0.00,0.00,0.00,0.00,"5405","500",N,1,1,1,0.00,0.00,0.00,0.00,0.00,0.00,0.00,0.00,0.00,0.00,0.00,"",0.00,0.00,0.00,0,0,0.00,0,0,"","",0.00,0.00,0.00,0.00,N,0.00,0.00,0.00,0,"FD","",0,"",159.00,1.000,"","",N,0.000,0.00,0.00,0.00,0.00,0.00,0.00,0.00,0.00,0.00,0.00,0.00,0.00,0.00,0.00,0.00,0.00,0.00,0.00,0.00,0.00,0.00,0.00,0.00,0.00,0.00,0.00,0.00,0.00,0.00,0,0.00,"",0.00,0.00,N,N,N,0.00,0.00,0.00,0,0.00,"",0.00,0.00,0.00,0.00,0.00,0,"",0.00,0.00,"","",0.00,0.00,0.00,0.00,0.00,0.00,0.00,0.00,0.00,0,"","",N,0.00
5,"15","S","08800033000128",0,10801,"20250821","MT","1","NF",55,1.00,149.00,0.00,0.00,0.00,0.00,0.00,"5405","500",N,1,1,1,0.00,0.00,0.00,0.00,0.00,0.00,0.00,0.00,0.00,0.00,0.00,"",0.00,0.00,0.00,0,0,0.00,0,0,"","",0.00,0.00,0.00,0.00,N,0.00,0.00,0.00,0,"FD","",0,"",149.00,1.000,"","",N,0.000,0.00,0.00,0.00,0.00,0.00,0.00,0.00,0.00,0.00,0.00,0.00,0.00,0.00,0.00,0.00,0.00,0.00,0.00,0.00,0.00,0.00,0.00,0.00,0.00,0.00,0.00,0.00,0.00,0.00,0,0.00,"",0.00,0.00,N,N,N,0.00,0.00,0.00,0,0.00,"",0.00,0.00,0.00,0.00,0.00,0,"",0.00,0.00,"","",0.00,0.00,0.00,0.00,0.00,0.00,0.00,0.00,0.00,0,"","",N,0.00
6,"16","S","08800033000128",0,10801,"20250821","MT","1","NF",55,1.00,213.00,0.00,0.00,0.00,0.00,0.00,"5405","500",N,1,1,1,0.00,0.00,0.00,0.00,0.00,0.00,0.00,0.00,0.00,0.00,0.00,"",0.00,0.00,0.00,0,0,0.00,0,0,"","",0.00,0.00,0.00,0.00,N,0.00,0.00,0.00,0,"FD","",0,"",213.00,1.000,"","",N,0.000,0.00,0.00,0.00,0.00,0.00,0.00,0.00,0.00,0.00,0.00,0.00,0.00,0.00,0.00,0.00,0.00,0.00,0.00,0.00,0.00,0.00,0.00,0.00,0.00,0.00,0.00,0.00,0.00,0.00,0,0.00,"",0.00,0.00,N,N,N,0.00,0.00,0.00,0,0.00,"",0.00,0.00,0.00,0.00,0.00,0,"",0.00,0.00,"","",0.00,0.00,0.00,0.00,0.00,0.00,0.00,0.00,0.00,0,"","",N,0.00
7,"39","S","08800033000128",0,10801,"20250821","MT","1","NF",55,1.00,120.00,0.00,0.00,0.00,0.00,0.00,"5405","500",N,1,1,1,0.00,0.00,0.00,0.00,0.00,0.00,0.00,0.00,0.00,0.00,0.00,"",0.00,0.00,0.00,0,0,0.00,0,0,"","",0.00,0.00,0.00,0.00,N,0.00,0.00,0.00,0,"FD","",0,"",120.00,1.000,"","",N,0.000,0.00,0.00,0.00,0.00,0.00,0.00,0.00,0.00,0.00,0.00,0.00,0.00,0.00,0.00,0.00,0.00,0.00,0.00,0.00,0.00,0.00,0.00,0.00,0.00,0.00,0.00,0.00,0.00,0.00,0,0.00,"",0.00,0.00,N,N,N,0.00,0.00,0.00,0,0.00,"",0.00,0.00,0.00,0.00,0.00,0,"",0.00,0.00,"","",0.00,0.00,0.00,0.00,0.00,0.00,0.00,0.00,0.00,0,"","",N,0.00
1,"1","S","05037535000150",0,10800,"20250821","MT","1","NF",55,1.00,72.00,0.00,0.00,0.00,0.00,0.00,"5405","500",N,1,1,1,0.00,0.00,0.00,0.00,0.00,0.00,0.00,0.00,0.00,0.00,0.00,"",0.00,0.00,0.00,0,0,0.00,0,0,"","",0.00,0.00,0.00,0.00,N,0.00,0.00,0.00,0,"FD","",0,"",72.00,1.000,"","",N,0.000,0.00,0.00,0.00,0.00,0.00,0.00,0.00,0.00,0.00,0.00,0.00,0.00,0.00,0.00,0.00,0.00,0.00,0.00,0.00,0.00,0.00,0.00,0.00,0.00,0.00,0.00,0.00,0.00,0.00,0,0.00,"",0.00,0.00,N,N,N,0.00,0.00,0.00,0,0.00,"",0.00,0.00,0.00,0.00,0.00,0,"",0.00,0.00,"","",0.00,0.00,0.00,0.00,0.00,0.00,0.00,0.00,0.00,0,"","",N,0.00
2,"2","S","05037535000150",0,10800,"20250821","MT","1","NF",55,1.00,95.00,0.00,0.00,0.00,0.00,0.00,"5405","500",N,1,1,1,0.00,0.00,0.00,0.00,0.00,0.00,0.00,0.00,0.00,0.00,0.00,"",0.00,0.00,0.00,0,0,0.00,0,0,"","",0.00,0.00,0.00,0.00,N,0.00,0.00,0.00,0,"FD","",0,"",95.00,1.000,"","",N,0.000,0.00,0.00,0.00,0.00,0.00,0.00,0.00,0.00,0.00,0.00,0.00,0.00,0.00,0.00,0.00,0.00,0.00,0.00,0.00,0.00,0.00,0.00,0.00,0.00,0.00,0.00,0.00,0.00,0.00,0,0.00,"",0.00,0.00,N,N,N,0.00,0.00,0.00,0,0.00,"",0.00,0.00,0.00,0.00,0.00,0,"",0.00,0.00,"","",0.00,0.00,0.00,0.00,0.00,0.00,0.00,0.00,0.00,0,"","",N,0.00
3,"3","S","05037535000150",0,10800,"20250821","MT","1","NF",55,1.00,135.00,0.00,0.00,0.00,0.00,0.00,"5405","500",N,1,1,1,0.00,0.00,0.00,0.00,0.00,0.00,0.00,0.00,0.00,0.00,0.00,"",0.00,0.00,0.00,0,0,0.00,0,0,"","",0.00,0.00,0.00,0.00,N,0.00,0.00,0.00,0,"FD","",0,"",135.00,1.000,"","",N,0.000,0.00,0.00,0.00,0.00,0.00,0.00,0.00,0.00,0.00,0.00,0.00,0.00,0.00,0.00,0.00,0.00,0.00,0.00,0.00,0.00,0.00,0.00,0.00,0.00,0.00,0.00,0.00,0.00,0.00,0,0.00,"",0.00,0.00,N,N,N,0.00,0.00,0.00,0,0.00,"",0.00,0.00,0.00,0.00,0.00,0,"",0.00,0.00,"","",0.00,0.00,0.00,0.00,0.00,0.00,0.00,0.00,0.00,0,"","",N,0.00
4,"4","S","05037535000150",0,10800,"20250821","MT","1","NF",55,1.00,135.00,0.00,0.00,0.00,0.00,0.00,"5405","500",N,1,1,1,0.00,0.00,0.00,0.00,0.00,0.00,0.00,0.00,0.00,0.00,0.00,"",0.00,0.00,0.00,0,0,0.00,0,0,"","",0.00,0.00,0.00,0.00,N,0.00,0.00,0.00,0,"FD","",0,"",135.00,1.000,"","",N,0.000,0.00,0.00,0.00,0.00,0.00,0.00,0.00,0.00,0.00,0.00,0.00,0.00,0.00,0.00,0.00,0.00,0.00,0.00,0.00,0.00,0.00,0.00,0.00,0.00,0.00,0.00,0.00,0.00,0.00,0,0.00,"",0.00,0.00,N,N,N,0.00,0.00,0.00,0,0.00,"",0.00,0.00,0.00,0.00,0.00,0,"",0.00,0.00,"","",0.00,0.00,0.00,0.00,0.00,0.00,0.00,0.00,0.00,0,"","",N,0.00
5,"7","S","05037535000150",0,10800,"20250821","MT","1","NF",55,1.00,159.00,0.00,0.00,0.00,0.00,0.00,"5405","500",N,1,1,1,0.00,0.00,0.00,0.00,0.00,0.00,0.00,0.00,0.00,0.00,0.00,"",0.00,0.00,0.00,0,0,0.00,0,0,"","",0.00,0.00,0.00,0.00,N,0.00,0.00,0.00,0,"FD","",0,"",159.00,1.000,"","",N,0.000,0.00,0.00,0.00,0.00,0.00,0.00,0.00,0.00,0.00,0.00,0.00,0.00,0.00,0.00,0.00,0.00,0.00,0.00,0.00,0.00,0.00,0.00,0.00,0.00,0.00,0.00,0.00,0.00,0.00,0,0.00,"",0.00,0.00,N,N,N,0.00,0.00,0.00,0,0.00,"",0.00,0.00,0.00,0.00,0.00,0,"",0.00,0.00,"","",0.00,0.00,0.00,0.00,0.00,0.00,0.00,0.00,0.00,0,"","",N,0.00
6,"8","S","05037535000150",0,10800,"20250821","MT","1","NF",55,1.00,159.00,0.00,0.00,0.00,0.00,0.00,"5405","500",N,1,1,1,0.00,0.00,0.00,0.00,0.00,0.00,0.00,0.00,0.00,0.00,0.00,"",0.00,0.00,0.00,0,0,0.00,0,0,"","",0.00,0.00,0.00,0.00,N,0.00,0.00,0.00,0,"FD","",0,"",159.00,1.000,"","",N,0.000,0.00,0.00,0.00,0.00,0.00,0.00,0.00,0.00,0.00,0.00,0.00,0.00,0.00,0.00,0.00,0.00,0.00,0.00,0.00,0.00,0.00,0.00,0.00,0.00,0.00,0.00,0.00,0.00,0.00,0,0.00,"",0.00,0.00,N,N,N,0.00,0.00,0.00,0,0.00,"",0.00,0.00,0.00,0.00,0.00,0,"",0.00,0.00,"","",0.00,0.00,0.00,0.00,0.00,0.00,0.00,0.00,0.00,0,"","",N,0.00
7,"9","S","05037535000150",0,10800,"20250821","MT","1","NF",55,1.00,169.00,0.00,0.00,0.00,0.00,0.00,"5101","101",N,1,1,1,0.00,0.00,0.00,0.00,0.00,0.00,0.00,0.00,0.00,0.00,0.00,"",0.00,0.00,0.00,0,0,0.00,0,0,"","",0.00,0.00,0.00,0.00,N,0.00,0.00,0.00,0,"FD","",0,"",169.00,1.000,"","",N,0.000,0.00,0.00,0.00,0.00,0.00,0.00,0.00,0.00,0.00,0.00,0.00,0.00,0.00,0.00,0.00,0.00,0.00,0.00,0.00,0.00,0.00,0.00,0.00,0.00,0.00,0.00,0.00,0.00,0.00,0,0.00,"",0.00,0.00,N,N,N,0.00,0.00,0.00,0,0.00,"",0.00,0.00,0.00,0.00,0.00,0,"",0.00,0.00,"","",0.00,0.00,0.00,0.00,0.00,0.00,0.00,0.00,0.00,0,"","",N,0.00
8,"10","S","05037535000150",0,10800,"20250821","MT","1","NF",55,1.00,185.00,0.00,0.00,0.00,0.00,0.00,"5101","101",N,1,1,1,0.00,0.00,0.00,0.00,0.00,0.00,0.00,0.00,0.00,0.00,0.00,"",0.00,0.00,0.00,0,0,0.00,0,0,"","",0.00,0.00,0.00,0.00,N,0.00,0.00,0.00,0,"FD","",0,"",185.00,1.000,"","",N,0.000,0.00,0.00,0.00,0.00,0.00,0.00,0.00,0.00,0.00,0.00,0.00,0.00,0.00,0.00,0.00,0.00,0.00,0.00,0.00,0.00,0.00,0.00,0.00,0.00,0.00,0.00,0.00,0.00,0.00,0,0.00,"",0.00,0.00,N,N,N,0.00,0.00,0.00,0,0.00,"",0.00,0.00,0.00,0.00,0.00,0,"",0.00,0.00,"","",0.00,0.00,0.00,0.00,0.00,0.00,0.00,0.00,0.00,0,"","",N,0.00
9,"15","S","05037535000150",0,10800,"20250821","MT","1","NF",55,1.00,149.00,0.00,0.00,0.00,0.00,0.00,"5405","500",N,1,1,1,0.00,0.00,0.00,0.00,0.00,0.00,0.00,0.00,0.00,0.00,0.00,"",0.00,0.00,0.00,0,0,0.00,0,0,"","",0.00,0.00,0.00,0.00,N,0.00,0.00,0.00,0,"FD","",0,"",149.00,1.000,"","",N,0.000,0.00,0.00,0.00,0.00,0.00,0.00,0.00,0.00,0.00,0.00,0.00,0.00,0.00,0.00,0.00,0.00,0.00,0.00,0.00,0.00,0.00,0.00,0.00,0.00,0.00,0.00,0.00,0.00,0.00,0,0.00,"",0.00,0.00,N,N,N,0.00,0.00,0.00,0,0.00,"",0.00,0.00,0.00,0.00,0.00,0,"",0.00,0.00,"","",0.00,0.00,0.00,0.00,0.00,0.00,0.00,0.00,0.00,0,"","",N,0.00
10,"16","S","05037535000150",0,10800,"20250821","MT","1","NF",55,1.00,213.00,0.00,0.00,0.00,0.00,0.00,"5405","500",N,1,1,1,0.00,0.00,0.00,0.00,0.00,0.00,0.00,0.00,0.00,0.00,0.00,"",0.00,0.00,0.00,0,0,0.00,0,0,"","",0.00,0.00,0.00,0.00,N,0.00,0.00,0.00,0,"FD","",0,"",213.00,1.000,"","",N,0.000,0.00,0.00,0.00,0.00,0.00,0.00,0.00,0.00,0.00,0.00,0.00,0.00,0.00,0.00,0.00,0.00,0.00,0.00,0.00,0.00,0.00,0.00,0.00,0.00,0.00,0.00,0.00,0.00,0.00,0,0.00,"",0.00,0.00,N,N,N,0.00,0.00,0.00,0,0.00,"",0.00,0.00,0.00,0.00,0.00,0,"",0.00,0.00,"","",0.00,0.00,0.00,0.00,0.00,0.00,0.00,0.00,0.00,0,"","",N,0.00
11,"19","S","05037535000150",0,10800,"20250821","MT","1","NF",55,1.00,90.00,0.00,0.00,0.00,0.00,0.00,"5405","500",N,1,1,1,0.00,0.00,0.00,0.00,0.00,0.00,0.00,0.00,0.00,0.00,0.00,"",0.00,0.00,0.00,0,0,0.00,0,0,"","",0.00,0.00,0.00,0.00,N,0.00,0.00,0.00,0,"FD","",0,"",90.00,1.000,"","",N,0.000,0.00,0.00,0.00,0.00,0.00,0.00,0.00,0.00,0.00,0.00,0.00,0.00,0.00,0.00,0.00,0.00,0.00,0.00,0.00,0.00,0.00,0.00,0.00,0.00,0.00,0.00,0.00,0.00,0.00,0,0.00,"",0.00,0.00,N,N,N,0.00,0.00,0.00,0,0.00,"",0.00,0.00,0.00,0.00,0.00,0,"",0.00,0.00,"","",0.00,0.00,0.00,0.00,0.00,0.00,0.00,0.00,0.00,0,"","",N,0.00
12,"20","S","05037535000150",0,10800,"20250821","MT","1","NF",55,1.00,99.00,0.00,0.00,0.00,0.00,0.00,"5405","500",N,1,1,1,0.00,0.00,0.00,0.00,0.00,0.00,0.00,0.00,0.00,0.00,0.00,"",0.00,0.00,0.00,0,0,0.00,0,0,"","",0.00,0.00,0.00,0.00,N,0.00,0.00,0.00,0,"FD","",0,"",99.00,1.000,"","",N,0.000,0.00,0.00,0.00,0.00,0.00,0.00,0.00,0.00,0.00,0.00,0.00,0.00,0.00,0.00,0.00,0.00,0.00,0.00,0.00,0.00,0.00,0.00,0.00,0.00,0.00,0.00,0.00,0.00,0.00,0,0.00,"",0.00,0.00,N,N,N,0.00,0.00,0.00,0,0.00,"",0.00,0.00,0.00,0.00,0.00,0,"",0.00,0.00,"","",0.00,0.00,0.00,0.00,0.00,0.00,0.00,0.00,0.00,0,"","",N,0.00
13,"21","S","05037535000150",0,10800,"20250821","MT","1","NF",55,1.00,120.00,0.00,0.00,0.00,0.00,0.00,"5405","500",N,1,1,1,0.00,0.00,0.00,0.00,0.00,0.00,0.00,0.00,0.00,0.00,0.00,"",0.00,0.00,0.00,0,0,0.00,0,0,"","",0.00,0.00,0.00,0.00,N,0.00,0.00,0.00,0,"FD","",0,"",120.00,1.000,"","",N,0.000,0.00,0.00,0.00,0.00,0.00,0.00,0.00,0.00,0.00,0.00,0.00,0.00,0.00,0.00,0.00,0.00,0.00,0.00,0.00,0.00,0.00,0.00,0.00,0.00,0.00,0.00,0.00,0.00,0.00,0,0.00,"",0.00,0.00,N,N,N,0.00,0.00,0.00,0,0.00,"",0.00,0.00,0.00,0.00,0.00,0,"",0.00,0.00,"","",0.00,0.00,0.00,0.00,0.00,0.00,0.00,0.00,0.00,0,"","",N,0.00
14,"22","S","05037535000150",0,10800,"20250821","MT","1","NF",55,1.00,120.00,0.00,0.00,0.00,0.00,0.00,"5405","500",N,1,1,1,0.00,0.00,0.00,0.00,0.00,0.00,0.00,0.00,0.00,0.00,0.00,"",0.00,0.00,0.00,0,0,0.00,0,0,"","",0.00,0.00,0.00,0.00,N,0.00,0.00,0.00,0,"FD","",0,"",120.00,1.000,"","",N,0.000,0.00,0.00,0.00,0.00,0.00,0.00,0.00,0.00,0.00,0.00,0.00,0.00,0.00,0.00,0.00,0.00,0.00,0.00,0.00,0.00,0.00,0.00,0.00,0.00,0.00,0.00,0.00,0.00,0.00,0,0.00,"",0.00,0.00,N,N,N,0.00,0.00,0.00,0,0.00,"",0.00,0.00,0.00,0.00,0.00,0,"",0.00,0.00,"","",0.00,0.00,0.00,0.00,0.00,0.00,0.00,0.00,0.00,0,"","",N,0.00
1,"5","S","01572937000285",0,10799,"20250821","MT","1","NF",55,1.00,88.00,0.00,0.00,0.00,0.00,0.00,"5910","500",N,1,1,1,0.00,0.00,0.00,0.00,0.00,0.00,0.00,0.00,0.00,0.00,0.00,"",0.00,0.00,0.00,0,0,0.00,0,0,"","",0.00,0.00,0.00,0.00,N,0.00,0.00,0.00,0,"FD","",0,"",88.00,1.000,"","",N,0.000,0.00,0.00,0.00,0.00,0.00,0.00,0.00,0.00,0.00,0.00,0.00,0.00,0.00,0.00,0.00,0.00,0.00,0.00,0.00,0.00,0.00,0.00,0.00,0.00,0.00,0.00,0.00,0.00,0.00,0,0.00,"",0.00,0.00,N,N,N,0.00,0.00,0.00,0,0.00,"",0.00,0.00,0.00,0.00,0.00,0,"",0.00,0.00,"","",0.00,0.00,0.00,0.00,0.00,0.00,0.00,0.00,0.00,0,"","",N,0.00
2,"6","S","01572937000285",0,10799,"20250821","MT","1","NF",55,1.00,141.75,0.00,0.00,0.00,0.00,0.00,"5910","500",N,1,1,1,0.00,0.00,0.00,0.00,0.00,0.00,0.00,0.00,0.00,0.00,0.00,"",0.00,0.00,0.00,0,0,0.00,0,0,"","",0.00,0.00,0.00,0.00,N,0.00,0.00,0.00,0,"FD","",0,"",141.75,1.000,"","",N,0.000,0.00,0.00,0.00,0.00,0.00,0.00,0.00,0.00,0.00,0.00,0.00,0.00,0.00,0.00,0.00,0.00,0.00,0.00,0.00,0.00,0.00,0.00,0.00,0.00,0.00,0.00,0.00,0.00,0.00,0,0.00,"",0.00,0.00,N,N,N,0.00,0.00,0.00,0,0.00,"",0.00,0.00,0.00,0.00,0.00,0,"",0.00,0.00,"","",0.00,0.00,0.00,0.00,0.00,0.00,0.00,0.00,0.00,0,"","",N,0.00
3,"7","S","01572937000285",0,10799,"20250821","MT","1","NF",55,1.00,159.00,0.00,0.00,0.00,0.00,0.00,"5910","500",N,1,1,1,0.00,0.00,0.00,0.00,0.00,0.00,0.00,0.00,0.00,0.00,0.00,"",0.00,0.00,0.00,0,0,0.00,0,0,"","",0.00,0.00,0.00,0.00,N,0.00,0.00,0.00,0,"FD","",0,"",159.00,1.000,"","",N,0.000,0.00,0.00,0.00,0.00,0.00,0.00,0.00,0.00,0.00,0.00,0.00,0.00,0.00,0.00,0.00,0.00,0.00,0.00,0.00,0.00,0.00,0.00,0.00,0.00,0.00,0.00,0.00,0.00,0.00,0,0.00,"",0.00,0.00,N,N,N,0.00,0.00,0.00,0,0.00,"",0.00,0.00,0.00,0.00,0.00,0,"",0.00,0.00,"","",0.00,0.00,0.00,0.00,0.00,0.00,0.00,0.00,0.00,0,"","",N,0.00
4,"8","S","01572937000285",0,10799,"20250821","MT","1","NF",55,1.00,159.00,0.00,0.00,0.00,0.00,0.00,"5910","500",N,1,1,1,0.00,0.00,0.00,0.00,0.00,0.00,0.00,0.00,0.00,0.00,0.00,"",0.00,0.00,0.00,0,0,0.00,0,0,"","",0.00,0.00,0.00,0.00,N,0.00,0.00,0.00,0,"FD","",0,"",159.00,1.000,"","",N,0.000,0.00,0.00,0.00,0.00,0.00,0.00,0.00,0.00,0.00,0.00,0.00,0.00,0.00,0.00,0.00,0.00,0.00,0.00,0.00,0.00,0.00,0.00,0.00,0.00,0.00,0.00,0.00,0.00,0.00,0,0.00,"",0.00,0.00,N,N,N,0.00,0.00,0.00,0,0.00,"",0.00,0.00,0.00,0.00,0.00,0,"",0.00,0.00,"","",0.00,0.00,0.00,0.00,0.00,0.00,0.00,0.00,0.00,0,"","",N,0.00
5,"9","S","01572937000285",0,10799,"20250821","MT","1","NF",55,1.00,169.00,0.00,0.00,0.00,0.00,0.00,"5910","500",N,1,1,1,0.00,0.00,0.00,0.00,0.00,0.00,0.00,0.00,0.00,0.00,0.00,"",0.00,0.00,0.00,0,0,0.00,0,0,"","",0.00,0.00,0.00,0.00,N,0.00,0.00,0.00,0,"FD","",0,"",169.00,1.000,"","",N,0.000,0.00,0.00,0.00,0.00,0.00,0.00,0.00,0.00,0.00,0.00,0.00,0.00,0.00,0.00,0.00,0.00,0.00,0.00,0.00,0.00,0.00,0.00,0.00,0.00,0.00,0.00,0.00,0.00,0.00,0,0.00,"",0.00,0.00,N,N,N,0.00,0.00,0.00,0,0.00,"",0.00,0.00,0.00,0.00,0.00,0,"",0.00,0.00,"","",0.00,0.00,0.00,0.00,0.00,0.00,0.00,0.00,0.00,0,"","",N,0.00
6,"10","S","01572937000285",0,10799,"20250821","MT","1","NF",55,1.00,185.00,0.00,0.00,0.00,0.00,0.00,"5910","500",N,1,1,1,0.00,0.00,0.00,0.00,0.00,0.00,0.00,0.00,0.00,0.00,0.00,"",0.00,0.00,0.00,0,0,0.00,0,0,"","",0.00,0.00,0.00,0.00,N,0.00,0.00,0.00,0,"FD","",0,"",185.00,1.000,"","",N,0.000,0.00,0.00,0.00,0.00,0.00,0.00,0.00,0.00,0.00,0.00,0.00,0.00,0.00,0.00,0.00,0.00,0.00,0.00,0.00,0.00,0.00,0.00,0.00,0.00,0.00,0.00,0.00,0.00,0.00,0,0.00,"",0.00,0.00,N,N,N,0.00,0.00,0.00,0,0.00,"",0.00,0.00,0.00,0.00,0.00,0,"",0.00,0.00,"","",0.00,0.00,0.00,0.00,0.00,0.00,0.00,0.00,0.00,0,"","",N,0.00
7,"15","S","01572937000285",0,10799,"20250821","MT","1","NF",55,1.00,149.00,0.00,0.00,0.00,0.00,0.00,"5910","500",N,1,1,1,0.00,0.00,0.00,0.00,0.00,0.00,0.00,0.00,0.00,0.00,0.00,"",0.00,0.00,0.00,0,0,0.00,0,0,"","",0.00,0.00,0.00,0.00,N,0.00,0.00,0.00,0,"FD","",0,"",149.00,1.000,"","",N,0.000,0.00,0.00,0.00,0.00,0.00,0.00,0.00,0.00,0.00,0.00,0.00,0.00,0.00,0.00,0.00,0.00,0.00,0.00,0.00,0.00,0.00,0.00,0.00,0.00,0.00,0.00,0.00,0.00,0.00,0,0.00,"",0.00,0.00,N,N,N,0.00,0.00,0.00,0,0.00,"",0.00,0.00,0.00,0.00,0.00,0,"",0.00,0.00,"","",0.00,0.00,0.00,0.00,0.00,0.00,0.00,0.00,0.00,0,"","",N,0.00
8,"16","S","01572937000285",0,10799,"20250821","MT","1","NF",55,1.00,213.00,0.00,0.00,0.00,0.00,0.00,"5910","500",N,1,1,1,0.00,0.00,0.00,0.00,0.00,0.00,0.00,0.00,0.00,0.00,0.00,"",0.00,0.00,0.00,0,0,0.00,0,0,"","",0.00,0.00,0.00,0.00,N,0.00,0.00,0.00,0,"FD","",0,"",213.00,1.000,"","",N,0.000,0.00,0.00,0.00,0.00,0.00,0.00,0.00,0.00,0.00,0.00,0.00,0.00,0.00,0.00,0.00,0.00,0.00,0.00,0.00,0.00,0.00,0.00,0.00,0.00,0.00,0.00,0.00,0.00,0.00,0,0.00,"",0.00,0.00,N,N,N,0.00,0.00,0.00,0,0.00,"",0.00,0.00,0.00,0.00,0.00,0,"",0.00,0.00,"","",0.00,0.00,0.00,0.00,0.00,0.00,0.00,0.00,0.00,0,"","",N,0.00
9,"19","S","01572937000285",0,10799,"20250821","MT","1","NF",55,1.00,90.00,0.00,0.00,0.00,0.00,0.00,"5910","500",N,1,1,1,0.00,0.00,0.00,0.00,0.00,0.00,0.00,0.00,0.00,0.00,0.00,"",0.00,0.00,0.00,0,0,0.00,0,0,"","",0.00,0.00,0.00,0.00,N,0.00,0.00,0.00,0,"FD","",0,"",90.00,1.000,"","",N,0.000,0.00,0.00,0.00,0.00,0.00,0.00,0.00,0.00,0.00,0.00,0.00,0.00,0.00,0.00,0.00,0.00,0.00,0.00,0.00,0.00,0.00,0.00,0.00,0.00,0.00,0.00,0.00,0.00,0.00,0,0.00,"",0.00,0.00,N,N,N,0.00,0.00,0.00,0,0.00,"",0.00,0.00,0.00,0.00,0.00,0,"",0.00,0.00,"","",0.00,0.00,0.00,0.00,0.00,0.00,0.00,0.00,0.00,0,"","",N,0.00
10,"20","S","01572937000285",0,10799,"20250821","MT","1","NF",55,1.00,99.00,0.00,0.00,0.00,0.00,0.00,"5910","500",N,1,1,1,0.00,0.00,0.00,0.00,0.00,0.00,0.00,0.00,0.00,0.00,0.00,"",0.00,0.00,0.00,0,0,0.00,0,0,"","",0.00,0.00,0.00,0.00,N,0.00,0.00,0.00,0,"FD","",0,"",99.00,1.000,"","",N,0.000,0.00,0.00,0.00,0.00,0.00,0.00,0.00,0.00,0.00,0.00,0.00,0.00,0.00,0.00,0.00,0.00,0.00,0.00,0.00,0.00,0.00,0.00,0.00,0.00,0.00,0.00,0.00,0.00,0.00,0,0.00,"",0.00,0.00,N,N,N,0.00,0.00,0.00,0,0.00,"",0.00,0.00,0.00,0.00,0.00,0,"",0.00,0.00,"","",0.00,0.00,0.00,0.00,0.00,0.00,0.00,0.00,0.00,0,"","",N,0.00
11,"21","S","01572937000285",0,10799,"20250821","MT","1","NF",55,1.00,120.00,0.00,0.00,0.00,0.00,0.00,"5910","500",N,1,1,1,0.00,0.00,0.00,0.00,0.00,0.00,0.00,0.00,0.00,0.00,0.00,"",0.00,0.00,0.00,0,0,0.00,0,0,"","",0.00,0.00,0.00,0.00,N,0.00,0.00,0.00,0,"FD","",0,"",120.00,1.000,"","",N,0.000,0.00,0.00,0.00,0.00,0.00,0.00,0.00,0.00,0.00,0.00,0.00,0.00,0.00,0.00,0.00,0.00,0.00,0.00,0.00,0.00,0.00,0.00,0.00,0.00,0.00,0.00,0.00,0.00,0.00,0,0.00,"",0.00,0.00,N,N,N,0.00,0.00,0.00,0,0.00,"",0.00,0.00,0.00,0.00,0.00,0,"",0.00,0.00,"","",0.00,0.00,0.00,0.00,0.00,0.00,0.00,0.00,0.00,0,"","",N,0.00
12,"22","S","01572937000285",0,10799,"20250821","MT","1","NF",55,1.00,120.00,0.00,0.00,0.00,0.00,0.00,"5910","500",N,1,1,1,0.00,0.00,0.00,0.00,0.00,0.00,0.00,0.00,0.00,0.00,0.00,"",0.00,0.00,0.00,0,0,0.00,0,0,"","",0.00,0.00,0.00,0.00,N,0.00,0.00,0.00,0,"FD","",0,"",120.00,1.000,"","",N,0.000,0.00,0.00,0.00,0.00,0.00,0.00,0.00,0.00,0.00,0.00,0.00,0.00,0.00,0.00,0.00,0.00,0.00,0.00,0.00,0.00,0.00,0.00,0.00,0.00,0.00,0.00,0.00,0.00,0.00,0,0.00,"",0.00,0.00,N,N,N,0.00,0.00,0.00,0,0.00,"",0.00,0.00,0.00,0.00,0.00,0,"",0.00,0.00,"","",0.00,0.00,0.00,0.00,0.00,0.00,0.00,0.00,0.00,0,"","",N,0.00
13,"36","S","01572937000285",0,10799,"20250821","MT","1","NF",55,1.00,90.00,0.00,0.00,0.00,0.00,0.00,"5910","500",N,1,1,1,0.00,0.00,0.00,0.00,0.00,0.00,0.00,0.00,0.00,0.00,0.00,"",0.00,0.00,0.00,0,0,0.00,0,0,"","",0.00,0.00,0.00,0.00,N,0.00,0.00,0.00,0,"FD","",0,"",90.00,1.000,"","",N,0.000,0.00,0.00,0.00,0.00,0.00,0.00,0.00,0.00,0.00,0.00,0.00,0.00,0.00,0.00,0.00,0.00,0.00,0.00,0.00,0.00,0.00,0.00,0.00,0.00,0.00,0.00,0.00,0.00,0.00,0,0.00,"",0.00,0.00,N,N,N,0.00,0.00,0.00,0,0.00,"",0.00,0.00,0.00,0.00,0.00,0,"",0.00,0.00,"","",0.00,0.00,0.00,0.00,0.00,0.00,0.00,0.00,0.00,0,"","",N,0.00
14,"37","S","01572937000285",0,10799,"20250821","MT","1","NF",55,1.00,99.00,0.00,0.00,0.00,0.00,0.00,"5910","500",N,1,1,1,0.00,0.00,0.00,0.00,0.00,0.00,0.00,0.00,0.00,0.00,0.00,"",0.00,0.00,0.00,0,0,0.00,0,0,"","",0.00,0.00,0.00,0.00,N,0.00,0.00,0.00,0,"FD","",0,"",99.00,1.000,"","",N,0.000,0.00,0.00,0.00,0.00,0.00,0.00,0.00,0.00,0.00,0.00,0.00,0.00,0.00,0.00,0.00,0.00,0.00,0.00,0.00,0.00,0.00,0.00,0.00,0.00,0.00,0.00,0.00,0.00,0.00,0,0.00,"",0.00,0.00,N,N,N,0.00,0.00,0.00,0,0.00,"",0.00,0.00,0.00,0.00,0.00,0,"",0.00,0.00,"","",0.00,0.00,0.00,0.00,0.00,0.00,0.00,0.00,0.00,0,"","",N,0.00
15,"38","S","01572937000285",0,10799,"20250821","MT","1","NF",55,1.00,120.00,0.00,0.00,0.00,0.00,0.00,"5910","500",N,1,1,1,0.00,0.00,0.00,0.00,0.00,0.00,0.00,0.00,0.00,0.00,0.00,"",0.00,0.00,0.00,0,0,0.00,0,0,"","",0.00,0.00,0.00,0.00,N,0.00,0.00,0.00,0,"FD","",0,"",120.00,1.000,"","",N,0.000,0.00,0.00,0.00,0.00,0.00,0.00,0.00,0.00,0.00,0.00,0.00,0.00,0.00,0.00,0.00,0.00,0.00,0.00,0.00,0.00,0.00,0.00,0.00,0.00,0.00,0.00,0.00,0.00,0.00,0,0.00,"",0.00,0.00,N,N,N,0.00,0.00,0.00,0,0.00,"",0.00,0.00,0.00,0.00,0.00,0,"",0.00,0.00,"","",0.00,0.00,0.00,0.00,0.00,0.00,0.00,0.00,0.00,0,"","",N,0.00
16,"39","S","01572937000285",0,10799,"20250821","MT","1","NF",55,1.00,120.00,0.00,0.00,0.00,0.00,0.00,"5910","500",N,1,1,1,0.00,0.00,0.00,0.00,0.00,0.00,0.00,0.00,0.00,0.00,0.00,"",0.00,0.00,0.00,0,0,0.00,0,0,"","",0.00,0.00,0.00,0.00,N,0.00,0.00,0.00,0,"FD","",0,"",120.00,1.000,"","",N,0.000,0.00,0.00,0.00,0.00,0.00,0.00,0.00,0.00,0.00,0.00,0.00,0.00,0.00,0.00,0.00,0.00,0.00,0.00,0.00,0.00,0.00,0.00,0.00,0.00,0.00,0.00,0.00,0.00,0.00,0,0.00,"",0.00,0.00,N,N,N,0.00,0.00,0.00,0,0.00,"",0.00,0.00,0.00,0.00,0.00,0,"",0.00,0.00,"","",0.00,0.00,0.00,0.00,0.00,0.00,0.00,0.00,0.00,0,"","",N,0.00
1,"30","S","36737442000162",0,10803,"20250822","MT","1","NF",55,500.00,470.00,0.00,0.00,0.00,0.00,0.00,"5401","500",N,1,1,1,0.00,0.00,0.00,0.00,0.00,0.00,0.00,0.00,0.00,0.00,0.00,"",0.00,0.00,0.00,0,0,0.00,0,0,"","",0.00,0.00,0.00,0.00,N,0.00,0.00,0.00,0,"UNI","",0,"",0.94,500.000,"","",N,0.000,0.00,0.00,0.00,0.00,0.00,0.00,0.00,0.00,0.00,0.00,0.00,0.00,0.00,0.00,0.00,0.00,0.00,0.00,0.00,0.00,0.00,0.00,0.00,0.00,0.00,0.00,0.00,0.00,0.00,0,0.00,"",0.00,0.00,N,N,N,0.00,0.00,0.00,0,0.00,"",0.00,0.00,0.00,0.00,0.00,0,"",0.00,0.00,"","",0.00,0.00,0.00,0.00,0.00,0.00,0.00,0.00,0.00,0,"","",N,0.00
1,"30","S","07373832000100",0,10804,"20250822","MT","1","NF",55,500.00,470.00,0.00,0.00,0.00,0.00,0.00,"5401","500",N,1,1,1,0.00,0.00,0.00,0.00,0.00,0.00,0.00,0.00,0.00,0.00,0.00,"",0.00,0.00,0.00,0,0,0.00,0,0,"","",0.00,0.00,0.00,0.00,N,0.00,0.00,0.00,0,"UNI","",0,"",0.94,500.000,"","",N,0.000,0.00,0.00,0.00,0.00,0.00,0.00,0.00,0.00,0.00,0.00,0.00,0.00,0.00,0.00,0.00,0.00,0.00,0.00,0.00,0.00,0.00,0.00,0.00,0.00,0.00,0.00,0.00,0.00,0.00,0,0.00,"",0.00,0.00,N,N,N,0.00,0.00,0.00,0,0.00,"",0.00,0.00,0.00,0.00,0.00,0,"",0.00,0.00,"","",0.00,0.00,0.00,0.00,0.00,0.00,0.00,0.00,0.00,0,"","",N,0.00
1,"2","S","01378330000188",0,10805,"20250822","MT","1","NF",55,2.00,190.00,0.00,0.00,0.00,0.00,0.00,"5405","500",N,1,1,1,0.00,0.00,0.00,0.00,0.00,0.00,0.00,0.00,0.00,0.00,0.00,"",0.00,0.00,0.00,0,0,0.00,0,0,"","",0.00,0.00,0.00,0.00,N,0.00,0.00,0.00,0,"FD","",0,"",95.00,2.000,"","",N,0.000,0.00,0.00,0.00,0.00,0.00,0.00,0.00,0.00,0.00,0.00,0.00,0.00,0.00,0.00,0.00,0.00,0.00,0.00,0.00,0.00,0.00,0.00,0.00,0.00,0.00,0.00,0.00,0.00,0.00,0,0.00,"",0.00,0.00,N,N,N,0.00,0.00,0.00,0,0.00,"",0.00,0.00,0.00,0.00,0.00,0,"",0.00,0.00,"","",0.00,0.00,0.00,0.00,0.00,0.00,0.00,0.00,0.00,0,"","",N,0.00
2,"3","S","01378330000188",0,10805,"20250822","MT","1","NF",55,2.00,270.00,0.00,0.00,0.00,0.00,0.00,"5405","500",N,1,1,1,0.00,0.00,0.00,0.00,0.00,0.00,0.00,0.00,0.00,0.00,0.00,"",0.00,0.00,0.00,0,0,0.00,0,0,"","",0.00,0.00,0.00,0.00,N,0.00,0.00,0.00,0,"FD","",0,"",135.00,2.000,"","",N,0.000,0.00,0.00,0.00,0.00,0.00,0.00,0.00,0.00,0.00,0.00,0.00,0.00,0.00,0.00,0.00,0.00,0.00,0.00,0.00,0.00,0.00,0.00,0.00,0.00,0.00,0.00,0.00,0.00,0.00,0,0.00,"",0.00,0.00,N,N,N,0.00,0.00,0.00,0,0.00,"",0.00,0.00,0.00,0.00,0.00,0,"",0.00,0.00,"","",0.00,0.00,0.00,0.00,0.00,0.00,0.00,0.00,0.00,0,"","",N,0.00
3,"4","S","01378330000188",0,10805,"20250822","MT","1","NF",55,2.00,270.00,0.00,0.00,0.00,0.00,0.00,"5405","500",N,1,1,1,0.00,0.00,0.00,0.00,0.00,0.00,0.00,0.00,0.00,0.00,0.00,"",0.00,0.00,0.00,0,0,0.00,0,0,"","",0.00,0.00,0.00,0.00,N,0.00,0.00,0.00,0,"FD","",0,"",135.00,2.000,"","",N,0.000,0.00,0.00,0.00,0.00,0.00,0.00,0.00,0.00,0.00,0.00,0.00,0.00,0.00,0.00,0.00,0.00,0.00,0.00,0.00,0.00,0.00,0.00,0.00,0.00,0.00,0.00,0.00,0.00,0.00,0,0.00,"",0.00,0.00,N,N,N,0.00,0.00,0.00,0,0.00,"",0.00,0.00,0.00,0.00,0.00,0,"",0.00,0.00,"","",0.00,0.00,0.00,0.00,0.00,0.00,0.00,0.00,0.00,0,"","",N,0.00
4,"7","S","01378330000188",0,10805,"20250822","MT","1","NF",55,2.00,318.00,0.00,0.00,0.00,0.00,0.00,"5405","500",N,1,1,1,0.00,0.00,0.00,0.00,0.00,0.00,0.00,0.00,0.00,0.00,0.00,"",0.00,0.00,0.00,0,0,0.00,0,0,"","",0.00,0.00,0.00,0.00,N,0.00,0.00,0.00,0,"FD","",0,"",159.00,2.000,"","",N,0.000,0.00,0.00,0.00,0.00,0.00,0.00,0.00,0.00,0.00,0.00,0.00,0.00,0.00,0.00,0.00,0.00,0.00,0.00,0.00,0.00,0.00,0.00,0.00,0.00,0.00,0.00,0.00,0.00,0.00,0,0.00,"",0.00,0.00,N,N,N,0.00,0.00,0.00,0,0.00,"",0.00,0.00,0.00,0.00,0.00,0,"",0.00,0.00,"","",0.00,0.00,0.00,0.00,0.00,0.00,0.00,0.00,0.00,0,"","",N,0.00
5,"8","S","01378330000188",0,10805,"20250822","MT","1","NF",55,2.00,318.00,0.00,0.00,0.00,0.00,0.00,"5405","500",N,1,1,1,0.00,0.00,0.00,0.00,0.00,0.00,0.00,0.00,0.00,0.00,0.00,"",0.00,0.00,0.00,0,0,0.00,0,0,"","",0.00,0.00,0.00,0.00,N,0.00,0.00,0.00,0,"FD","",0,"",159.00,2.000,"","",N,0.000,0.00,0.00,0.00,0.00,0.00,0.00,0.00,0.00,0.00,0.00,0.00,0.00,0.00,0.00,0.00,0.00,0.00,0.00,0.00,0.00,0.00,0.00,0.00,0.00,0.00,0.00,0.00,0.00,0.00,0,0.00,"",0.00,0.00,N,N,N,0.00,0.00,0.00,0,0.00,"",0.00,0.00,0.00,0.00,0.00,0,"",0.00,0.00,"","",0.00,0.00,0.00,0.00,0.00,0.00,0.00,0.00,0.00,0,"","",N,0.00
6,"9","S","01378330000188",0,10805,"20250822","MT","1","NF",55,2.00,338.00,0.00,0.00,0.00,0.00,0.00,"5101","101",N,1,1,1,0.00,0.00,0.00,0.00,0.00,0.00,0.00,0.00,0.00,0.00,0.00,"",0.00,0.00,0.00,0,0,0.00,0,0,"","",0.00,0.00,0.00,0.00,N,0.00,0.00,0.00,0,"FD","",0,"",169.00,2.000,"","",N,0.000,0.00,0.00,0.00,0.00,0.00,0.00,0.00,0.00,0.00,0.00,0.00,0.00,0.00,0.00,0.00,0.00,0.00,0.00,0.00,0.00,0.00,0.00,0.00,0.00,0.00,0.00,0.00,0.00,0.00,0,0.00,"",0.00,0.00,N,N,N,0.00,0.00,0.00,0,0.00,"",0.00,0.00,0.00,0.00,0.00,0,"",0.00,0.00,"","",0.00,0.00,0.00,0.00,0.00,0.00,0.00,0.00,0.00,0,"","",N,0.00
7,"10","S","01378330000188",0,10805,"20250822","MT","1","NF",55,2.00,370.00,0.00,0.00,0.00,0.00,0.00,"5101","101",N,1,1,1,0.00,0.00,0.00,0.00,0.00,0.00,0.00,0.00,0.00,0.00,0.00,"",0.00,0.00,0.00,0,0,0.00,0,0,"","",0.00,0.00,0.00,0.00,N,0.00,0.00,0.00,0,"FD","",0,"",185.00,2.000,"","",N,0.000,0.00,0.00,0.00,0.00,0.00,0.00,0.00,0.00,0.00,0.00,0.00,0.00,0.00,0.00,0.00,0.00,0.00,0.00,0.00,0.00,0.00,0.00,0.00,0.00,0.00,0.00,0.00,0.00,0.00,0,0.00,"",0.00,0.00,N,N,N,0.00,0.00,0.00,0,0.00,"",0.00,0.00,0.00,0.00,0.00,0,"",0.00,0.00,"","",0.00,0.00,0.00,0.00,0.00,0.00,0.00,0.00,0.00,0,"","",N,0.00
8,"15","S","01378330000188",0,10805,"20250822","MT","1","NF",55,2.00,298.00,0.00,0.00,0.00,0.00,0.00,"5405","500",N,1,1,1,0.00,0.00,0.00,0.00,0.00,0.00,0.00,0.00,0.00,0.00,0.00,"",0.00,0.00,0.00,0,0,0.00,0,0,"","",0.00,0.00,0.00,0.00,N,0.00,0.00,0.00,0,"FD","",0,"",149.00,2.000,"","",N,0.000,0.00,0.00,0.00,0.00,0.00,0.00,0.00,0.00,0.00,0.00,0.00,0.00,0.00,0.00,0.00,0.00,0.00,0.00,0.00,0.00,0.00,0.00,0.00,0.00,0.00,0.00,0.00,0.00,0.00,0,0.00,"",0.00,0.00,N,N,N,0.00,0.00,0.00,0,0.00,"",0.00,0.00,0.00,0.00,0.00,0,"",0.00,0.00,"","",0.00,0.00,0.00,0.00,0.00,0.00,0.00,0.00,0.00,0,"","",N,0.00
9,"16","S","01378330000188",0,10805,"20250822","MT","1","NF",55,2.00,426.00,0.00,0.00,0.00,0.00,0.00,"5405","500",N,1,1,1,0.00,0.00,0.00,0.00,0.00,0.00,0.00,0.00,0.00,0.00,0.00,"",0.00,0.00,0.00,0,0,0.00,0,0,"","",0.00,0.00,0.00,0.00,N,0.00,0.00,0.00,0,"FD","",0,"",213.00,2.000,"","",N,0.000,0.00,0.00,0.00,0.00,0.00,0.00,0.00,0.00,0.00,0.00,0.00,0.00,0.00,0.00,0.00,0.00,0.00,0.00,0.00,0.00,0.00,0.00,0.00,0.00,0.00,0.00,0.00,0.00,0.00,0,0.00,"",0.00,0.00,N,N,N,0.00,0.00,0.00,0,0.00,"",0.00,0.00,0.00,0.00,0.00,0,"",0.00,0.00,"","",0.00,0.00,0.00,0.00,0.00,0.00,0.00,0.00,0.00,0,"","",N,0.00
1,"2","S","01378330000340",0,10806,"20250822","MT","1","NF",55,1.00,95.00,0.00,0.00,0.00,0.00,0.00,"5405","500",N,1,1,1,0.00,0.00,0.00,0.00,0.00,0.00,0.00,0.00,0.00,0.00,0.00,"",0.00,0.00,0.00,0,0,0.00,0,0,"","",0.00,0.00,0.00,0.00,N,0.00,0.00,0.00,0,"FD","",0,"",95.00,1.000,"","",N,0.000,0.00,0.00,0.00,0.00,0.00,0.00,0.00,0.00,0.00,0.00,0.00,0.00,0.00,0.00,0.00,0.00,0.00,0.00,0.00,0.00,0.00,0.00,0.00,0.00,0.00,0.00,0.00,0.00,0.00,0,0.00,"",0.00,0.00,N,N,N,0.00,0.00,0.00,0,0.00,"",0.00,0.00,0.00,0.00,0.00,0,"",0.00,0.00,"","",0.00,0.00,0.00,0.00,0.00,0.00,0.00,0.00,0.00,0,"","",N,0.00
2,"3","S","01378330000340",0,10806,"20250822","MT","1","NF",55,1.00,135.00,0.00,0.00,0.00,0.00,0.00,"5405","500",N,1,1,1,0.00,0.00,0.00,0.00,0.00,0.00,0.00,0.00,0.00,0.00,0.00,"",0.00,0.00,0.00,0,0,0.00,0,0,"","",0.00,0.00,0.00,0.00,N,0.00,0.00,0.00,0,"FD","",0,"",135.00,1.000,"","",N,0.000,0.00,0.00,0.00,0.00,0.00,0.00,0.00,0.00,0.00,0.00,0.00,0.00,0.00,0.00,0.00,0.00,0.00,0.00,0.00,0.00,0.00,0.00,0.00,0.00,0.00,0.00,0.00,0.00,0.00,0,0.00,"",0.00,0.00,N,N,N,0.00,0.00,0.00,0,0.00,"",0.00,0.00,0.00,0.00,0.00,0,"",0.00,0.00,"","",0.00,0.00,0.00,0.00,0.00,0.00,0.00,0.00,0.00,0,"","",N,0.00
3,"4","S","01378330000340",0,10806,"20250822","MT","1","NF",55,1.00,135.00,0.00,0.00,0.00,0.00,0.00,"5405","500",N,1,1,1,0.00,0.00,0.00,0.00,0.00,0.00,0.00,0.00,0.00,0.00,0.00,"",0.00,0.00,0.00,0,0,0.00,0,0,"","",0.00,0.00,0.00,0.00,N,0.00,0.00,0.00,0,"FD","",0,"",135.00,1.000,"","",N,0.000,0.00,0.00,0.00,0.00,0.00,0.00,0.00,0.00,0.00,0.00,0.00,0.00,0.00,0.00,0.00,0.00,0.00,0.00,0.00,0.00,0.00,0.00,0.00,0.00,0.00,0.00,0.00,0.00,0.00,0,0.00,"",0.00,0.00,N,N,N,0.00,0.00,0.00,0,0.00,"",0.00,0.00,0.00,0.00,0.00,0,"",0.00,0.00,"","",0.00,0.00,0.00,0.00,0.00,0.00,0.00,0.00,0.00,0,"","",N,0.00
4,"7","S","01378330000340",0,10806,"20250822","MT","1","NF",55,1.00,159.00,0.00,0.00,0.00,0.00,0.00,"5405","500",N,1,1,1,0.00,0.00,0.00,0.00,0.00,0.00,0.00,0.00,0.00,0.00,0.00,"",0.00,0.00,0.00,0,0,0.00,0,0,"","",0.00,0.00,0.00,0.00,N,0.00,0.00,0.00,0,"FD","",0,"",159.00,1.000,"","",N,0.000,0.00,0.00,0.00,0.00,0.00,0.00,0.00,0.00,0.00,0.00,0.00,0.00,0.00,0.00,0.00,0.00,0.00,0.00,0.00,0.00,0.00,0.00,0.00,0.00,0.00,0.00,0.00,0.00,0.00,0,0.00,"",0.00,0.00,N,N,N,0.00,0.00,0.00,0,0.00,"",0.00,0.00,0.00,0.00,0.00,0,"",0.00,0.00,"","",0.00,0.00,0.00,0.00,0.00,0.00,0.00,0.00,0.00,0,"","",N,0.00
5,"8","S","01378330000340",0,10806,"20250822","MT","1","NF",55,1.00,159.00,0.00,0.00,0.00,0.00,0.00,"5405","500",N,1,1,1,0.00,0.00,0.00,0.00,0.00,0.00,0.00,0.00,0.00,0.00,0.00,"",0.00,0.00,0.00,0,0,0.00,0,0,"","",0.00,0.00,0.00,0.00,N,0.00,0.00,0.00,0,"FD","",0,"",159.00,1.000,"","",N,0.000,0.00,0.00,0.00,0.00,0.00,0.00,0.00,0.00,0.00,0.00,0.00,0.00,0.00,0.00,0.00,0.00,0.00,0.00,0.00,0.00,0.00,0.00,0.00,0.00,0.00,0.00,0.00,0.00,0.00,0,0.00,"",0.00,0.00,N,N,N,0.00,0.00,0.00,0,0.00,"",0.00,0.00,0.00,0.00,0.00,0,"",0.00,0.00,"","",0.00,0.00,0.00,0.00,0.00,0.00,0.00,0.00,0.00,0,"","",N,0.00
6,"9","S","01378330000340",0,10806,"20250822","MT","1","NF",55,1.00,169.00,0.00,0.00,0.00,0.00,0.00,"5101","101",N,1,1,1,0.00,0.00,0.00,0.00,0.00,0.00,0.00,0.00,0.00,0.00,0.00,"",0.00,0.00,0.00,0,0,0.00,0,0,"","",0.00,0.00,0.00,0.00,N,0.00,0.00,0.00,0,"FD","",0,"",169.00,1.000,"","",N,0.000,0.00,0.00,0.00,0.00,0.00,0.00,0.00,0.00,0.00,0.00,0.00,0.00,0.00,0.00,0.00,0.00,0.00,0.00,0.00,0.00,0.00,0.00,0.00,0.00,0.00,0.00,0.00,0.00,0.00,0,0.00,"",0.00,0.00,N,N,N,0.00,0.00,0.00,0,0.00,"",0.00,0.00,0.00,0.00,0.00,0,"",0.00,0.00,"","",0.00,0.00,0.00,0.00,0.00,0.00,0.00,0.00,0.00,0,"","",N,0.00
7,"10","S","01378330000340",0,10806,"20250822","MT","1","NF",55,1.00,185.00,0.00,0.00,0.00,0.00,0.00,"5101","101",N,1,1,1,0.00,0.00,0.00,0.00,0.00,0.00,0.00,0.00,0.00,0.00,0.00,"",0.00,0.00,0.00,0,0,0.00,0,0,"","",0.00,0.00,0.00,0.00,N,0.00,0.00,0.00,0,"FD","",0,"",185.00,1.000,"","",N,0.000,0.00,0.00,0.00,0.00,0.00,0.00,0.00,0.00,0.00,0.00,0.00,0.00,0.00,0.00,0.00,0.00,0.00,0.00,0.00,0.00,0.00,0.00,0.00,0.00,0.00,0.00,0.00,0.00,0.00,0,0.00,"",0.00,0.00,N,N,N,0.00,0.00,0.00,0,0.00,"",0.00,0.00,0.00,0.00,0.00,0,"",0.00,0.00,"","",0.00,0.00,0.00,0.00,0.00,0.00,0.00,0.00,0.00,0,"","",N,0.00
8,"15","S","01378330000340",0,10806,"20250822","MT","1","NF",55,1.00,149.00,0.00,0.00,0.00,0.00,0.00,"5405","500",N,1,1,1,0.00,0.00,0.00,0.00,0.00,0.00,0.00,0.00,0.00,0.00,0.00,"",0.00,0.00,0.00,0,0,0.00,0,0,"","",0.00,0.00,0.00,0.00,N,0.00,0.00,0.00,0,"FD","",0,"",149.00,1.000,"","",N,0.000,0.00,0.00,0.00,0.00,0.00,0.00,0.00,0.00,0.00,0.00,0.00,0.00,0.00,0.00,0.00,0.00,0.00,0.00,0.00,0.00,0.00,0.00,0.00,0.00,0.00,0.00,0.00,0.00,0.00,0,0.00,"",0.00,0.00,N,N,N,0.00,0.00,0.00,0,0.00,"",0.00,0.00,0.00,0.00,0.00,0,"",0.00,0.00,"","",0.00,0.00,0.00,0.00,0.00,0.00,0.00,0.00,0.00,0,"","",N,0.00
9,"16","S","01378330000340",0,10806,"20250822","MT","1","NF",55,1.00,213.00,0.00,0.00,0.00,0.00,0.00,"5405","500",N,1,1,1,0.00,0.00,0.00,0.00,0.00,0.00,0.00,0.00,0.00,0.00,0.00,"",0.00,0.00,0.00,0,0,0.00,0,0,"","",0.00,0.00,0.00,0.00,N,0.00,0.00,0.00,0,"FD","",0,"",213.00,1.000,"","",N,0.000,0.00,0.00,0.00,0.00,0.00,0.00,0.00,0.00,0.00,0.00,0.00,0.00,0.00,0.00,0.00,0.00,0.00,0.00,0.00,0.00,0.00,0.00,0.00,0.00,0.00,0.00,0.00,0.00,0.00,0,0.00,"",0.00,0.00,N,N,N,0.00,0.00,0.00,0,0.00,"",0.00,0.00,0.00,0.00,0.00,0,"",0.00,0.00,"","",0.00,0.00,0.00,0.00,0.00,0.00,0.00,0.00,0.00,0,"","",N,0.00
1,"1","S","01938746000103",0,10807,"20250825","MT","1","NF",55,5.00,325.00,0.00,0.00,0.00,0.00,0.00,"5405","500",N,1,1,1,0.00,0.00,0.00,0.00,0.00,0.00,0.00,0.00,0.00,0.00,0.00,"",0.00,0.00,0.00,0,0,0.00,0,0,"","",0.00,0.00,0.00,0.00,N,0.00,0.00,0.00,0,"FD","",0,"",65.00,5.000,"","",N,0.000,0.00,0.00,0.00,0.00,0.00,0.00,0.00,0.00,0.00,0.00,0.00,0.00,0.00,0.00,0.00,0.00,0.00,0.00,0.00,0.00,0.00,0.00,0.00,0.00,0.00,0.00,0.00,0.00,0.00,0,0.00,"",0.00,0.00,N,N,N,0.00,0.00,0.00,0,0.00,"",0.00,0.00,0.00,0.00,0.00,0,"",0.00,0.00,"","",0.00,0.00,0.00,0.00,0.00,0.00,0.00,0.00,0.00,0,"","",N,0.00
2,"2","S","01938746000103",0,10807,"20250825","MT","1","NF",55,5.00,445.00,0.00,0.00,0.00,0.00,0.00,"5405","500",N,1,1,1,0.00,0.00,0.00,0.00,0.00,0.00,0.00,0.00,0.00,0.00,0.00,"",0.00,0.00,0.00,0,0,0.00,0,0,"","",0.00,0.00,0.00,0.00,N,0.00,0.00,0.00,0,"FD","",0,"",89.00,5.000,"","",N,0.000,0.00,0.00,0.00,0.00,0.00,0.00,0.00,0.00,0.00,0.00,0.00,0.00,0.00,0.00,0.00,0.00,0.00,0.00,0.00,0.00,0.00,0.00,0.00,0.00,0.00,0.00,0.00,0.00,0.00,0,0.00,"",0.00,0.00,N,N,N,0.00,0.00,0.00,0,0.00,"",0.00,0.00,0.00,0.00,0.00,0,"",0.00,0.00,"","",0.00,0.00,0.00,0.00,0.00,0.00,0.00,0.00,0.00,0,"","",N,0.00
3,"3","S","01938746000103",0,10807,"20250825","MT","1","NF",55,5.00,620.00,0.00,0.00,0.00,0.00,0.00,"5405","500",N,1,1,1,0.00,0.00,0.00,0.00,0.00,0.00,0.00,0.00,0.00,0.00,0.00,"",0.00,0.00,0.00,0,0,0.00,0,0,"","",0.00,0.00,0.00,0.00,N,0.00,0.00,0.00,0,"FD","",0,"",124.00,5.000,"","",N,0.000,0.00,0.00,0.00,0.00,0.00,0.00,0.00,0.00,0.00,0.00,0.00,0.00,0.00,0.00,0.00,0.00,0.00,0.00,0.00,0.00,0.00,0.00,0.00,0.00,0.00,0.00,0.00,0.00,0.00,0,0.00,"",0.00,0.00,N,N,N,0.00,0.00,0.00,0,0.00,"",0.00,0.00,0.00,0.00,0.00,0,"",0.00,0.00,"","",0.00,0.00,0.00,0.00,0.00,0.00,0.00,0.00,0.00,0,"","",N,0.00
4,"4","S","01938746000103",0,10807,"20250825","MT","1","NF",55,5.00,620.00,0.00,0.00,0.00,0.00,0.00,"5405","500",N,1,1,1,0.00,0.00,0.00,0.00,0.00,0.00,0.00,0.00,0.00,0.00,0.00,"",0.00,0.00,0.00,0,0,0.00,0,0,"","",0.00,0.00,0.00,0.00,N,0.00,0.00,0.00,0,"FD","",0,"",124.00,5.000,"","",N,0.000,0.00,0.00,0.00,0.00,0.00,0.00,0.00,0.00,0.00,0.00,0.00,0.00,0.00,0.00,0.00,0.00,0.00,0.00,0.00,0.00,0.00,0.00,0.00,0.00,0.00,0.00,0.00,0.00,0.00,0,0.00,"",0.00,0.00,N,N,N,0.00,0.00,0.00,0,0.00,"",0.00,0.00,0.00,0.00,0.00,0,"",0.00,0.00,"","",0.00,0.00,0.00,0.00,0.00,0.00,0.00,0.00,0.00,0,"","",N,0.00
5,"9","S","01938746000103",0,10807,"20250825","MT","1","NF",55,5.00,725.00,0.00,0.00,0.00,0.00,0.00,"5101","101",N,1,1,1,0.00,0.00,0.00,0.00,0.00,0.00,0.00,0.00,0.00,0.00,0.00,"",0.00,0.00,0.00,0,0,0.00,0,0,"","",0.00,0.00,0.00,0.00,N,0.00,0.00,0.00,0,"FD","",0,"",145.00,5.000,"","",N,0.000,0.00,0.00,0.00,0.00,0.00,0.00,0.00,0.00,0.00,0.00,0.00,0.00,0.00,0.00,0.00,0.00,0.00,0.00,0.00,0.00,0.00,0.00,0.00,0.00,0.00,0.00,0.00,0.00,0.00,0,0.00,"",0.00,0.00,N,N,N,0.00,0.00,0.00,0,0.00,"",0.00,0.00,0.00,0.00,0.00,0,"",0.00,0.00,"","",0.00,0.00,0.00,0.00,0.00,0.00,0.00,0.00,0.00,0,"","",N,0.00
6,"10","S","01938746000103",0,10807,"20250825","MT","1","NF",55,4.00,680.00,0.00,0.00,0.00,0.00,0.00,"5101","101",N,1,1,1,0.00,0.00,0.00,0.00,0.00,0.00,0.00,0.00,0.00,0.00,0.00,"",0.00,0.00,0.00,0,0,0.00,0,0,"","",0.00,0.00,0.00,0.00,N,0.00,0.00,0.00,0,"FD","",0,"",170.00,4.000,"","",N,0.000,0.00,0.00,0.00,0.00,0.00,0.00,0.00,0.00,0.00,0.00,0.00,0.00,0.00,0.00,0.00,0.00,0.00,0.00,0.00,0.00,0.00,0.00,0.00,0.00,0.00,0.00,0.00,0.00,0.00,0,0.00,"",0.00,0.00,N,N,N,0.00,0.00,0.00,0,0.00,"",0.00,0.00,0.00,0.00,0.00,0,"",0.00,0.00,"","",0.00,0.00,0.00,0.00,0.00,0.00,0.00,0.00,0.00,0,"","",N,0.00
1,"29","S","01938746000103",0,10808,"20250825","MT","1","NF",55,500.00,385.00,0.00,0.00,0.00,0.00,0.00,"5401","500",N,1,1,1,0.00,0.00,0.00,0.00,0.00,0.00,0.00,0.00,0.00,0.00,0.00,"",0.00,0.00,0.00,0,0,0.00,0,0,"","",0.00,0.00,0.00,0.00,N,0.00,0.00,0.00,0,"UNI","",0,"",0.77,500.000,"","",N,0.000,0.00,0.00,0.00,0.00,0.00,0.00,0.00,0.00,0.00,0.00,0.00,0.00,0.00,0.00,0.00,0.00,0.00,0.00,0.00,0.00,0.00,0.00,0.00,0.00,0.00,0.00,0.00,0.00,0.00,0,0.00,"",0.00,0.00,N,N,N,0.00,0.00,0.00,0,0.00,"",0.00,0.00,0.00,0.00,0.00,0,"",0.00,0.00,"","",0.00,0.00,0.00,0.00,0.00,0.00,0.00,0.00,0.00,0,"","",N,0.00
1,"2","S","07114891000156",0,10809,"20250826","MT","1","NF",55,1.00,95.00,0.00,0.00,0.00,0.00,0.00,"5405","500",N,1,1,1,0.00,0.00,0.00,0.00,0.00,0.00,0.00,0.00,0.00,0.00,0.00,"",0.00,0.00,0.00,0,0,0.00,0,0,"","",0.00,0.00,0.00,0.00,N,0.00,0.00,0.00,0,"FD","",0,"",95.00,1.000,"","",N,0.000,0.00,0.00,0.00,0.00,0.00,0.00,0.00,0.00,0.00,0.00,0.00,0.00,0.00,0.00,0.00,0.00,0.00,0.00,0.00,0.00,0.00,0.00,0.00,0.00,0.00,0.00,0.00,0.00,0.00,0,0.00,"",0.00,0.00,N,N,N,0.00,0.00,0.00,0,0.00,"",0.00,0.00,0.00,0.00,0.00,0,"",0.00,0.00,"","",0.00,0.00,0.00,0.00,0.00,0.00,0.00,0.00,0.00,0,"","",N,0.00
2,"3","S","07114891000156",0,10809,"20250826","MT","1","NF",55,1.00,135.00,0.00,0.00,0.00,0.00,0.00,"5405","500",N,1,1,1,0.00,0.00,0.00,0.00,0.00,0.00,0.00,0.00,0.00,0.00,0.00,"",0.00,0.00,0.00,0,0,0.00,0,0,"","",0.00,0.00,0.00,0.00,N,0.00,0.00,0.00,0,"FD","",0,"",135.00,1.000,"","",N,0.000,0.00,0.00,0.00,0.00,0.00,0.00,0.00,0.00,0.00,0.00,0.00,0.00,0.00,0.00,0.00,0.00,0.00,0.00,0.00,0.00,0.00,0.00,0.00,0.00,0.00,0.00,0.00,0.00,0.00,0,0.00,"",0.00,0.00,N,N,N,0.00,0.00,0.00,0,0.00,"",0.00,0.00,0.00,0.00,0.00,0,"",0.00,0.00,"","",0.00,0.00,0.00,0.00,0.00,0.00,0.00,0.00,0.00,0,"","",N,0.00
3,"4","S","07114891000156",0,10809,"20250826","MT","1","NF",55,1.00,135.00,0.00,0.00,0.00,0.00,0.00,"5405","500",N,1,1,1,0.00,0.00,0.00,0.00,0.00,0.00,0.00,0.00,0.00,0.00,0.00,"",0.00,0.00,0.00,0,0,0.00,0,0,"","",0.00,0.00,0.00,0.00,N,0.00,0.00,0.00,0,"FD","",0,"",135.00,1.000,"","",N,0.000,0.00,0.00,0.00,0.00,0.00,0.00,0.00,0.00,0.00,0.00,0.00,0.00,0.00,0.00,0.00,0.00,0.00,0.00,0.00,0.00,0.00,0.00,0.00,0.00,0.00,0.00,0.00,0.00,0.00,0,0.00,"",0.00,0.00,N,N,N,0.00,0.00,0.00,0,0.00,"",0.00,0.00,0.00,0.00,0.00,0,"",0.00,0.00,"","",0.00,0.00,0.00,0.00,0.00,0.00,0.00,0.00,0.00,0,"","",N,0.00
4,"7","S","07114891000156",0,10809,"20250826","MT","1","NF",55,1.00,159.00,0.00,0.00,0.00,0.00,0.00,"5405","500",N,1,1,1,0.00,0.00,0.00,0.00,0.00,0.00,0.00,0.00,0.00,0.00,0.00,"",0.00,0.00,0.00,0,0,0.00,0,0,"","",0.00,0.00,0.00,0.00,N,0.00,0.00,0.00,0,"FD","",0,"",159.00,1.000,"","",N,0.000,0.00,0.00,0.00,0.00,0.00,0.00,0.00,0.00,0.00,0.00,0.00,0.00,0.00,0.00,0.00,0.00,0.00,0.00,0.00,0.00,0.00,0.00,0.00,0.00,0.00,0.00,0.00,0.00,0.00,0,0.00,"",0.00,0.00,N,N,N,0.00,0.00,0.00,0,0.00,"",0.00,0.00,0.00,0.00,0.00,0,"",0.00,0.00,"","",0.00,0.00,0.00,0.00,0.00,0.00,0.00,0.00,0.00,0,"","",N,0.00
5,"8","S","07114891000156",0,10809,"20250826","MT","1","NF",55,1.00,159.00,0.00,0.00,0.00,0.00,0.00,"5405","500",N,1,1,1,0.00,0.00,0.00,0.00,0.00,0.00,0.00,0.00,0.00,0.00,0.00,"",0.00,0.00,0.00,0,0,0.00,0,0,"","",0.00,0.00,0.00,0.00,N,0.00,0.00,0.00,0,"FD","",0,"",159.00,1.000,"","",N,0.000,0.00,0.00,0.00,0.00,0.00,0.00,0.00,0.00,0.00,0.00,0.00,0.00,0.00,0.00,0.00,0.00,0.00,0.00,0.00,0.00,0.00,0.00,0.00,0.00,0.00,0.00,0.00,0.00,0.00,0,0.00,"",0.00,0.00,N,N,N,0.00,0.00,0.00,0,0.00,"",0.00,0.00,0.00,0.00,0.00,0,"",0.00,0.00,"","",0.00,0.00,0.00,0.00,0.00,0.00,0.00,0.00,0.00,0,"","",N,0.00
6,"9","S","07114891000156",0,10809,"20250826","MT","1","NF",55,1.00,169.00,0.00,0.00,0.00,0.00,0.00,"5101","101",N,1,1,1,0.00,0.00,0.00,0.00,0.00,0.00,0.00,0.00,0.00,0.00,0.00,"",0.00,0.00,0.00,0,0,0.00,0,0,"","",0.00,0.00,0.00,0.00,N,0.00,0.00,0.00,0,"FD","",0,"",169.00,1.000,"","",N,0.000,0.00,0.00,0.00,0.00,0.00,0.00,0.00,0.00,0.00,0.00,0.00,0.00,0.00,0.00,0.00,0.00,0.00,0.00,0.00,0.00,0.00,0.00,0.00,0.00,0.00,0.00,0.00,0.00,0.00,0,0.00,"",0.00,0.00,N,N,N,0.00,0.00,0.00,0,0.00,"",0.00,0.00,0.00,0.00,0.00,0,"",0.00,0.00,"","",0.00,0.00,0.00,0.00,0.00,0.00,0.00,0.00,0.00,0,"","",N,0.00
7,"10","S","07114891000156",0,10809,"20250826","MT","1","NF",55,1.00,185.00,0.00,0.00,0.00,0.00,0.00,"5101","101",N,1,1,1,0.00,0.00,0.00,0.00,0.00,0.00,0.00,0.00,0.00,0.00,0.00,"",0.00,0.00,0.00,0,0,0.00,0,0,"","",0.00,0.00,0.00,0.00,N,0.00,0.00,0.00,0,"FD","",0,"",185.00,1.000,"","",N,0.000,0.00,0.00,0.00,0.00,0.00,0.00,0.00,0.00,0.00,0.00,0.00,0.00,0.00,0.00,0.00,0.00,0.00,0.00,0.00,0.00,0.00,0.00,0.00,0.00,0.00,0.00,0.00,0.00,0.00,0,0.00,"",0.00,0.00,N,N,N,0.00,0.00,0.00,0,0.00,"",0.00,0.00,0.00,0.00,0.00,0,"",0.00,0.00,"","",0.00,0.00,0.00,0.00,0.00,0.00,0.00,0.00,0.00,0,"","",N,0.00
8,"15","S","07114891000156",0,10809,"20250826","MT","1","NF",55,1.00,149.00,0.00,0.00,0.00,0.00,0.00,"5405","500",N,1,1,1,0.00,0.00,0.00,0.00,0.00,0.00,0.00,0.00,0.00,0.00,0.00,"",0.00,0.00,0.00,0,0,0.00,0,0,"","",0.00,0.00,0.00,0.00,N,0.00,0.00,0.00,0,"FD","",0,"",149.00,1.000,"","",N,0.000,0.00,0.00,0.00,0.00,0.00,0.00,0.00,0.00,0.00,0.00,0.00,0.00,0.00,0.00,0.00,0.00,0.00,0.00,0.00,0.00,0.00,0.00,0.00,0.00,0.00,0.00,0.00,0.00,0.00,0,0.00,"",0.00,0.00,N,N,N,0.00,0.00,0.00,0,0.00,"",0.00,0.00,0.00,0.00,0.00,0,"",0.00,0.00,"","",0.00,0.00,0.00,0.00,0.00,0.00,0.00,0.00,0.00,0,"","",N,0.00
1,"3","S","27267077000189",0,10810,"20250826","MT","1","NF",55,2.00,243.00,0.00,0.00,0.00,0.00,0.00,"5405","500",N,1,1,1,0.00,0.00,0.00,0.00,0.00,0.00,0.00,0.00,0.00,0.00,0.00,"",0.00,0.00,0.00,0,0,0.00,0,0,"","",0.00,0.00,0.00,0.00,N,0.00,0.00,0.00,0,"FD","",0,"",121.50,2.000,"","",N,0.000,0.00,0.00,0.00,0.00,0.00,0.00,0.00,0.00,0.00,0.00,0.00,0.00,0.00,0.00,0.00,0.00,0.00,0.00,0.00,0.00,0.00,0.00,0.00,0.00,0.00,0.00,0.00,0.00,0.00,0,0.00,"",0.00,0.00,N,N,N,0.00,0.00,0.00,0,0.00,"",0.00,0.00,0.00,0.00,0.00,0,"",0.00,0.00,"","",0.00,0.00,0.00,0.00,0.00,0.00,0.00,0.00,0.00,0,"","",N,0.00
1,"3","S","10383027000164",0,10811,"20250826","MT","1","NF",55,2.00,243.00,0.00,0.00,0.00,0.00,0.00,"5405","500",N,1,1,1,0.00,0.00,0.00,0.00,0.00,0.00,0.00,0.00,0.00,0.00,0.00,"",0.00,0.00,0.00,0,0,0.00,0,0,"","",0.00,0.00,0.00,0.00,N,0.00,0.00,0.00,0,"FD","",0,"",121.50,2.000,"","",N,0.000,0.00,0.00,0.00,0.00,0.00,0.00,0.00,0.00,0.00,0.00,0.00,0.00,0.00,0.00,0.00,0.00,0.00,0.00,0.00,0.00,0.00,0.00,0.00,0.00,0.00,0.00,0.00,0.00,0.00,0,0.00,"",0.00,0.00,N,N,N,0.00,0.00,0.00,0,0.00,"",0.00,0.00,0.00,0.00,0.00,0,"",0.00,0.00,"","",0.00,0.00,0.00,0.00,0.00,0.00,0.00,0.00,0.00,0,"","",N,0.00
2,"8","S","10383027000164",0,10811,"20250826","MT","1","NF",55,1.00,159.00,0.00,0.00,0.00,0.00,0.00,"5405","500",N,1,1,1,0.00,0.00,0.00,0.00,0.00,0.00,0.00,0.00,0.00,0.00,0.00,"",0.00,0.00,0.00,0,0,0.00,0,0,"","",0.00,0.00,0.00,0.00,N,0.00,0.00,0.00,0,"FD","",0,"",159.00,1.000,"","",N,0.000,0.00,0.00,0.00,0.00,0.00,0.00,0.00,0.00,0.00,0.00,0.00,0.00,0.00,0.00,0.00,0.00,0.00,0.00,0.00,0.00,0.00,0.00,0.00,0.00,0.00,0.00,0.00,0.00,0.00,0,0.00,"",0.00,0.00,N,N,N,0.00,0.00,0.00,0,0.00,"",0.00,0.00,0.00,0.00,0.00,0,"",0.00,0.00,"","",0.00,0.00,0.00,0.00,0.00,0.00,0.00,0.00,0.00,0,"","",N,0.00
3,"9","S","10383027000164",0,10811,"20250826","MT","1","NF",55,1.00,169.00,0.00,0.00,0.00,0.00,0.00,"5101","101",N,1,1,1,0.00,0.00,0.00,0.00,0.00,0.00,0.00,0.00,0.00,0.00,0.00,"",0.00,0.00,0.00,0,0,0.00,0,0,"","",0.00,0.00,0.00,0.00,N,0.00,0.00,0.00,0,"FD","",0,"",169.00,1.000,"","",N,0.000,0.00,0.00,0.00,0.00,0.00,0.00,0.00,0.00,0.00,0.00,0.00,0.00,0.00,0.00,0.00,0.00,0.00,0.00,0.00,0.00,0.00,0.00,0.00,0.00,0.00,0.00,0.00,0.00,0.00,0,0.00,"",0.00,0.00,N,N,N,0.00,0.00,0.00,0,0.00,"",0.00,0.00,0.00,0.00,0.00,0,"",0.00,0.00,"","",0.00,0.00,0.00,0.00,0.00,0.00,0.00,0.00,0.00,0,"","",N,0.00
1,"2","S","32813512000163",0,10813,"20250826","MT","1","NF",55,1.00,95.00,0.00,0.00,0.00,0.00,0.00,"5405","500",N,1,1,1,0.00,0.00,0.00,0.00,0.00,0.00,0.00,0.00,0.00,0.00,0.00,"",0.00,0.00,0.00,0,0,0.00,0,0,"","",0.00,0.00,0.00,0.00,N,0.00,0.00,0.00,0,"FD","",0,"",95.00,1.000,"","",N,0.000,0.00,0.00,0.00,0.00,0.00,0.00,0.00,0.00,0.00,0.00,0.00,0.00,0.00,0.00,0.00,0.00,0.00,0.00,0.00,0.00,0.00,0.00,0.00,0.00,0.00,0.00,0.00,0.00,0.00,0,0.00,"",0.00,0.00,N,N,N,0.00,0.00,0.00,0,0.00,"",0.00,0.00,0.00,0.00,0.00,0,"",0.00,0.00,"","",0.00,0.00,0.00,0.00,0.00,0.00,0.00,0.00,0.00,0,"","",N,0.00
2,"3","S","32813512000163",0,10813,"20250826","MT","1","NF",55,2.00,243.00,0.00,0.00,0.00,0.00,0.00,"5405","500",N,1,1,1,0.00,0.00,0.00,0.00,0.00,0.00,0.00,0.00,0.00,0.00,0.00,"",0.00,0.00,0.00,0,0,0.00,0,0,"","",0.00,0.00,0.00,0.00,N,0.00,0.00,0.00,0,"FD","",0,"",121.50,2.000,"","",N,0.000,0.00,0.00,0.00,0.00,0.00,0.00,0.00,0.00,0.00,0.00,0.00,0.00,0.00,0.00,0.00,0.00,0.00,0.00,0.00,0.00,0.00,0.00,0.00,0.00,0.00,0.00,0.00,0.00,0.00,0,0.00,"",0.00,0.00,N,N,N,0.00,0.00,0.00,0,0.00,"",0.00,0.00,0.00,0.00,0.00,0,"",0.00,0.00,"","",0.00,0.00,0.00,0.00,0.00,0.00,0.00,0.00,0.00,0,"","",N,0.00
3,"4","S","32813512000163",0,10813,"20250826","MT","1","NF",55,1.00,135.00,0.00,0.00,0.00,0.00,0.00,"5405","500",N,1,1,1,0.00,0.00,0.00,0.00,0.00,0.00,0.00,0.00,0.00,0.00,0.00,"",0.00,0.00,0.00,0,0,0.00,0,0,"","",0.00,0.00,0.00,0.00,N,0.00,0.00,0.00,0,"FD","",0,"",135.00,1.000,"","",N,0.000,0.00,0.00,0.00,0.00,0.00,0.00,0.00,0.00,0.00,0.00,0.00,0.00,0.00,0.00,0.00,0.00,0.00,0.00,0.00,0.00,0.00,0.00,0.00,0.00,0.00,0.00,0.00,0.00,0.00,0,0.00,"",0.00,0.00,N,N,N,0.00,0.00,0.00,0,0.00,"",0.00,0.00,0.00,0.00,0.00,0,"",0.00,0.00,"","",0.00,0.00,0.00,0.00,0.00,0.00,0.00,0.00,0.00,0,"","",N,0.00
4,"8","S","32813512000163",0,10813,"20250826","MT","1","NF",55,1.00,159.00,0.00,0.00,0.00,0.00,0.00,"5405","500",N,1,1,1,0.00,0.00,0.00,0.00,0.00,0.00,0.00,0.00,0.00,0.00,0.00,"",0.00,0.00,0.00,0,0,0.00,0,0,"","",0.00,0.00,0.00,0.00,N,0.00,0.00,0.00,0,"FD","",0,"",159.00,1.000,"","",N,0.000,0.00,0.00,0.00,0.00,0.00,0.00,0.00,0.00,0.00,0.00,0.00,0.00,0.00,0.00,0.00,0.00,0.00,0.00,0.00,0.00,0.00,0.00,0.00,0.00,0.00,0.00,0.00,0.00,0.00,0,0.00,"",0.00,0.00,N,N,N,0.00,0.00,0.00,0,0.00,"",0.00,0.00,0.00,0.00,0.00,0,"",0.00,0.00,"","",0.00,0.00,0.00,0.00,0.00,0.00,0.00,0.00,0.00,0,"","",N,0.00
5,"9","S","32813512000163",0,10813,"20250826","MT","1","NF",55,1.00,169.00,0.00,0.00,0.00,0.00,0.00,"5101","101",N,1,1,1,0.00,0.00,0.00,0.00,0.00,0.00,0.00,0.00,0.00,0.00,0.00,"",0.00,0.00,0.00,0,0,0.00,0,0,"","",0.00,0.00,0.00,0.00,N,0.00,0.00,0.00,0,"FD","",0,"",169.00,1.000,"","",N,0.000,0.00,0.00,0.00,0.00,0.00,0.00,0.00,0.00,0.00,0.00,0.00,0.00,0.00,0.00,0.00,0.00,0.00,0.00,0.00,0.00,0.00,0.00,0.00,0.00,0.00,0.00,0.00,0.00,0.00,0,0.00,"",0.00,0.00,N,N,N,0.00,0.00,0.00,0,0.00,"",0.00,0.00,0.00,0.00,0.00,0,"",0.00,0.00,"","",0.00,0.00,0.00,0.00,0.00,0.00,0.00,0.00,0.00,0,"","",N,0.00
1,"3","S","29668411000131",0,10812,"20250826","MT","1","NF",55,3.00,364.50,0.00,0.00,0.00,0.00,0.00,"5405","500",N,1,1,1,0.00,0.00,0.00,0.00,0.00,0.00,0.00,0.00,0.00,0.00,0.00,"",0.00,0.00,0.00,0,0,0.00,0,0,"","",0.00,0.00,0.00,0.00,N,0.00,0.00,0.00,0,"FD","",0,"",121.50,3.000,"","",N,0.000,0.00,0.00,0.00,0.00,0.00,0.00,0.00,0.00,0.00,0.00,0.00,0.00,0.00,0.00,0.00,0.00,0.00,0.00,0.00,0.00,0.00,0.00,0.00,0.00,0.00,0.00,0.00,0.00,0.00,0,0.00,"",0.00,0.00,N,N,N,0.00,0.00,0.00,0,0.00,"",0.00,0.00,0.00,0.00,0.00,0,"",0.00,0.00,"","",0.00,0.00,0.00,0.00,0.00,0.00,0.00,0.00,0.00,0,"","",N,0.00
2,"4","S","29668411000131",0,10812,"20250826","MT","1","NF",55,1.00,135.00,0.00,0.00,0.00,0.00,0.00,"5405","500",N,1,1,1,0.00,0.00,0.00,0.00,0.00,0.00,0.00,0.00,0.00,0.00,0.00,"",0.00,0.00,0.00,0,0,0.00,0,0,"","",0.00,0.00,0.00,0.00,N,0.00,0.00,0.00,0,"FD","",0,"",135.00,1.000,"","",N,0.000,0.00,0.00,0.00,0.00,0.00,0.00,0.00,0.00,0.00,0.00,0.00,0.00,0.00,0.00,0.00,0.00,0.00,0.00,0.00,0.00,0.00,0.00,0.00,0.00,0.00,0.00,0.00,0.00,0.00,0,0.00,"",0.00,0.00,N,N,N,0.00,0.00,0.00,0,0.00,"",0.00,0.00,0.00,0.00,0.00,0,"",0.00,0.00,"","",0.00,0.00,0.00,0.00,0.00,0.00,0.00,0.00,0.00,0,"","",N,0.00
3,"7","S","29668411000131",0,10812,"20250826","MT","1","NF",55,1.00,159.00,0.00,0.00,0.00,0.00,0.00,"5405","500",N,1,1,1,0.00,0.00,0.00,0.00,0.00,0.00,0.00,0.00,0.00,0.00,0.00,"",0.00,0.00,0.00,0,0,0.00,0,0,"","",0.00,0.00,0.00,0.00,N,0.00,0.00,0.00,0,"FD","",0,"",159.00,1.000,"","",N,0.000,0.00,0.00,0.00,0.00,0.00,0.00,0.00,0.00,0.00,0.00,0.00,0.00,0.00,0.00,0.00,0.00,0.00,0.00,0.00,0.00,0.00,0.00,0.00,0.00,0.00,0.00,0.00,0.00,0.00,0,0.00,"",0.00,0.00,N,N,N,0.00,0.00,0.00,0,0.00,"",0.00,0.00,0.00,0.00,0.00,0,"",0.00,0.00,"","",0.00,0.00,0.00,0.00,0.00,0.00,0.00,0.00,0.00,0,"","",N,0.00
4,"8","S","29668411000131",0,10812,"20250826","MT","1","NF",55,1.00,159.00,0.00,0.00,0.00,0.00,0.00,"5405","500",N,1,1,1,0.00,0.00,0.00,0.00,0.00,0.00,0.00,0.00,0.00,0.00,0.00,"",0.00,0.00,0.00,0,0,0.00,0,0,"","",0.00,0.00,0.00,0.00,N,0.00,0.00,0.00,0,"FD","",0,"",159.00,1.000,"","",N,0.000,0.00,0.00,0.00,0.00,0.00,0.00,0.00,0.00,0.00,0.00,0.00,0.00,0.00,0.00,0.00,0.00,0.00,0.00,0.00,0.00,0.00,0.00,0.00,0.00,0.00,0.00,0.00,0.00,0.00,0,0.00,"",0.00,0.00,N,N,N,0.00,0.00,0.00,0,0.00,"",0.00,0.00,0.00,0.00,0.00,0,"",0.00,0.00,"","",0.00,0.00,0.00,0.00,0.00,0.00,0.00,0.00,0.00,0,"","",N,0.00
5,"9","S","29668411000131",0,10812,"20250826","MT","1","NF",55,1.00,169.00,0.00,0.00,0.00,0.00,0.00,"5101","101",N,1,1,1,0.00,0.00,0.00,0.00,0.00,0.00,0.00,0.00,0.00,0.00,0.00,"",0.00,0.00,0.00,0,0,0.00,0,0,"","",0.00,0.00,0.00,0.00,N,0.00,0.00,0.00,0,"FD","",0,"",169.00,1.000,"","",N,0.000,0.00,0.00,0.00,0.00,0.00,0.00,0.00,0.00,0.00,0.00,0.00,0.00,0.00,0.00,0.00,0.00,0.00,0.00,0.00,0.00,0.00,0.00,0.00,0.00,0.00,0.00,0.00,0.00,0.00,0,0.00,"",0.00,0.00,N,N,N,0.00,0.00,0.00,0,0.00,"",0.00,0.00,0.00,0.00,0.00,0,"",0.00,0.00,"","",0.00,0.00,0.00,0.00,0.00,0.00,0.00,0.00,0.00,0,"","",N,0.00
6,"10","S","29668411000131",0,10812,"20250826","MT","1","NF",55,1.00,185.00,0.00,0.00,0.00,0.00,0.00,"5101","101",N,1,1,1,0.00,0.00,0.00,0.00,0.00,0.00,0.00,0.00,0.00,0.00,0.00,"",0.00,0.00,0.00,0,0,0.00,0,0,"","",0.00,0.00,0.00,0.00,N,0.00,0.00,0.00,0,"FD","",0,"",185.00,1.000,"","",N,0.000,0.00,0.00,0.00,0.00,0.00,0.00,0.00,0.00,0.00,0.00,0.00,0.00,0.00,0.00,0.00,0.00,0.00,0.00,0.00,0.00,0.00,0.00,0.00,0.00,0.00,0.00,0.00,0.00,0.00,0,0.00,"",0.00,0.00,N,N,N,0.00,0.00,0.00,0,0.00,"",0.00,0.00,0.00,0.00,0.00,0,"",0.00,0.00,"","",0.00,0.00,0.00,0.00,0.00,0.00,0.00,0.00,0.00,0,"","",N,0.00
1,"2","S","01436106000103",0,10814,"20250826","MT","1","NF",55,1.00,95.00,0.00,0.00,0.00,0.00,0.00,"5405","500",N,1,1,1,0.00,0.00,0.00,0.00,0.00,0.00,0.00,0.00,0.00,0.00,0.00,"",0.00,0.00,0.00,0,0,0.00,0,0,"","",0.00,0.00,0.00,0.00,N,0.00,0.00,0.00,0,"FD","",0,"",95.00,1.000,"","",N,0.000,0.00,0.00,0.00,0.00,0.00,0.00,0.00,0.00,0.00,0.00,0.00,0.00,0.00,0.00,0.00,0.00,0.00,0.00,0.00,0.00,0.00,0.00,0.00,0.00,0.00,0.00,0.00,0.00,0.00,0,0.00,"",0.00,0.00,N,N,N,0.00,0.00,0.00,0,0.00,"",0.00,0.00,0.00,0.00,0.00,0,"",0.00,0.00,"","",0.00,0.00,0.00,0.00,0.00,0.00,0.00,0.00,0.00,0,"","",N,0.00
2,"3","S","01436106000103",0,10814,"20250826","MT","1","NF",55,1.00,135.00,0.00,0.00,0.00,0.00,0.00,"5405","500",N,1,1,1,0.00,0.00,0.00,0.00,0.00,0.00,0.00,0.00,0.00,0.00,0.00,"",0.00,0.00,0.00,0,0,0.00,0,0,"","",0.00,0.00,0.00,0.00,N,0.00,0.00,0.00,0,"FD","",0,"",135.00,1.000,"","",N,0.000,0.00,0.00,0.00,0.00,0.00,0.00,0.00,0.00,0.00,0.00,0.00,0.00,0.00,0.00,0.00,0.00,0.00,0.00,0.00,0.00,0.00,0.00,0.00,0.00,0.00,0.00,0.00,0.00,0.00,0,0.00,"",0.00,0.00,N,N,N,0.00,0.00,0.00,0,0.00,"",0.00,0.00,0.00,0.00,0.00,0,"",0.00,0.00,"","",0.00,0.00,0.00,0.00,0.00,0.00,0.00,0.00,0.00,0,"","",N,0.00
3,"4","S","01436106000103",0,10814,"20250826","MT","1","NF",55,1.00,135.00,0.00,0.00,0.00,0.00,0.00,"5405","500",N,1,1,1,0.00,0.00,0.00,0.00,0.00,0.00,0.00,0.00,0.00,0.00,0.00,"",0.00,0.00,0.00,0,0,0.00,0,0,"","",0.00,0.00,0.00,0.00,N,0.00,0.00,0.00,0,"FD","",0,"",135.00,1.000,"","",N,0.000,0.00,0.00,0.00,0.00,0.00,0.00,0.00,0.00,0.00,0.00,0.00,0.00,0.00,0.00,0.00,0.00,0.00,0.00,0.00,0.00,0.00,0.00,0.00,0.00,0.00,0.00,0.00,0.00,0.00,0,0.00,"",0.00,0.00,N,N,N,0.00,0.00,0.00,0,0.00,"",0.00,0.00,0.00,0.00,0.00,0,"",0.00,0.00,"","",0.00,0.00,0.00,0.00,0.00,0.00,0.00,0.00,0.00,0,"","",N,0.00
4,"8","S","01436106000103",0,10814,"20250826","MT","1","NF",55,1.00,159.00,0.00,0.00,0.00,0.00,0.00,"5405","500",N,1,1,1,0.00,0.00,0.00,0.00,0.00,0.00,0.00,0.00,0.00,0.00,0.00,"",0.00,0.00,0.00,0,0,0.00,0,0,"","",0.00,0.00,0.00,0.00,N,0.00,0.00,0.00,0,"FD","",0,"",159.00,1.000,"","",N,0.000,0.00,0.00,0.00,0.00,0.00,0.00,0.00,0.00,0.00,0.00,0.00,0.00,0.00,0.00,0.00,0.00,0.00,0.00,0.00,0.00,0.00,0.00,0.00,0.00,0.00,0.00,0.00,0.00,0.00,0,0.00,"",0.00,0.00,N,N,N,0.00,0.00,0.00,0,0.00,"",0.00,0.00,0.00,0.00,0.00,0,"",0.00,0.00,"","",0.00,0.00,0.00,0.00,0.00,0.00,0.00,0.00,0.00,0,"","",N,0.00
5,"15","S","01436106000103",0,10814,"20250826","MT","1","NF",55,1.00,149.00,0.00,0.00,0.00,0.00,0.00,"5405","500",N,1,1,1,0.00,0.00,0.00,0.00,0.00,0.00,0.00,0.00,0.00,0.00,0.00,"",0.00,0.00,0.00,0,0,0.00,0,0,"","",0.00,0.00,0.00,0.00,N,0.00,0.00,0.00,0,"FD","",0,"",149.00,1.000,"","",N,0.000,0.00,0.00,0.00,0.00,0.00,0.00,0.00,0.00,0.00,0.00,0.00,0.00,0.00,0.00,0.00,0.00,0.00,0.00,0.00,0.00,0.00,0.00,0.00,0.00,0.00,0.00,0.00,0.00,0.00,0,0.00,"",0.00,0.00,N,N,N,0.00,0.00,0.00,0,0.00,"",0.00,0.00,0.00,0.00,0.00,0,"",0.00,0.00,"","",0.00,0.00,0.00,0.00,0.00,0.00,0.00,0.00,0.00,0,"","",N,0.00
6,"16","S","01436106000103",0,10814,"20250826","MT","1","NF",55,1.00,213.00,0.00,0.00,0.00,0.00,0.00,"5405","500",N,1,1,1,0.00,0.00,0.00,0.00,0.00,0.00,0.00,0.00,0.00,0.00,0.00,"",0.00,0.00,0.00,0,0,0.00,0,0,"","",0.00,0.00,0.00,0.00,N,0.00,0.00,0.00,0,"FD","",0,"",213.00,1.000,"","",N,0.000,0.00,0.00,0.00,0.00,0.00,0.00,0.00,0.00,0.00,0.00,0.00,0.00,0.00,0.00,0.00,0.00,0.00,0.00,0.00,0.00,0.00,0.00,0.00,0.00,0.00,0.00,0.00,0.00,0.00,0,0.00,"",0.00,0.00,N,N,N,0.00,0.00,0.00,0,0.00,"",0.00,0.00,0.00,0.00,0.00,0,"",0.00,0.00,"","",0.00,0.00,0.00,0.00,0.00,0.00,0.00,0.00,0.00,0,"","",N,0.00
1,"1","S","17462835000166",0,10815,"20250826","MT","1","NF",55,1.00,72.00,0.00,0.00,0.00,0.00,0.00,"5405","500",N,1,1,1,0.00,0.00,0.00,0.00,0.00,0.00,0.00,0.00,0.00,0.00,0.00,"",0.00,0.00,0.00,0,0,0.00,0,0,"","",0.00,0.00,0.00,0.00,N,0.00,0.00,0.00,0,"FD","",0,"",72.00,1.000,"","",N,0.000,0.00,0.00,0.00,0.00,0.00,0.00,0.00,0.00,0.00,0.00,0.00,0.00,0.00,0.00,0.00,0.00,0.00,0.00,0.00,0.00,0.00,0.00,0.00,0.00,0.00,0.00,0.00,0.00,0.00,0,0.00,"",0.00,0.00,N,N,N,0.00,0.00,0.00,0,0.00,"",0.00,0.00,0.00,0.00,0.00,0,"",0.00,0.00,"","",0.00,0.00,0.00,0.00,0.00,0.00,0.00,0.00,0.00,0,"","",N,0.00
2,"2","S","17462835000166",0,10815,"20250826","MT","1","NF",55,1.00,95.00,0.00,0.00,0.00,0.00,0.00,"5405","500",N,1,1,1,0.00,0.00,0.00,0.00,0.00,0.00,0.00,0.00,0.00,0.00,0.00,"",0.00,0.00,0.00,0,0,0.00,0,0,"","",0.00,0.00,0.00,0.00,N,0.00,0.00,0.00,0,"FD","",0,"",95.00,1.000,"","",N,0.000,0.00,0.00,0.00,0.00,0.00,0.00,0.00,0.00,0.00,0.00,0.00,0.00,0.00,0.00,0.00,0.00,0.00,0.00,0.00,0.00,0.00,0.00,0.00,0.00,0.00,0.00,0.00,0.00,0.00,0,0.00,"",0.00,0.00,N,N,N,0.00,0.00,0.00,0,0.00,"",0.00,0.00,0.00,0.00,0.00,0,"",0.00,0.00,"","",0.00,0.00,0.00,0.00,0.00,0.00,0.00,0.00,0.00,0,"","",N,0.00
3,"3","S","17462835000166",0,10815,"20250826","MT","1","NF",55,2.00,243.00,0.00,0.00,0.00,0.00,0.00,"5405","500",N,1,1,1,0.00,0.00,0.00,0.00,0.00,0.00,0.00,0.00,0.00,0.00,0.00,"",0.00,0.00,0.00,0,0,0.00,0,0,"","",0.00,0.00,0.00,0.00,N,0.00,0.00,0.00,0,"FD","",0,"",121.50,2.000,"","",N,0.000,0.00,0.00,0.00,0.00,0.00,0.00,0.00,0.00,0.00,0.00,0.00,0.00,0.00,0.00,0.00,0.00,0.00,0.00,0.00,0.00,0.00,0.00,0.00,0.00,0.00,0.00,0.00,0.00,0.00,0,0.00,"",0.00,0.00,N,N,N,0.00,0.00,0.00,0,0.00,"",0.00,0.00,0.00,0.00,0.00,0,"",0.00,0.00,"","",0.00,0.00,0.00,0.00,0.00,0.00,0.00,0.00,0.00,0,"","",N,0.00
4,"4","S","17462835000166",0,10815,"20250826","MT","1","NF",55,1.00,135.00,0.00,0.00,0.00,0.00,0.00,"5405","500",N,1,1,1,0.00,0.00,0.00,0.00,0.00,0.00,0.00,0.00,0.00,0.00,0.00,"",0.00,0.00,0.00,0,0,0.00,0,0,"","",0.00,0.00,0.00,0.00,N,0.00,0.00,0.00,0,"FD","",0,"",135.00,1.000,"","",N,0.000,0.00,0.00,0.00,0.00,0.00,0.00,0.00,0.00,0.00,0.00,0.00,0.00,0.00,0.00,0.00,0.00,0.00,0.00,0.00,0.00,0.00,0.00,0.00,0.00,0.00,0.00,0.00,0.00,0.00,0,0.00,"",0.00,0.00,N,N,N,0.00,0.00,0.00,0,0.00,"",0.00,0.00,0.00,0.00,0.00,0,"",0.00,0.00,"","",0.00,0.00,0.00,0.00,0.00,0.00,0.00,0.00,0.00,0,"","",N,0.00
5,"7","S","17462835000166",0,10815,"20250826","MT","1","NF",55,1.00,159.00,0.00,0.00,0.00,0.00,0.00,"5405","500",N,1,1,1,0.00,0.00,0.00,0.00,0.00,0.00,0.00,0.00,0.00,0.00,0.00,"",0.00,0.00,0.00,0,0,0.00,0,0,"","",0.00,0.00,0.00,0.00,N,0.00,0.00,0.00,0,"FD","",0,"",159.00,1.000,"","",N,0.000,0.00,0.00,0.00,0.00,0.00,0.00,0.00,0.00,0.00,0.00,0.00,0.00,0.00,0.00,0.00,0.00,0.00,0.00,0.00,0.00,0.00,0.00,0.00,0.00,0.00,0.00,0.00,0.00,0.00,0,0.00,"",0.00,0.00,N,N,N,0.00,0.00,0.00,0,0.00,"",0.00,0.00,0.00,0.00,0.00,0,"",0.00,0.00,"","",0.00,0.00,0.00,0.00,0.00,0.00,0.00,0.00,0.00,0,"","",N,0.00
6,"8","S","17462835000166",0,10815,"20250826","MT","1","NF",55,1.00,159.00,0.00,0.00,0.00,0.00,0.00,"5405","500",N,1,1,1,0.00,0.00,0.00,0.00,0.00,0.00,0.00,0.00,0.00,0.00,0.00,"",0.00,0.00,0.00,0,0,0.00,0,0,"","",0.00,0.00,0.00,0.00,N,0.00,0.00,0.00,0,"FD","",0,"",159.00,1.000,"","",N,0.000,0.00,0.00,0.00,0.00,0.00,0.00,0.00,0.00,0.00,0.00,0.00,0.00,0.00,0.00,0.00,0.00,0.00,0.00,0.00,0.00,0.00,0.00,0.00,0.00,0.00,0.00,0.00,0.00,0.00,0,0.00,"",0.00,0.00,N,N,N,0.00,0.00,0.00,0,0.00,"",0.00,0.00,0.00,0.00,0.00,0,"",0.00,0.00,"","",0.00,0.00,0.00,0.00,0.00,0.00,0.00,0.00,0.00,0,"","",N,0.00
7,"9","S","17462835000166",0,10815,"20250826","MT","1","NF",55,1.00,169.00,0.00,0.00,0.00,0.00,0.00,"5101","101",N,1,1,1,0.00,0.00,0.00,0.00,0.00,0.00,0.00,0.00,0.00,0.00,0.00,"",0.00,0.00,0.00,0,0,0.00,0,0,"","",0.00,0.00,0.00,0.00,N,0.00,0.00,0.00,0,"FD","",0,"",169.00,1.000,"","",N,0.000,0.00,0.00,0.00,0.00,0.00,0.00,0.00,0.00,0.00,0.00,0.00,0.00,0.00,0.00,0.00,0.00,0.00,0.00,0.00,0.00,0.00,0.00,0.00,0.00,0.00,0.00,0.00,0.00,0.00,0,0.00,"",0.00,0.00,N,N,N,0.00,0.00,0.00,0,0.00,"",0.00,0.00,0.00,0.00,0.00,0,"",0.00,0.00,"","",0.00,0.00,0.00,0.00,0.00,0.00,0.00,0.00,0.00,0,"","",N,0.00
8,"10","S","17462835000166",0,10815,"20250826","MT","1","NF",55,1.00,185.00,0.00,0.00,0.00,0.00,0.00,"5101","101",N,1,1,1,0.00,0.00,0.00,0.00,0.00,0.00,0.00,0.00,0.00,0.00,0.00,"",0.00,0.00,0.00,0,0,0.00,0,0,"","",0.00,0.00,0.00,0.00,N,0.00,0.00,0.00,0,"FD","",0,"",185.00,1.000,"","",N,0.000,0.00,0.00,0.00,0.00,0.00,0.00,0.00,0.00,0.00,0.00,0.00,0.00,0.00,0.00,0.00,0.00,0.00,0.00,0.00,0.00,0.00,0.00,0.00,0.00,0.00,0.00,0.00,0.00,0.00,0,0.00,"",0.00,0.00,N,N,N,0.00,0.00,0.00,0,0.00,"",0.00,0.00,0.00,0.00,0.00,0,"",0.00,0.00,"","",0.00,0.00,0.00,0.00,0.00,0.00,0.00,0.00,0.00,0,"","",N,0.00
9,"15","S","17462835000166",0,10815,"20250826","MT","1","NF",55,1.00,149.00,0.00,0.00,0.00,0.00,0.00,"5405","500",N,1,1,1,0.00,0.00,0.00,0.00,0.00,0.00,0.00,0.00,0.00,0.00,0.00,"",0.00,0.00,0.00,0,0,0.00,0,0,"","",0.00,0.00,0.00,0.00,N,0.00,0.00,0.00,0,"FD","",0,"",149.00,1.000,"","",N,0.000,0.00,0.00,0.00,0.00,0.00,0.00,0.00,0.00,0.00,0.00,0.00,0.00,0.00,0.00,0.00,0.00,0.00,0.00,0.00,0.00,0.00,0.00,0.00,0.00,0.00,0.00,0.00,0.00,0.00,0,0.00,"",0.00,0.00,N,N,N,0.00,0.00,0.00,0,0.00,"",0.00,0.00,0.00,0.00,0.00,0,"",0.00,0.00,"","",0.00,0.00,0.00,0.00,0.00,0.00,0.00,0.00,0.00,0,"","",N,0.00
10,"16","S","17462835000166",0,10815,"20250826","MT","1","NF",55,1.00,213.00,0.00,0.00,0.00,0.00,0.00,"5405","500",N,1,1,1,0.00,0.00,0.00,0.00,0.00,0.00,0.00,0.00,0.00,0.00,0.00,"",0.00,0.00,0.00,0,0,0.00,0,0,"","",0.00,0.00,0.00,0.00,N,0.00,0.00,0.00,0,"FD","",0,"",213.00,1.000,"","",N,0.000,0.00,0.00,0.00,0.00,0.00,0.00,0.00,0.00,0.00,0.00,0.00,0.00,0.00,0.00,0.00,0.00,0.00,0.00,0.00,0.00,0.00,0.00,0.00,0.00,0.00,0.00,0.00,0.00,0.00,0,0.00,"",0.00,0.00,N,N,N,0.00,0.00,0.00,0,0.00,"",0.00,0.00,0.00,0.00,0.00,0,"",0.00,0.00,"","",0.00,0.00,0.00,0.00,0.00,0.00,0.00,0.00,0.00,0,"","",N,0.00
1,"3","S","13617688000286",0,10816,"20250826","MT","1","NF",55,2.00,243.00,0.00,0.00,0.00,0.00,0.00,"5405","500",N,1,1,1,0.00,0.00,0.00,0.00,0.00,0.00,0.00,0.00,0.00,0.00,0.00,"",0.00,0.00,0.00,0,0,0.00,0,0,"","",0.00,0.00,0.00,0.00,N,0.00,0.00,0.00,0,"FD","",0,"",121.50,2.000,"","",N,0.000,0.00,0.00,0.00,0.00,0.00,0.00,0.00,0.00,0.00,0.00,0.00,0.00,0.00,0.00,0.00,0.00,0.00,0.00,0.00,0.00,0.00,0.00,0.00,0.00,0.00,0.00,0.00,0.00,0.00,0,0.00,"",0.00,0.00,N,N,N,0.00,0.00,0.00,0,0.00,"",0.00,0.00,0.00,0.00,0.00,0,"",0.00,0.00,"","",0.00,0.00,0.00,0.00,0.00,0.00,0.00,0.00,0.00,0,"","",N,0.00
1,"8","S","13617688000286",0,10817,"20250826","MT","1","NF",55,1.00,159.00,0.00,0.00,0.00,0.00,0.00,"5405","500",N,1,1,1,0.00,0.00,0.00,0.00,0.00,0.00,0.00,0.00,0.00,0.00,0.00,"",0.00,0.00,0.00,0,0,0.00,0,0,"","",0.00,0.00,0.00,0.00,N,0.00,0.00,0.00,0,"FD","",0,"",159.00,1.000,"","",N,0.000,0.00,0.00,0.00,0.00,0.00,0.00,0.00,0.00,0.00,0.00,0.00,0.00,0.00,0.00,0.00,0.00,0.00,0.00,0.00,0.00,0.00,0.00,0.00,0.00,0.00,0.00,0.00,0.00,0.00,0,0.00,"",0.00,0.00,N,N,N,0.00,0.00,0.00,0,0.00,"",0.00,0.00,0.00,0.00,0.00,0,"",0.00,0.00,"","",0.00,0.00,0.00,0.00,0.00,0.00,0.00,0.00,0.00,0,"","",N,0.00
2,"20","S","13617688000286",0,10817,"20250826","MT","1","NF",55,1.00,99.00,0.00,0.00,0.00,0.00,0.00,"5405","500",N,1,1,1,0.00,0.00,0.00,0.00,0.00,0.00,0.00,0.00,0.00,0.00,0.00,"",0.00,0.00,0.00,0,0,0.00,0,0,"","",0.00,0.00,0.00,0.00,N,0.00,0.00,0.00,0,"FD","",0,"",99.00,1.000,"","",N,0.000,0.00,0.00,0.00,0.00,0.00,0.00,0.00,0.00,0.00,0.00,0.00,0.00,0.00,0.00,0.00,0.00,0.00,0.00,0.00,0.00,0.00,0.00,0.00,0.00,0.00,0.00,0.00,0.00,0.00,0,0.00,"",0.00,0.00,N,N,N,0.00,0.00,0.00,0,0.00,"",0.00,0.00,0.00,0.00,0.00,0,"",0.00,0.00,"","",0.00,0.00,0.00,0.00,0.00,0.00,0.00,0.00,0.00,0,"","",N,0.00
3,"21","S","13617688000286",0,10817,"20250826","MT","1","NF",55,1.00,120.00,0.00,0.00,0.00,0.00,0.00,"5405","500",N,1,1,1,0.00,0.00,0.00,0.00,0.00,0.00,0.00,0.00,0.00,0.00,0.00,"",0.00,0.00,0.00,0,0,0.00,0,0,"","",0.00,0.00,0.00,0.00,N,0.00,0.00,0.00,0,"FD","",0,"",120.00,1.000,"","",N,0.000,0.00,0.00,0.00,0.00,0.00,0.00,0.00,0.00,0.00,0.00,0.00,0.00,0.00,0.00,0.00,0.00,0.00,0.00,0.00,0.00,0.00,0.00,0.00,0.00,0.00,0.00,0.00,0.00,0.00,0,0.00,"",0.00,0.00,N,N,N,0.00,0.00,0.00,0,0.00,"",0.00,0.00,0.00,0.00,0.00,0,"",0.00,0.00,"","",0.00,0.00,0.00,0.00,0.00,0.00,0.00,0.00,0.00,0,"","",N,0.00
4,"22","S","13617688000286",0,10817,"20250826","MT","1","NF",55,1.00,120.00,0.00,0.00,0.00,0.00,0.00,"5405","500",N,1,1,1,0.00,0.00,0.00,0.00,0.00,0.00,0.00,0.00,0.00,0.00,0.00,"",0.00,0.00,0.00,0,0,0.00,0,0,"","",0.00,0.00,0.00,0.00,N,0.00,0.00,0.00,0,"FD","",0,"",120.00,1.000,"","",N,0.000,0.00,0.00,0.00,0.00,0.00,0.00,0.00,0.00,0.00,0.00,0.00,0.00,0.00,0.00,0.00,0.00,0.00,0.00,0.00,0.00,0.00,0.00,0.00,0.00,0.00,0.00,0.00,0.00,0.00,0,0.00,"",0.00,0.00,N,N,N,0.00,0.00,0.00,0,0.00,"",0.00,0.00,0.00,0.00,0.00,0,"",0.00,0.00,"","",0.00,0.00,0.00,0.00,0.00,0.00,0.00,0.00,0.00,0,"","",N,0.00
1,"3","S","37457634000188",0,10818,"20250827","MT","1","NF",55,2.00,243.00,0.00,0.00,0.00,0.00,0.00,"5405","500",N,1,1,1,0.00,0.00,0.00,0.00,0.00,0.00,0.00,0.00,0.00,0.00,0.00,"",0.00,0.00,0.00,0,0,0.00,0,0,"","",0.00,0.00,0.00,0.00,N,0.00,0.00,0.00,0,"FD","",0,"",121.50,2.000,"","",N,0.000,0.00,0.00,0.00,0.00,0.00,0.00,0.00,0.00,0.00,0.00,0.00,0.00,0.00,0.00,0.00,0.00,0.00,0.00,0.00,0.00,0.00,0.00,0.00,0.00,0.00,0.00,0.00,0.00,0.00,0,0.00,"",0.00,0.00,N,N,N,0.00,0.00,0.00,0,0.00,"",0.00,0.00,0.00,0.00,0.00,0,"",0.00,0.00,"","",0.00,0.00,0.00,0.00,0.00,0.00,0.00,0.00,0.00,0,"","",N,0.00
1,"3","S","37456910000193",0,10819,"20250827","MT","1","NF",55,10.00,555.00,0.00,0.00,0.00,0.00,0.00,"5405","500",N,1,1,1,0.00,0.00,0.00,0.00,0.00,0.00,0.00,0.00,0.00,0.00,0.00,"",0.00,0.00,0.00,0,0,0.00,0,0,"","",0.00,0.00,0.00,0.00,N,0.00,0.00,0.00,0,"FD","",0,"",55.50,10.000,"","",N,0.000,0.00,0.00,0.00,0.00,0.00,0.00,0.00,0.00,0.00,0.00,0.00,0.00,0.00,0.00,0.00,0.00,0.00,0.00,0.00,0.00,0.00,0.00,0.00,0.00,0.00,0.00,0.00,0.00,0.00,0,0.00,"",0.00,0.00,N,N,N,0.00,0.00,0.00,0,0.00,"",0.00,0.00,0.00,0.00,0.00,0,"",0.00,0.00,"","",0.00,0.00,0.00,0.00,0.00,0.00,0.00,0.00,0.00,0,"","",N,0.00
2,"4","S","37456910000193",0,10819,"20250827","MT","1","NF",55,20.00,1110.00,0.00,0.00,0.00,0.00,0.00,"5405","500",N,1,1,1,0.00,0.00,0.00,0.00,0.00,0.00,0.00,0.00,0.00,0.00,0.00,"",0.00,0.00,0.00,0,0,0.00,0,0,"","",0.00,0.00,0.00,0.00,N,0.00,0.00,0.00,0,"FD","",0,"",55.50,20.000,"","",N,0.000,0.00,0.00,0.00,0.00,0.00,0.00,0.00,0.00,0.00,0.00,0.00,0.00,0.00,0.00,0.00,0.00,0.00,0.00,0.00,0.00,0.00,0.00,0.00,0.00,0.00,0.00,0.00,0.00,0.00,0,0.00,"",0.00,0.00,N,N,N,0.00,0.00,0.00,0,0.00,"",0.00,0.00,0.00,0.00,0.00,0,"",0.00,0.00,"","",0.00,0.00,0.00,0.00,0.00,0.00,0.00,0.00,0.00,0,"","",N,0.00
3,"9","S","37456910000193",0,10819,"20250827","MT","1","NF",55,20.00,1290.00,0.00,0.00,0.00,0.00,0.00,"5101","101",N,1,1,1,0.00,0.00,0.00,0.00,0.00,0.00,0.00,0.00,0.00,0.00,0.00,"",0.00,0.00,0.00,0,0,0.00,0,0,"","",0.00,0.00,0.00,0.00,N,0.00,0.00,0.00,0,"FD","",0,"",64.50,20.000,"","",N,0.000,0.00,0.00,0.00,0.00,0.00,0.00,0.00,0.00,0.00,0.00,0.00,0.00,0.00,0.00,0.00,0.00,0.00,0.00,0.00,0.00,0.00,0.00,0.00,0.00,0.00,0.00,0.00,0.00,0.00,0,0.00,"",0.00,0.00,N,N,N,0.00,0.00,0.00,0,0.00,"",0.00,0.00,0.00,0.00,0.00,0,"",0.00,0.00,"","",0.00,0.00,0.00,0.00,0.00,0.00,0.00,0.00,0.00,0,"","",N,0.00
4,"10","S","37456910000193",0,10819,"20250827","MT","1","NF",55,25.00,1937.50,0.00,0.00,0.00,0.00,0.00,"5101","101",N,1,1,1,0.00,0.00,0.00,0.00,0.00,0.00,0.00,0.00,0.00,0.00,0.00,"",0.00,0.00,0.00,0,0,0.00,0,0,"","",0.00,0.00,0.00,0.00,N,0.00,0.00,0.00,0,"FD","",0,"",77.50,25.000,"","",N,0.000,0.00,0.00,0.00,0.00,0.00,0.00,0.00,0.00,0.00,0.00,0.00,0.00,0.00,0.00,0.00,0.00,0.00,0.00,0.00,0.00,0.00,0.00,0.00,0.00,0.00,0.00,0.00,0.00,0.00,0,0.00,"",0.00,0.00,N,N,N,0.00,0.00,0.00,0,0.00,"",0.00,0.00,0.00,0.00,0.00,0,"",0.00,0.00,"","",0.00,0.00,0.00,0.00,0.00,0.00,0.00,0.00,0.00,0,"","",N,0.00
5,"21","S","37456910000193",0,10819,"20250827","MT","1","NF",55,10.00,555.00,0.00,0.00,0.00,0.00,0.00,"5405","500",N,1,1,1,0.00,0.00,0.00,0.00,0.00,0.00,0.00,0.00,0.00,0.00,0.00,"",0.00,0.00,0.00,0,0,0.00,0,0,"","",0.00,0.00,0.00,0.00,N,0.00,0.00,0.00,0,"FD","",0,"",55.50,10.000,"","",N,0.000,0.00,0.00,0.00,0.00,0.00,0.00,0.00,0.00,0.00,0.00,0.00,0.00,0.00,0.00,0.00,0.00,0.00,0.00,0.00,0.00,0.00,0.00,0.00,0.00,0.00,0.00,0.00,0.00,0.00,0,0.00,"",0.00,0.00,N,N,N,0.00,0.00,0.00,0,0.00,"",0.00,0.00,0.00,0.00,0.00,0,"",0.00,0.00,"","",0.00,0.00,0.00,0.00,0.00,0.00,0.00,0.00,0.00,0,"","",N,0.00
6,"22","S","37456910000193",0,10819,"20250827","MT","1","NF",55,15.00,832.50,0.00,0.00,0.00,0.00,0.00,"5405","500",N,1,1,1,0.00,0.00,0.00,0.00,0.00,0.00,0.00,0.00,0.00,0.00,0.00,"",0.00,0.00,0.00,0,0,0.00,0,0,"","",0.00,0.00,0.00,0.00,N,0.00,0.00,0.00,0,"FD","",0,"",55.50,15.000,"","",N,0.000,0.00,0.00,0.00,0.00,0.00,0.00,0.00,0.00,0.00,0.00,0.00,0.00,0.00,0.00,0.00,0.00,0.00,0.00,0.00,0.00,0.00,0.00,0.00,0.00,0.00,0.00,0.00,0.00,0.00,0,0.00,"",0.00,0.00,N,N,N,0.00,0.00,0.00,0,0.00,"",0.00,0.00,0.00,0.00,0.00,0,"",0.00,0.00,"","",0.00,0.00,0.00,0.00,0.00,0.00,0.00,0.00,0.00,0,"","",N,0.00
1,"3","S","02807661000400",0,10821,"20250827","MT","1","NF",55,2.00,243.00,0.00,0.00,0.00,0.00,0.00,"5405","500",N,1,1,1,0.00,0.00,0.00,0.00,0.00,0.00,0.00,0.00,0.00,0.00,0.00,"",0.00,0.00,0.00,0,0,0.00,0,0,"","",0.00,0.00,0.00,0.00,N,0.00,0.00,0.00,0,"FD","",0,"",121.50,2.000,"","",N,0.000,0.00,0.00,0.00,0.00,0.00,0.00,0.00,0.00,0.00,0.00,0.00,0.00,0.00,0.00,0.00,0.00,0.00,0.00,0.00,0.00,0.00,0.00,0.00,0.00,0.00,0.00,0.00,0.00,0.00,0,0.00,"",0.00,0.00,N,N,N,0.00,0.00,0.00,0,0.00,"",0.00,0.00,0.00,0.00,0.00,0,"",0.00,0.00,"","",0.00,0.00,0.00,0.00,0.00,0.00,0.00,0.00,0.00,0,"","",N,0.00
1,"3","S","02807661000582",0,10820,"20250827","MT","1","NF",55,2.00,243.00,0.00,0.00,0.00,0.00,0.00,"5405","500",N,1,1,1,0.00,0.00,0.00,0.00,0.00,0.00,0.00,0.00,0.00,0.00,0.00,"",0.00,0.00,0.00,0,0,0.00,0,0,"","",0.00,0.00,0.00,0.00,N,0.00,0.00,0.00,0,"FD","",0,"",121.50,2.000,"","",N,0.000,0.00,0.00,0.00,0.00,0.00,0.00,0.00,0.00,0.00,0.00,0.00,0.00,0.00,0.00,0.00,0.00,0.00,0.00,0.00,0.00,0.00,0.00,0.00,0.00,0.00,0.00,0.00,0.00,0.00,0,0.00,"",0.00,0.00,N,N,N,0.00,0.00,0.00,0,0.00,"",0.00,0.00,0.00,0.00,0.00,0,"",0.00,0.00,"","",0.00,0.00,0.00,0.00,0.00,0.00,0.00,0.00,0.00,0,"","",N,0.00
1,"3","S","02807661000230",0,10822,"20250827","MT","1","NF",55,2.00,243.00,0.00,0.00,0.00,0.00,0.00,"5405","500",N,1,1,1,0.00,0.00,0.00,0.00,0.00,0.00,0.00,0.00,0.00,0.00,0.00,"",0.00,0.00,0.00,0,0,0.00,0,0,"","",0.00,0.00,0.00,0.00,N,0.00,0.00,0.00,0,"FD","",0,"",121.50,2.000,"","",N,0.000,0.00,0.00,0.00,0.00,0.00,0.00,0.00,0.00,0.00,0.00,0.00,0.00,0.00,0.00,0.00,0.00,0.00,0.00,0.00,0.00,0.00,0.00,0.00,0.00,0.00,0.00,0.00,0.00,0.00,0,0.00,"",0.00,0.00,N,N,N,0.00,0.00,0.00,0,0.00,"",0.00,0.00,0.00,0.00,0.00,0,"",0.00,0.00,"","",0.00,0.00,0.00,0.00,0.00,0.00,0.00,0.00,0.00,0,"","",N,0.00
1,"3","S","02807661000310",0,10823,"20250827","MT","1","NF",55,2.00,243.00,0.00,0.00,0.00,0.00,0.00,"5405","500",N,1,1,1,0.00,0.00,0.00,0.00,0.00,0.00,0.00,0.00,0.00,0.00,0.00,"",0.00,0.00,0.00,0,0,0.00,0,0,"","",0.00,0.00,0.00,0.00,N,0.00,0.00,0.00,0,"FD","",0,"",121.50,2.000,"","",N,0.000,0.00,0.00,0.00,0.00,0.00,0.00,0.00,0.00,0.00,0.00,0.00,0.00,0.00,0.00,0.00,0.00,0.00,0.00,0.00,0.00,0.00,0.00,0.00,0.00,0.00,0.00,0.00,0.00,0.00,0,0.00,"",0.00,0.00,N,N,N,0.00,0.00,0.00,0,0.00,"",0.00,0.00,0.00,0.00,0.00,0,"",0.00,0.00,"","",0.00,0.00,0.00,0.00,0.00,0.00,0.00,0.00,0.00,0,"","",N,0.00
1,"29","S","32813512000163",0,10824,"20250827","MT","1","NF",55,1000.00,770.00,0.00,0.00,0.00,0.00,0.00,"5401","500",N,1,1,1,0.00,0.00,0.00,0.00,0.00,0.00,0.00,0.00,0.00,0.00,0.00,"",0.00,0.00,0.00,0,0,0.00,0,0,"","",0.00,0.00,0.00,0.00,N,0.00,0.00,0.00,0,"UNI","",0,"",0.77,1000.000,"","",N,0.000,0.00,0.00,0.00,0.00,0.00,0.00,0.00,0.00,0.00,0.00,0.00,0.00,0.00,0.00,0.00,0.00,0.00,0.00,0.00,0.00,0.00,0.00,0.00,0.00,0.00,0.00,0.00,0.00,0.00,0,0.00,"",0.00,0.00,N,N,N,0.00,0.00,0.00,0,0.00,"",0.00,0.00,0.00,0.00,0.00,0,"",0.00,0.00,"","",0.00,0.00,0.00,0.00,0.00,0.00,0.00,0.00,0.00,0,"","",N,0.00
1,"3","S","13617688000103",0,10825,"20250827","MT","1","NF",55,2.00,243.00,0.00,0.00,0.00,0.00,0.00,"5405","500",N,1,1,1,0.00,0.00,0.00,0.00,0.00,0.00,0.00,0.00,0.00,0.00,0.00,"",0.00,0.00,0.00,0,0,0.00,0,0,"","",0.00,0.00,0.00,0.00,N,0.00,0.00,0.00,0,"FD","",0,"",121.50,2.000,"","",N,0.000,0.00,0.00,0.00,0.00,0.00,0.00,0.00,0.00,0.00,0.00,0.00,0.00,0.00,0.00,0.00,0.00,0.00,0.00,0.00,0.00,0.00,0.00,0.00,0.00,0.00,0.00,0.00,0.00,0.00,0,0.00,"",0.00,0.00,N,N,N,0.00,0.00,0.00,0,0.00,"",0.00,0.00,0.00,0.00,0.00,0,"",0.00,0.00,"","",0.00,0.00,0.00,0.00,0.00,0.00,0.00,0.00,0.00,0,"","",N,0.00
2,"8","S","13617688000103",0,10825,"20250827","MT","1","NF",55,1.00,159.00,0.00,0.00,0.00,0.00,0.00,"5405","500",N,1,1,1,0.00,0.00,0.00,0.00,0.00,0.00,0.00,0.00,0.00,0.00,0.00,"",0.00,0.00,0.00,0,0,0.00,0,0,"","",0.00,0.00,0.00,0.00,N,0.00,0.00,0.00,0,"FD","",0,"",159.00,1.000,"","",N,0.000,0.00,0.00,0.00,0.00,0.00,0.00,0.00,0.00,0.00,0.00,0.00,0.00,0.00,0.00,0.00,0.00,0.00,0.00,0.00,0.00,0.00,0.00,0.00,0.00,0.00,0.00,0.00,0.00,0.00,0,0.00,"",0.00,0.00,N,N,N,0.00,0.00,0.00,0,0.00,"",0.00,0.00,0.00,0.00,0.00,0,"",0.00,0.00,"","",0.00,0.00,0.00,0.00,0.00,0.00,0.00,0.00,0.00,0,"","",N,0.00
3,"38","S","13617688000103",0,10825,"20250827","MT","1","NF",55,1.00,120.00,0.00,0.00,0.00,0.00,0.00,"5405","500",N,1,1,1,0.00,0.00,0.00,0.00,0.00,0.00,0.00,0.00,0.00,0.00,0.00,"",0.00,0.00,0.00,0,0,0.00,0,0,"","",0.00,0.00,0.00,0.00,N,0.00,0.00,0.00,0,"FD","",0,"",120.00,1.000,"","",N,0.000,0.00,0.00,0.00,0.00,0.00,0.00,0.00,0.00,0.00,0.00,0.00,0.00,0.00,0.00,0.00,0.00,0.00,0.00,0.00,0.00,0.00,0.00,0.00,0.00,0.00,0.00,0.00,0.00,0.00,0,0.00,"",0.00,0.00,N,N,N,0.00,0.00,0.00,0,0.00,"",0.00,0.00,0.00,0.00,0.00,0,"",0.00,0.00,"","",0.00,0.00,0.00,0.00,0.00,0.00,0.00,0.00,0.00,0,"","",N,0.00
4,"39","S","13617688000103",0,10825,"20250827","MT","1","NF",55,1.00,120.00,0.00,0.00,0.00,0.00,0.00,"5405","500",N,1,1,1,0.00,0.00,0.00,0.00,0.00,0.00,0.00,0.00,0.00,0.00,0.00,"",0.00,0.00,0.00,0,0,0.00,0,0,"","",0.00,0.00,0.00,0.00,N,0.00,0.00,0.00,0,"FD","",0,"",120.00,1.000,"","",N,0.000,0.00,0.00,0.00,0.00,0.00,0.00,0.00,0.00,0.00,0.00,0.00,0.00,0.00,0.00,0.00,0.00,0.00,0.00,0.00,0.00,0.00,0.00,0.00,0.00,0.00,0.00,0.00,0.00,0.00,0,0.00,"",0.00,0.00,N,N,N,0.00,0.00,0.00,0,0.00,"",0.00,0.00,0.00,0.00,0.00,0,"",0.00,0.00,"","",0.00,0.00,0.00,0.00,0.00,0.00,0.00,0.00,0.00,0,"","",N,0.00
1,"83","S","26575233000106",0,10826,"20250827","MT","1","NF",55,1000.00,1330.00,0.00,0.00,0.00,0.00,0.00,"5401","500",N,1,1,1,0.00,0.00,0.00,0.00,0.00,0.00,0.00,0.00,0.00,0.00,0.00,"",0.00,0.00,0.00,0,0,0.00,0,0,"","",0.00,0.00,0.00,0.00,N,0.00,0.00,0.00,0,"UNI","",0,"",1.33,1000.000,"","",N,0.000,0.00,0.00,0.00,0.00,0.00,0.00,0.00,0.00,0.00,0.00,0.00,0.00,0.00,0.00,0.00,0.00,0.00,0.00,0.00,0.00,0.00,0.00,0.00,0.00,0.00,0.00,0.00,0.00,0.00,0,0.00,"",0.00,0.00,N,N,N,0.00,0.00,0.00,0,0.00,"",0.00,0.00,0.00,0.00,0.00,0,"",0.00,0.00,"","",0.00,0.00,0.00,0.00,0.00,0.00,0.00,0.00,0.00,0,"","",N,0.00
1,"2","S","26575233000106",0,10827,"20250827","MT","1","NF",55,1.00,95.00,0.00,0.00,0.00,0.00,0.00,"5405","500",N,1,1,1,0.00,0.00,0.00,0.00,0.00,0.00,0.00,0.00,0.00,0.00,0.00,"",0.00,0.00,0.00,0,0,0.00,0,0,"","",0.00,0.00,0.00,0.00,N,0.00,0.00,0.00,0,"FD","",0,"",95.00,1.000,"","",N,0.000,0.00,0.00,0.00,0.00,0.00,0.00,0.00,0.00,0.00,0.00,0.00,0.00,0.00,0.00,0.00,0.00,0.00,0.00,0.00,0.00,0.00,0.00,0.00,0.00,0.00,0.00,0.00,0.00,0.00,0,0.00,"",0.00,0.00,N,N,N,0.00,0.00,0.00,0,0.00,"",0.00,0.00,0.00,0.00,0.00,0,"",0.00,0.00,"","",0.00,0.00,0.00,0.00,0.00,0.00,0.00,0.00,0.00,0,"","",N,0.00
2,"3","S","26575233000106",0,10827,"20250827","MT","1","NF",55,3.00,405.00,0.00,0.00,0.00,0.00,0.00,"5405","500",N,1,1,1,0.00,0.00,0.00,0.00,0.00,0.00,0.00,0.00,0.00,0.00,0.00,"",0.00,0.00,0.00,0,0,0.00,0,0,"","",0.00,0.00,0.00,0.00,N,0.00,0.00,0.00,0,"FD","",0,"",135.00,3.000,"","",N,0.000,0.00,0.00,0.00,0.00,0.00,0.00,0.00,0.00,0.00,0.00,0.00,0.00,0.00,0.00,0.00,0.00,0.00,0.00,0.00,0.00,0.00,0.00,0.00,0.00,0.00,0.00,0.00,0.00,0.00,0,0.00,"",0.00,0.00,N,N,N,0.00,0.00,0.00,0,0.00,"",0.00,0.00,0.00,0.00,0.00,0,"",0.00,0.00,"","",0.00,0.00,0.00,0.00,0.00,0.00,0.00,0.00,0.00,0,"","",N,0.00
3,"4","S","26575233000106",0,10827,"20250827","MT","1","NF",55,2.00,270.00,0.00,0.00,0.00,0.00,0.00,"5405","500",N,1,1,1,0.00,0.00,0.00,0.00,0.00,0.00,0.00,0.00,0.00,0.00,0.00,"",0.00,0.00,0.00,0,0,0.00,0,0,"","",0.00,0.00,0.00,0.00,N,0.00,0.00,0.00,0,"FD","",0,"",135.00,2.000,"","",N,0.000,0.00,0.00,0.00,0.00,0.00,0.00,0.00,0.00,0.00,0.00,0.00,0.00,0.00,0.00,0.00,0.00,0.00,0.00,0.00,0.00,0.00,0.00,0.00,0.00,0.00,0.00,0.00,0.00,0.00,0,0.00,"",0.00,0.00,N,N,N,0.00,0.00,0.00,0,0.00,"",0.00,0.00,0.00,0.00,0.00,0,"",0.00,0.00,"","",0.00,0.00,0.00,0.00,0.00,0.00,0.00,0.00,0.00,0,"","",N,0.00
4,"7","S","26575233000106",0,10827,"20250827","MT","1","NF",55,2.00,318.00,0.00,0.00,0.00,0.00,0.00,"5405","500",N,1,1,1,0.00,0.00,0.00,0.00,0.00,0.00,0.00,0.00,0.00,0.00,0.00,"",0.00,0.00,0.00,0,0,0.00,0,0,"","",0.00,0.00,0.00,0.00,N,0.00,0.00,0.00,0,"FD","",0,"",159.00,2.000,"","",N,0.000,0.00,0.00,0.00,0.00,0.00,0.00,0.00,0.00,0.00,0.00,0.00,0.00,0.00,0.00,0.00,0.00,0.00,0.00,0.00,0.00,0.00,0.00,0.00,0.00,0.00,0.00,0.00,0.00,0.00,0,0.00,"",0.00,0.00,N,N,N,0.00,0.00,0.00,0,0.00,"",0.00,0.00,0.00,0.00,0.00,0,"",0.00,0.00,"","",0.00,0.00,0.00,0.00,0.00,0.00,0.00,0.00,0.00,0,"","",N,0.00
5,"8","S","26575233000106",0,10827,"20250827","MT","1","NF",55,2.00,318.00,0.00,0.00,0.00,0.00,0.00,"5405","500",N,1,1,1,0.00,0.00,0.00,0.00,0.00,0.00,0.00,0.00,0.00,0.00,0.00,"",0.00,0.00,0.00,0,0,0.00,0,0,"","",0.00,0.00,0.00,0.00,N,0.00,0.00,0.00,0,"FD","",0,"",159.00,2.000,"","",N,0.000,0.00,0.00,0.00,0.00,0.00,0.00,0.00,0.00,0.00,0.00,0.00,0.00,0.00,0.00,0.00,0.00,0.00,0.00,0.00,0.00,0.00,0.00,0.00,0.00,0.00,0.00,0.00,0.00,0.00,0,0.00,"",0.00,0.00,N,N,N,0.00,0.00,0.00,0,0.00,"",0.00,0.00,0.00,0.00,0.00,0,"",0.00,0.00,"","",0.00,0.00,0.00,0.00,0.00,0.00,0.00,0.00,0.00,0,"","",N,0.00
6,"9","S","26575233000106",0,10827,"20250827","MT","1","NF",55,2.00,338.00,0.00,0.00,0.00,0.00,0.00,"5101","101",N,1,1,1,0.00,0.00,0.00,0.00,0.00,0.00,0.00,0.00,0.00,0.00,0.00,"",0.00,0.00,0.00,0,0,0.00,0,0,"","",0.00,0.00,0.00,0.00,N,0.00,0.00,0.00,0,"FD","",0,"",169.00,2.000,"","",N,0.000,0.00,0.00,0.00,0.00,0.00,0.00,0.00,0.00,0.00,0.00,0.00,0.00,0.00,0.00,0.00,0.00,0.00,0.00,0.00,0.00,0.00,0.00,0.00,0.00,0.00,0.00,0.00,0.00,0.00,0,0.00,"",0.00,0.00,N,N,N,0.00,0.00,0.00,0,0.00,"",0.00,0.00,0.00,0.00,0.00,0,"",0.00,0.00,"","",0.00,0.00,0.00,0.00,0.00,0.00,0.00,0.00,0.00,0,"","",N,0.00
7,"10","S","26575233000106",0,10827,"20250827","MT","1","NF",55,2.00,370.00,0.00,0.00,0.00,0.00,0.00,"5101","101",N,1,1,1,0.00,0.00,0.00,0.00,0.00,0.00,0.00,0.00,0.00,0.00,0.00,"",0.00,0.00,0.00,0,0,0.00,0,0,"","",0.00,0.00,0.00,0.00,N,0.00,0.00,0.00,0,"FD","",0,"",185.00,2.000,"","",N,0.000,0.00,0.00,0.00,0.00,0.00,0.00,0.00,0.00,0.00,0.00,0.00,0.00,0.00,0.00,0.00,0.00,0.00,0.00,0.00,0.00,0.00,0.00,0.00,0.00,0.00,0.00,0.00,0.00,0.00,0,0.00,"",0.00,0.00,N,N,N,0.00,0.00,0.00,0,0.00,"",0.00,0.00,0.00,0.00,0.00,0,"",0.00,0.00,"","",0.00,0.00,0.00,0.00,0.00,0.00,0.00,0.00,0.00,0,"","",N,0.00
8,"15","S","26575233000106",0,10827,"20250827","MT","1","NF",55,2.00,298.00,0.00,0.00,0.00,0.00,0.00,"5405","500",N,1,1,1,0.00,0.00,0.00,0.00,0.00,0.00,0.00,0.00,0.00,0.00,0.00,"",0.00,0.00,0.00,0,0,0.00,0,0,"","",0.00,0.00,0.00,0.00,N,0.00,0.00,0.00,0,"FD","",0,"",149.00,2.000,"","",N,0.000,0.00,0.00,0.00,0.00,0.00,0.00,0.00,0.00,0.00,0.00,0.00,0.00,0.00,0.00,0.00,0.00,0.00,0.00,0.00,0.00,0.00,0.00,0.00,0.00,0.00,0.00,0.00,0.00,0.00,0,0.00,"",0.00,0.00,N,N,N,0.00,0.00,0.00,0,0.00,"",0.00,0.00,0.00,0.00,0.00,0,"",0.00,0.00,"","",0.00,0.00,0.00,0.00,0.00,0.00,0.00,0.00,0.00,0,"","",N,0.00
9,"16","S","26575233000106",0,10827,"20250827","MT","1","NF",55,2.00,426.00,0.00,0.00,0.00,0.00,0.00,"5405","500",N,1,1,1,0.00,0.00,0.00,0.00,0.00,0.00,0.00,0.00,0.00,0.00,0.00,"",0.00,0.00,0.00,0,0,0.00,0,0,"","",0.00,0.00,0.00,0.00,N,0.00,0.00,0.00,0,"FD","",0,"",213.00,2.000,"","",N,0.000,0.00,0.00,0.00,0.00,0.00,0.00,0.00,0.00,0.00,0.00,0.00,0.00,0.00,0.00,0.00,0.00,0.00,0.00,0.00,0.00,0.00,0.00,0.00,0.00,0.00,0.00,0.00,0.00,0.00,0,0.00,"",0.00,0.00,N,N,N,0.00,0.00,0.00,0,0.00,"",0.00,0.00,0.00,0.00,0.00,0,"",0.00,0.00,"","",0.00,0.00,0.00,0.00,0.00,0.00,0.00,0.00,0.00,0,"","",N,0.00
10,"36","S","26575233000106",0,10827,"20250827","MT","1","NF",55,1.00,90.00,0.00,0.00,0.00,0.00,0.00,"5405","500",N,1,1,1,0.00,0.00,0.00,0.00,0.00,0.00,0.00,0.00,0.00,0.00,0.00,"",0.00,0.00,0.00,0,0,0.00,0,0,"","",0.00,0.00,0.00,0.00,N,0.00,0.00,0.00,0,"FD","",0,"",90.00,1.000,"","",N,0.000,0.00,0.00,0.00,0.00,0.00,0.00,0.00,0.00,0.00,0.00,0.00,0.00,0.00,0.00,0.00,0.00,0.00,0.00,0.00,0.00,0.00,0.00,0.00,0.00,0.00,0.00,0.00,0.00,0.00,0,0.00,"",0.00,0.00,N,N,N,0.00,0.00,0.00,0,0.00,"",0.00,0.00,0.00,0.00,0.00,0,"",0.00,0.00,"","",0.00,0.00,0.00,0.00,0.00,0.00,0.00,0.00,0.00,0,"","",N,0.00
11,"38","S","26575233000106",0,10827,"20250827","MT","1","NF",55,2.00,240.00,0.00,0.00,0.00,0.00,0.00,"5405","500",N,1,1,1,0.00,0.00,0.00,0.00,0.00,0.00,0.00,0.00,0.00,0.00,0.00,"",0.00,0.00,0.00,0,0,0.00,0,0,"","",0.00,0.00,0.00,0.00,N,0.00,0.00,0.00,0,"FD","",0,"",120.00,2.000,"","",N,0.000,0.00,0.00,0.00,0.00,0.00,0.00,0.00,0.00,0.00,0.00,0.00,0.00,0.00,0.00,0.00,0.00,0.00,0.00,0.00,0.00,0.00,0.00,0.00,0.00,0.00,0.00,0.00,0.00,0.00,0,0.00,"",0.00,0.00,N,N,N,0.00,0.00,0.00,0,0.00,"",0.00,0.00,0.00,0.00,0.00,0,"",0.00,0.00,"","",0.00,0.00,0.00,0.00,0.00,0.00,0.00,0.00,0.00,0,"","",N,0.00
12,"39","S","26575233000106",0,10827,"20250827","MT","1","NF",55,2.00,240.00,0.00,0.00,0.00,0.00,0.00,"5405","500",N,1,1,1,0.00,0.00,0.00,0.00,0.00,0.00,0.00,0.00,0.00,0.00,0.00,"",0.00,0.00,0.00,0,0,0.00,0,0,"","",0.00,0.00,0.00,0.00,N,0.00,0.00,0.00,0,"FD","",0,"",120.00,2.000,"","",N,0.000,0.00,0.00,0.00,0.00,0.00,0.00,0.00,0.00,0.00,0.00,0.00,0.00,0.00,0.00,0.00,0.00,0.00,0.00,0.00,0.00,0.00,0.00,0.00,0.00,0.00,0.00,0.00,0.00,0.00,0,0.00,"",0.00,0.00,N,N,N,0.00,0.00,0.00,0,0.00,"",0.00,0.00,0.00,0.00,0.00,0,"",0.00,0.00,"","",0.00,0.00,0.00,0.00,0.00,0.00,0.00,0.00,0.00,0,"","",N,0.00
1,"2","S","00968779000133",0,10830,"20250827","MT","1","NF",55,1.00,95.00,0.00,0.00,0.00,0.00,0.00,"5405","500",N,1,1,1,0.00,0.00,0.00,0.00,0.00,0.00,0.00,0.00,0.00,0.00,0.00,"",0.00,0.00,0.00,0,0,0.00,0,0,"","",0.00,0.00,0.00,0.00,N,0.00,0.00,0.00,0,"FD","",0,"",95.00,1.000,"","",N,0.000,0.00,0.00,0.00,0.00,0.00,0.00,0.00,0.00,0.00,0.00,0.00,0.00,0.00,0.00,0.00,0.00,0.00,0.00,0.00,0.00,0.00,0.00,0.00,0.00,0.00,0.00,0.00,0.00,0.00,0,0.00,"",0.00,0.00,N,N,N,0.00,0.00,0.00,0,0.00,"",0.00,0.00,0.00,0.00,0.00,0,"",0.00,0.00,"","",0.00,0.00,0.00,0.00,0.00,0.00,0.00,0.00,0.00,0,"","",N,0.00
2,"3","S","00968779000133",0,10830,"20250827","MT","1","NF",55,1.00,135.00,0.00,0.00,0.00,0.00,0.00,"5405","500",N,1,1,1,0.00,0.00,0.00,0.00,0.00,0.00,0.00,0.00,0.00,0.00,0.00,"",0.00,0.00,0.00,0,0,0.00,0,0,"","",0.00,0.00,0.00,0.00,N,0.00,0.00,0.00,0,"FD","",0,"",135.00,1.000,"","",N,0.000,0.00,0.00,0.00,0.00,0.00,0.00,0.00,0.00,0.00,0.00,0.00,0.00,0.00,0.00,0.00,0.00,0.00,0.00,0.00,0.00,0.00,0.00,0.00,0.00,0.00,0.00,0.00,0.00,0.00,0,0.00,"",0.00,0.00,N,N,N,0.00,0.00,0.00,0,0.00,"",0.00,0.00,0.00,0.00,0.00,0,"",0.00,0.00,"","",0.00,0.00,0.00,0.00,0.00,0.00,0.00,0.00,0.00,0,"","",N,0.00
3,"4","S","00968779000133",0,10830,"20250827","MT","1","NF",55,1.00,135.00,0.00,0.00,0.00,0.00,0.00,"5405","500",N,1,1,1,0.00,0.00,0.00,0.00,0.00,0.00,0.00,0.00,0.00,0.00,0.00,"",0.00,0.00,0.00,0,0,0.00,0,0,"","",0.00,0.00,0.00,0.00,N,0.00,0.00,0.00,0,"FD","",0,"",135.00,1.000,"","",N,0.000,0.00,0.00,0.00,0.00,0.00,0.00,0.00,0.00,0.00,0.00,0.00,0.00,0.00,0.00,0.00,0.00,0.00,0.00,0.00,0.00,0.00,0.00,0.00,0.00,0.00,0.00,0.00,0.00,0.00,0,0.00,"",0.00,0.00,N,N,N,0.00,0.00,0.00,0,0.00,"",0.00,0.00,0.00,0.00,0.00,0,"",0.00,0.00,"","",0.00,0.00,0.00,0.00,0.00,0.00,0.00,0.00,0.00,0,"","",N,0.00
4,"7","S","00968779000133",0,10830,"20250827","MT","1","NF",55,1.00,159.00,0.00,0.00,0.00,0.00,0.00,"5405","500",N,1,1,1,0.00,0.00,0.00,0.00,0.00,0.00,0.00,0.00,0.00,0.00,0.00,"",0.00,0.00,0.00,0,0,0.00,0,0,"","",0.00,0.00,0.00,0.00,N,0.00,0.00,0.00,0,"FD","",0,"",159.00,1.000,"","",N,0.000,0.00,0.00,0.00,0.00,0.00,0.00,0.00,0.00,0.00,0.00,0.00,0.00,0.00,0.00,0.00,0.00,0.00,0.00,0.00,0.00,0.00,0.00,0.00,0.00,0.00,0.00,0.00,0.00,0.00,0,0.00,"",0.00,0.00,N,N,N,0.00,0.00,0.00,0,0.00,"",0.00,0.00,0.00,0.00,0.00,0,"",0.00,0.00,"","",0.00,0.00,0.00,0.00,0.00,0.00,0.00,0.00,0.00,0,"","",N,0.00
5,"8","S","00968779000133",0,10830,"20250827","MT","1","NF",55,1.00,159.00,0.00,0.00,0.00,0.00,0.00,"5405","500",N,1,1,1,0.00,0.00,0.00,0.00,0.00,0.00,0.00,0.00,0.00,0.00,0.00,"",0.00,0.00,0.00,0,0,0.00,0,0,"","",0.00,0.00,0.00,0.00,N,0.00,0.00,0.00,0,"FD","",0,"",159.00,1.000,"","",N,0.000,0.00,0.00,0.00,0.00,0.00,0.00,0.00,0.00,0.00,0.00,0.00,0.00,0.00,0.00,0.00,0.00,0.00,0.00,0.00,0.00,0.00,0.00,0.00,0.00,0.00,0.00,0.00,0.00,0.00,0,0.00,"",0.00,0.00,N,N,N,0.00,0.00,0.00,0,0.00,"",0.00,0.00,0.00,0.00,0.00,0,"",0.00,0.00,"","",0.00,0.00,0.00,0.00,0.00,0.00,0.00,0.00,0.00,0,"","",N,0.00
6,"9","S","00968779000133",0,10830,"20250827","MT","1","NF",55,1.00,169.00,0.00,0.00,0.00,0.00,0.00,"5101","101",N,1,1,1,0.00,0.00,0.00,0.00,0.00,0.00,0.00,0.00,0.00,0.00,0.00,"",0.00,0.00,0.00,0,0,0.00,0,0,"","",0.00,0.00,0.00,0.00,N,0.00,0.00,0.00,0,"FD","",0,"",169.00,1.000,"","",N,0.000,0.00,0.00,0.00,0.00,0.00,0.00,0.00,0.00,0.00,0.00,0.00,0.00,0.00,0.00,0.00,0.00,0.00,0.00,0.00,0.00,0.00,0.00,0.00,0.00,0.00,0.00,0.00,0.00,0.00,0,0.00,"",0.00,0.00,N,N,N,0.00,0.00,0.00,0,0.00,"",0.00,0.00,0.00,0.00,0.00,0,"",0.00,0.00,"","",0.00,0.00,0.00,0.00,0.00,0.00,0.00,0.00,0.00,0,"","",N,0.00
7,"10","S","00968779000133",0,10830,"20250827","MT","1","NF",55,1.00,185.00,0.00,0.00,0.00,0.00,0.00,"5101","101",N,1,1,1,0.00,0.00,0.00,0.00,0.00,0.00,0.00,0.00,0.00,0.00,0.00,"",0.00,0.00,0.00,0,0,0.00,0,0,"","",0.00,0.00,0.00,0.00,N,0.00,0.00,0.00,0,"FD","",0,"",185.00,1.000,"","",N,0.000,0.00,0.00,0.00,0.00,0.00,0.00,0.00,0.00,0.00,0.00,0.00,0.00,0.00,0.00,0.00,0.00,0.00,0.00,0.00,0.00,0.00,0.00,0.00,0.00,0.00,0.00,0.00,0.00,0.00,0,0.00,"",0.00,0.00,N,N,N,0.00,0.00,0.00,0,0.00,"",0.00,0.00,0.00,0.00,0.00,0,"",0.00,0.00,"","",0.00,0.00,0.00,0.00,0.00,0.00,0.00,0.00,0.00,0,"","",N,0.00
8,"15","S","00968779000133",0,10830,"20250827","MT","1","NF",55,1.00,149.00,0.00,0.00,0.00,0.00,0.00,"5405","500",N,1,1,1,0.00,0.00,0.00,0.00,0.00,0.00,0.00,0.00,0.00,0.00,0.00,"",0.00,0.00,0.00,0,0,0.00,0,0,"","",0.00,0.00,0.00,0.00,N,0.00,0.00,0.00,0,"FD","",0,"",149.00,1.000,"","",N,0.000,0.00,0.00,0.00,0.00,0.00,0.00,0.00,0.00,0.00,0.00,0.00,0.00,0.00,0.00,0.00,0.00,0.00,0.00,0.00,0.00,0.00,0.00,0.00,0.00,0.00,0.00,0.00,0.00,0.00,0,0.00,"",0.00,0.00,N,N,N,0.00,0.00,0.00,0,0.00,"",0.00,0.00,0.00,0.00,0.00,0,"",0.00,0.00,"","",0.00,0.00,0.00,0.00,0.00,0.00,0.00,0.00,0.00,0,"","",N,0.00
9,"16","S","00968779000133",0,10830,"20250827","MT","1","NF",55,1.00,213.00,0.00,0.00,0.00,0.00,0.00,"5405","500",N,1,1,1,0.00,0.00,0.00,0.00,0.00,0.00,0.00,0.00,0.00,0.00,0.00,"",0.00,0.00,0.00,0,0,0.00,0,0,"","",0.00,0.00,0.00,0.00,N,0.00,0.00,0.00,0,"FD","",0,"",213.00,1.000,"","",N,0.000,0.00,0.00,0.00,0.00,0.00,0.00,0.00,0.00,0.00,0.00,0.00,0.00,0.00,0.00,0.00,0.00,0.00,0.00,0.00,0.00,0.00,0.00,0.00,0.00,0.00,0.00,0.00,0.00,0.00,0,0.00,"",0.00,0.00,N,N,N,0.00,0.00,0.00,0,0.00,"",0.00,0.00,0.00,0.00,0.00,0,"",0.00,0.00,"","",0.00,0.00,0.00,0.00,0.00,0.00,0.00,0.00,0.00,0,"","",N,0.00
1,"2","S","52962853000108",0,10829,"20250827","MT","1","NF",55,1.00,95.00,0.00,0.00,0.00,0.00,0.00,"5405","500",N,1,1,1,0.00,0.00,0.00,0.00,0.00,0.00,0.00,0.00,0.00,0.00,0.00,"",0.00,0.00,0.00,0,0,0.00,0,0,"","",0.00,0.00,0.00,0.00,N,0.00,0.00,0.00,0,"FD","",0,"",95.00,1.000,"","",N,0.000,0.00,0.00,0.00,0.00,0.00,0.00,0.00,0.00,0.00,0.00,0.00,0.00,0.00,0.00,0.00,0.00,0.00,0.00,0.00,0.00,0.00,0.00,0.00,0.00,0.00,0.00,0.00,0.00,0.00,0,0.00,"",0.00,0.00,N,N,N,0.00,0.00,0.00,0,0.00,"",0.00,0.00,0.00,0.00,0.00,0,"",0.00,0.00,"","",0.00,0.00,0.00,0.00,0.00,0.00,0.00,0.00,0.00,0,"","",N,0.00
2,"3","S","52962853000108",0,10829,"20250827","MT","1","NF",55,2.00,243.00,0.00,0.00,0.00,0.00,0.00,"5405","500",N,1,1,1,0.00,0.00,0.00,0.00,0.00,0.00,0.00,0.00,0.00,0.00,0.00,"",0.00,0.00,0.00,0,0,0.00,0,0,"","",0.00,0.00,0.00,0.00,N,0.00,0.00,0.00,0,"FD","",0,"",121.50,2.000,"","",N,0.000,0.00,0.00,0.00,0.00,0.00,0.00,0.00,0.00,0.00,0.00,0.00,0.00,0.00,0.00,0.00,0.00,0.00,0.00,0.00,0.00,0.00,0.00,0.00,0.00,0.00,0.00,0.00,0.00,0.00,0,0.00,"",0.00,0.00,N,N,N,0.00,0.00,0.00,0,0.00,"",0.00,0.00,0.00,0.00,0.00,0,"",0.00,0.00,"","",0.00,0.00,0.00,0.00,0.00,0.00,0.00,0.00,0.00,0,"","",N,0.00
3,"7","S","52962853000108",0,10829,"20250827","MT","1","NF",55,1.00,159.00,0.00,0.00,0.00,0.00,0.00,"5405","500",N,1,1,1,0.00,0.00,0.00,0.00,0.00,0.00,0.00,0.00,0.00,0.00,0.00,"",0.00,0.00,0.00,0,0,0.00,0,0,"","",0.00,0.00,0.00,0.00,N,0.00,0.00,0.00,0,"FD","",0,"",159.00,1.000,"","",N,0.000,0.00,0.00,0.00,0.00,0.00,0.00,0.00,0.00,0.00,0.00,0.00,0.00,0.00,0.00,0.00,0.00,0.00,0.00,0.00,0.00,0.00,0.00,0.00,0.00,0.00,0.00,0.00,0.00,0.00,0,0.00,"",0.00,0.00,N,N,N,0.00,0.00,0.00,0,0.00,"",0.00,0.00,0.00,0.00,0.00,0,"",0.00,0.00,"","",0.00,0.00,0.00,0.00,0.00,0.00,0.00,0.00,0.00,0,"","",N,0.00
4,"8","S","52962853000108",0,10829,"20250827","MT","1","NF",55,1.00,159.00,0.00,0.00,0.00,0.00,0.00,"5405","500",N,1,1,1,0.00,0.00,0.00,0.00,0.00,0.00,0.00,0.00,0.00,0.00,0.00,"",0.00,0.00,0.00,0,0,0.00,0,0,"","",0.00,0.00,0.00,0.00,N,0.00,0.00,0.00,0,"FD","",0,"",159.00,1.000,"","",N,0.000,0.00,0.00,0.00,0.00,0.00,0.00,0.00,0.00,0.00,0.00,0.00,0.00,0.00,0.00,0.00,0.00,0.00,0.00,0.00,0.00,0.00,0.00,0.00,0.00,0.00,0.00,0.00,0.00,0.00,0,0.00,"",0.00,0.00,N,N,N,0.00,0.00,0.00,0,0.00,"",0.00,0.00,0.00,0.00,0.00,0,"",0.00,0.00,"","",0.00,0.00,0.00,0.00,0.00,0.00,0.00,0.00,0.00,0,"","",N,0.00
1,"2","S","13597015000120",0,10828,"20250827","MT","1","NF",55,1.00,95.00,0.00,0.00,0.00,0.00,0.00,"5405","500",N,1,1,1,0.00,0.00,0.00,0.00,0.00,0.00,0.00,0.00,0.00,0.00,0.00,"",0.00,0.00,0.00,0,0,0.00,0,0,"","",0.00,0.00,0.00,0.00,N,0.00,0.00,0.00,0,"FD","",0,"",95.00,1.000,"","",N,0.000,0.00,0.00,0.00,0.00,0.00,0.00,0.00,0.00,0.00,0.00,0.00,0.00,0.00,0.00,0.00,0.00,0.00,0.00,0.00,0.00,0.00,0.00,0.00,0.00,0.00,0.00,0.00,0.00,0.00,0,0.00,"",0.00,0.00,N,N,N,0.00,0.00,0.00,0,0.00,"",0.00,0.00,0.00,0.00,0.00,0,"",0.00,0.00,"","",0.00,0.00,0.00,0.00,0.00,0.00,0.00,0.00,0.00,0,"","",N,0.00
2,"3","S","13597015000120",0,10828,"20250827","MT","1","NF",55,2.00,270.00,0.00,0.00,0.00,0.00,0.00,"5405","500",N,1,1,1,0.00,0.00,0.00,0.00,0.00,0.00,0.00,0.00,0.00,0.00,0.00,"",0.00,0.00,0.00,0,0,0.00,0,0,"","",0.00,0.00,0.00,0.00,N,0.00,0.00,0.00,0,"FD","",0,"",135.00,2.000,"","",N,0.000,0.00,0.00,0.00,0.00,0.00,0.00,0.00,0.00,0.00,0.00,0.00,0.00,0.00,0.00,0.00,0.00,0.00,0.00,0.00,0.00,0.00,0.00,0.00,0.00,0.00,0.00,0.00,0.00,0.00,0,0.00,"",0.00,0.00,N,N,N,0.00,0.00,0.00,0,0.00,"",0.00,0.00,0.00,0.00,0.00,0,"",0.00,0.00,"","",0.00,0.00,0.00,0.00,0.00,0.00,0.00,0.00,0.00,0,"","",N,0.00
3,"4","S","13597015000120",0,10828,"20250827","MT","1","NF",55,2.00,270.00,0.00,0.00,0.00,0.00,0.00,"5405","500",N,1,1,1,0.00,0.00,0.00,0.00,0.00,0.00,0.00,0.00,0.00,0.00,0.00,"",0.00,0.00,0.00,0,0,0.00,0,0,"","",0.00,0.00,0.00,0.00,N,0.00,0.00,0.00,0,"FD","",0,"",135.00,2.000,"","",N,0.000,0.00,0.00,0.00,0.00,0.00,0.00,0.00,0.00,0.00,0.00,0.00,0.00,0.00,0.00,0.00,0.00,0.00,0.00,0.00,0.00,0.00,0.00,0.00,0.00,0.00,0.00,0.00,0.00,0.00,0,0.00,"",0.00,0.00,N,N,N,0.00,0.00,0.00,0,0.00,"",0.00,0.00,0.00,0.00,0.00,0,"",0.00,0.00,"","",0.00,0.00,0.00,0.00,0.00,0.00,0.00,0.00,0.00,0,"","",N,0.00
4,"7","S","13597015000120",0,10828,"20250827","MT","1","NF",55,2.00,318.00,0.00,0.00,0.00,0.00,0.00,"5405","500",N,1,1,1,0.00,0.00,0.00,0.00,0.00,0.00,0.00,0.00,0.00,0.00,0.00,"",0.00,0.00,0.00,0,0,0.00,0,0,"","",0.00,0.00,0.00,0.00,N,0.00,0.00,0.00,0,"FD","",0,"",159.00,2.000,"","",N,0.000,0.00,0.00,0.00,0.00,0.00,0.00,0.00,0.00,0.00,0.00,0.00,0.00,0.00,0.00,0.00,0.00,0.00,0.00,0.00,0.00,0.00,0.00,0.00,0.00,0.00,0.00,0.00,0.00,0.00,0,0.00,"",0.00,0.00,N,N,N,0.00,0.00,0.00,0,0.00,"",0.00,0.00,0.00,0.00,0.00,0,"",0.00,0.00,"","",0.00,0.00,0.00,0.00,0.00,0.00,0.00,0.00,0.00,0,"","",N,0.00
5,"8","S","13597015000120",0,10828,"20250827","MT","1","NF",55,2.00,318.00,0.00,0.00,0.00,0.00,0.00,"5405","500",N,1,1,1,0.00,0.00,0.00,0.00,0.00,0.00,0.00,0.00,0.00,0.00,0.00,"",0.00,0.00,0.00,0,0,0.00,0,0,"","",0.00,0.00,0.00,0.00,N,0.00,0.00,0.00,0,"FD","",0,"",159.00,2.000,"","",N,0.000,0.00,0.00,0.00,0.00,0.00,0.00,0.00,0.00,0.00,0.00,0.00,0.00,0.00,0.00,0.00,0.00,0.00,0.00,0.00,0.00,0.00,0.00,0.00,0.00,0.00,0.00,0.00,0.00,0.00,0,0.00,"",0.00,0.00,N,N,N,0.00,0.00,0.00,0,0.00,"",0.00,0.00,0.00,0.00,0.00,0,"",0.00,0.00,"","",0.00,0.00,0.00,0.00,0.00,0.00,0.00,0.00,0.00,0,"","",N,0.00
6,"9","S","13597015000120",0,10828,"20250827","MT","1","NF",55,1.00,169.00,0.00,0.00,0.00,0.00,0.00,"5101","101",N,1,1,1,0.00,0.00,0.00,0.00,0.00,0.00,0.00,0.00,0.00,0.00,0.00,"",0.00,0.00,0.00,0,0,0.00,0,0,"","",0.00,0.00,0.00,0.00,N,0.00,0.00,0.00,0,"FD","",0,"",169.00,1.000,"","",N,0.000,0.00,0.00,0.00,0.00,0.00,0.00,0.00,0.00,0.00,0.00,0.00,0.00,0.00,0.00,0.00,0.00,0.00,0.00,0.00,0.00,0.00,0.00,0.00,0.00,0.00,0.00,0.00,0.00,0.00,0,0.00,"",0.00,0.00,N,N,N,0.00,0.00,0.00,0,0.00,"",0.00,0.00,0.00,0.00,0.00,0,"",0.00,0.00,"","",0.00,0.00,0.00,0.00,0.00,0.00,0.00,0.00,0.00,0,"","",N,0.00
7,"10","S","13597015000120",0,10828,"20250827","MT","1","NF",55,1.00,185.00,0.00,0.00,0.00,0.00,0.00,"5101","101",N,1,1,1,0.00,0.00,0.00,0.00,0.00,0.00,0.00,0.00,0.00,0.00,0.00,"",0.00,0.00,0.00,0,0,0.00,0,0,"","",0.00,0.00,0.00,0.00,N,0.00,0.00,0.00,0,"FD","",0,"",185.00,1.000,"","",N,0.000,0.00,0.00,0.00,0.00,0.00,0.00,0.00,0.00,0.00,0.00,0.00,0.00,0.00,0.00,0.00,0.00,0.00,0.00,0.00,0.00,0.00,0.00,0.00,0.00,0.00,0.00,0.00,0.00,0.00,0,0.00,"",0.00,0.00,N,N,N,0.00,0.00,0.00,0,0.00,"",0.00,0.00,0.00,0.00,0.00,0,"",0.00,0.00,"","",0.00,0.00,0.00,0.00,0.00,0.00,0.00,0.00,0.00,0,"","",N,0.00
8,"13","S","13597015000120",0,10828,"20250827","MT","1","NF",55,1.00,145.00,0.00,0.00,0.00,0.00,0.00,"5405","500",N,1,1,1,0.00,0.00,0.00,0.00,0.00,0.00,0.00,0.00,0.00,0.00,0.00,"",0.00,0.00,0.00,0,0,0.00,0,0,"","",0.00,0.00,0.00,0.00,N,0.00,0.00,0.00,0,"FD","",0,"",145.00,1.000,"","",N,0.000,0.00,0.00,0.00,0.00,0.00,0.00,0.00,0.00,0.00,0.00,0.00,0.00,0.00,0.00,0.00,0.00,0.00,0.00,0.00,0.00,0.00,0.00,0.00,0.00,0.00,0.00,0.00,0.00,0.00,0,0.00,"",0.00,0.00,N,N,N,0.00,0.00,0.00,0,0.00,"",0.00,0.00,0.00,0.00,0.00,0,"",0.00,0.00,"","",0.00,0.00,0.00,0.00,0.00,0.00,0.00,0.00,0.00,0,"","",N,0.00
9,"14","S","13597015000120",0,10828,"20250827","MT","1","NF",55,1.00,145.00,0.00,0.00,0.00,0.00,0.00,"5405","500",N,1,1,1,0.00,0.00,0.00,0.00,0.00,0.00,0.00,0.00,0.00,0.00,0.00,"",0.00,0.00,0.00,0,0,0.00,0,0,"","",0.00,0.00,0.00,0.00,N,0.00,0.00,0.00,0,"FD","",0,"",145.00,1.000,"","",N,0.000,0.00,0.00,0.00,0.00,0.00,0.00,0.00,0.00,0.00,0.00,0.00,0.00,0.00,0.00,0.00,0.00,0.00,0.00,0.00,0.00,0.00,0.00,0.00,0.00,0.00,0.00,0.00,0.00,0.00,0,0.00,"",0.00,0.00,N,N,N,0.00,0.00,0.00,0,0.00,"",0.00,0.00,0.00,0.00,0.00,0,"",0.00,0.00,"","",0.00,0.00,0.00,0.00,0.00,0.00,0.00,0.00,0.00,0,"","",N,0.00
1,"30","S","00968779000133",0,10831,"20250827","MT","1","NF",55,1000.00,940.00,0.00,0.00,0.00,0.00,0.00,"5401","500",N,1,1,1,0.00,0.00,0.00,0.00,0.00,0.00,0.00,0.00,0.00,0.00,0.00,"",0.00,0.00,0.00,0,0,0.00,0,0,"","",0.00,0.00,0.00,0.00,N,0.00,0.00,0.00,0,"UNI","",0,"",0.94,1000.000,"","",N,0.000,0.00,0.00,0.00,0.00,0.00,0.00,0.00,0.00,0.00,0.00,0.00,0.00,0.00,0.00,0.00,0.00,0.00,0.00,0.00,0.00,0.00,0.00,0.00,0.00,0.00,0.00,0.00,0.00,0.00,0,0.00,"",0.00,0.00,N,N,N,0.00,0.00,0.00,0,0.00,"",0.00,0.00,0.00,0.00,0.00,0,"",0.00,0.00,"","",0.00,0.00,0.00,0.00,0.00,0.00,0.00,0.00,0.00,0,"","",N,0.00
2,"32","S","00968779000133",0,10831,"20250827","MT","1","NF",55,20.00,540.00,0.00,0.00,0.00,0.00,0.00,"5401","500",N,1,1,1,0.00,0.00,0.00,0.00,0.00,0.00,0.00,0.00,0.00,0.00,0.00,"",0.00,0.00,0.00,0,0,0.00,0,0,"","",0.00,0.00,0.00,0.00,N,0.00,0.00,0.00,0,"KG","",0,"",27.00,20.000,"","",N,0.000,0.00,0.00,0.00,0.00,0.00,0.00,0.00,0.00,0.00,0.00,0.00,0.00,0.00,0.00,0.00,0.00,0.00,0.00,0.00,0.00,0.00,0.00,0.00,0.00,0.00,0.00,0.00,0.00,0.00,0,0.00,"",0.00,0.00,N,N,N,0.00,0.00,0.00,0,0.00,"",0.00,0.00,0.00,0.00,0.00,0,"",0.00,0.00,"","",0.00,0.00,0.00,0.00,0.00,0.00,0.00,0.00,0.00,0,"","",N,0.00
1,"3","S","01572937000102",0,10832,"20250828","MT","1","NF",55,5.00,607.50,0.00,0.00,0.00,0.00,0.00,"5405","500",N,1,1,1,0.00,0.00,0.00,0.00,0.00,0.00,0.00,0.00,0.00,0.00,0.00,"",0.00,0.00,0.00,0,0,0.00,0,0,"","",0.00,0.00,0.00,0.00,N,0.00,0.00,0.00,0,"FD","",0,"",121.50,5.000,"","",N,0.000,0.00,0.00,0.00,0.00,0.00,0.00,0.00,0.00,0.00,0.00,0.00,0.00,0.00,0.00,0.00,0.00,0.00,0.00,0.00,0.00,0.00,0.00,0.00,0.00,0.00,0.00,0.00,0.00,0.00,0,0.00,"",0.00,0.00,N,N,N,0.00,0.00,0.00,0,0.00,"",0.00,0.00,0.00,0.00,0.00,0,"",0.00,0.00,"","",0.00,0.00,0.00,0.00,0.00,0.00,0.00,0.00,0.00,0,"","",N,0.00
1,"3","S","01572937000285",0,10833,"20250828","MT","1","NF",55,5.00,607.50,0.00,0.00,0.00,0.00,0.00,"5405","500",N,1,1,1,0.00,0.00,0.00,0.00,0.00,0.00,0.00,0.00,0.00,0.00,0.00,"",0.00,0.00,0.00,0,0,0.00,0,0,"","",0.00,0.00,0.00,0.00,N,0.00,0.00,0.00,0,"FD","",0,"",121.50,5.000,"","",N,0.000,0.00,0.00,0.00,0.00,0.00,0.00,0.00,0.00,0.00,0.00,0.00,0.00,0.00,0.00,0.00,0.00,0.00,0.00,0.00,0.00,0.00,0.00,0.00,0.00,0.00,0.00,0.00,0.00,0.00,0,0.00,"",0.00,0.00,N,N,N,0.00,0.00,0.00,0,0.00,"",0.00,0.00,0.00,0.00,0.00,0,"",0.00,0.00,"","",0.00,0.00,0.00,0.00,0.00,0.00,0.00,0.00,0.00,0,"","",N,0.00
1,"2","S","51092379000148",0,10834,"20250828","MT","1","NF",55,1.00,95.00,0.00,0.00,0.00,0.00,0.00,"5405","500",N,1,1,1,0.00,0.00,0.00,0.00,0.00,0.00,0.00,0.00,0.00,0.00,0.00,"",0.00,0.00,0.00,0,0,0.00,0,0,"","",0.00,0.00,0.00,0.00,N,0.00,0.00,0.00,0,"FD","",0,"",95.00,1.000,"","",N,0.000,0.00,0.00,0.00,0.00,0.00,0.00,0.00,0.00,0.00,0.00,0.00,0.00,0.00,0.00,0.00,0.00,0.00,0.00,0.00,0.00,0.00,0.00,0.00,0.00,0.00,0.00,0.00,0.00,0.00,0,0.00,"",0.00,0.00,N,N,N,0.00,0.00,0.00,0,0.00,"",0.00,0.00,0.00,0.00,0.00,0,"",0.00,0.00,"","",0.00,0.00,0.00,0.00,0.00,0.00,0.00,0.00,0.00,0,"","",N,0.00
2,"3","S","51092379000148",0,10834,"20250828","MT","1","NF",55,1.00,135.00,0.00,0.00,0.00,0.00,0.00,"5405","500",N,1,1,1,0.00,0.00,0.00,0.00,0.00,0.00,0.00,0.00,0.00,0.00,0.00,"",0.00,0.00,0.00,0,0,0.00,0,0,"","",0.00,0.00,0.00,0.00,N,0.00,0.00,0.00,0,"FD","",0,"",135.00,1.000,"","",N,0.000,0.00,0.00,0.00,0.00,0.00,0.00,0.00,0.00,0.00,0.00,0.00,0.00,0.00,0.00,0.00,0.00,0.00,0.00,0.00,0.00,0.00,0.00,0.00,0.00,0.00,0.00,0.00,0.00,0.00,0,0.00,"",0.00,0.00,N,N,N,0.00,0.00,0.00,0,0.00,"",0.00,0.00,0.00,0.00,0.00,0,"",0.00,0.00,"","",0.00,0.00,0.00,0.00,0.00,0.00,0.00,0.00,0.00,0,"","",N,0.00
3,"4","S","51092379000148",0,10834,"20250828","MT","1","NF",55,1.00,135.00,0.00,0.00,0.00,0.00,0.00,"5405","500",N,1,1,1,0.00,0.00,0.00,0.00,0.00,0.00,0.00,0.00,0.00,0.00,0.00,"",0.00,0.00,0.00,0,0,0.00,0,0,"","",0.00,0.00,0.00,0.00,N,0.00,0.00,0.00,0,"FD","",0,"",135.00,1.000,"","",N,0.000,0.00,0.00,0.00,0.00,0.00,0.00,0.00,0.00,0.00,0.00,0.00,0.00,0.00,0.00,0.00,0.00,0.00,0.00,0.00,0.00,0.00,0.00,0.00,0.00,0.00,0.00,0.00,0.00,0.00,0,0.00,"",0.00,0.00,N,N,N,0.00,0.00,0.00,0,0.00,"",0.00,0.00,0.00,0.00,0.00,0,"",0.00,0.00,"","",0.00,0.00,0.00,0.00,0.00,0.00,0.00,0.00,0.00,0,"","",N,0.00
4,"16","S","51092379000148",0,10834,"20250828","MT","1","NF",55,1.00,213.00,0.00,0.00,0.00,0.00,0.00,"5405","500",N,1,1,1,0.00,0.00,0.00,0.00,0.00,0.00,0.00,0.00,0.00,0.00,0.00,"",0.00,0.00,0.00,0,0,0.00,0,0,"","",0.00,0.00,0.00,0.00,N,0.00,0.00,0.00,0,"FD","",0,"",213.00,1.000,"","",N,0.000,0.00,0.00,0.00,0.00,0.00,0.00,0.00,0.00,0.00,0.00,0.00,0.00,0.00,0.00,0.00,0.00,0.00,0.00,0.00,0.00,0.00,0.00,0.00,0.00,0.00,0.00,0.00,0.00,0.00,0,0.00,"",0.00,0.00,N,N,N,0.00,0.00,0.00,0,0.00,"",0.00,0.00,0.00,0.00,0.00,0,"",0.00,0.00,"","",0.00,0.00,0.00,0.00,0.00,0.00,0.00,0.00,0.00,0,"","",N,0.00
5,"20","S","51092379000148",0,10834,"20250828","MT","1","NF",55,1.00,99.00,0.00,0.00,0.00,0.00,0.00,"5405","500",N,1,1,1,0.00,0.00,0.00,0.00,0.00,0.00,0.00,0.00,0.00,0.00,0.00,"",0.00,0.00,0.00,0,0,0.00,0,0,"","",0.00,0.00,0.00,0.00,N,0.00,0.00,0.00,0,"FD","",0,"",99.00,1.000,"","",N,0.000,0.00,0.00,0.00,0.00,0.00,0.00,0.00,0.00,0.00,0.00,0.00,0.00,0.00,0.00,0.00,0.00,0.00,0.00,0.00,0.00,0.00,0.00,0.00,0.00,0.00,0.00,0.00,0.00,0.00,0,0.00,"",0.00,0.00,N,N,N,0.00,0.00,0.00,0,0.00,"",0.00,0.00,0.00,0.00,0.00,0,"",0.00,0.00,"","",0.00,0.00,0.00,0.00,0.00,0.00,0.00,0.00,0.00,0,"","",N,0.00
6,"21","S","51092379000148",0,10834,"20250828","MT","1","NF",55,1.00,120.00,0.00,0.00,0.00,0.00,0.00,"5405","500",N,1,1,1,0.00,0.00,0.00,0.00,0.00,0.00,0.00,0.00,0.00,0.00,0.00,"",0.00,0.00,0.00,0,0,0.00,0,0,"","",0.00,0.00,0.00,0.00,N,0.00,0.00,0.00,0,"FD","",0,"",120.00,1.000,"","",N,0.000,0.00,0.00,0.00,0.00,0.00,0.00,0.00,0.00,0.00,0.00,0.00,0.00,0.00,0.00,0.00,0.00,0.00,0.00,0.00,0.00,0.00,0.00,0.00,0.00,0.00,0.00,0.00,0.00,0.00,0,0.00,"",0.00,0.00,N,N,N,0.00,0.00,0.00,0,0.00,"",0.00,0.00,0.00,0.00,0.00,0,"",0.00,0.00,"","",0.00,0.00,0.00,0.00,0.00,0.00,0.00,0.00,0.00,0,"","",N,0.00
7,"22","S","51092379000148",0,10834,"20250828","MT","1","NF",55,1.00,120.00,0.00,0.00,0.00,0.00,0.00,"5405","500",N,1,1,1,0.00,0.00,0.00,0.00,0.00,0.00,0.00,0.00,0.00,0.00,0.00,"",0.00,0.00,0.00,0,0,0.00,0,0,"","",0.00,0.00,0.00,0.00,N,0.00,0.00,0.00,0,"FD","",0,"",120.00,1.000,"","",N,0.000,0.00,0.00,0.00,0.00,0.00,0.00,0.00,0.00,0.00,0.00,0.00,0.00,0.00,0.00,0.00,0.00,0.00,0.00,0.00,0.00,0.00,0.00,0.00,0.00,0.00,0.00,0.00,0.00,0.00,0,0.00,"",0.00,0.00,N,N,N,0.00,0.00,0.00,0,0.00,"",0.00,0.00,0.00,0.00,0.00,0,"",0.00,0.00,"","",0.00,0.00,0.00,0.00,0.00,0.00,0.00,0.00,0.00,0,"","",N,0.00
1,"3","S","20321911000128",0,10835,"20250829","MT","1","NF",55,4.00,486.00,0.00,0.00,0.00,0.00,0.00,"5405","500",N,1,1,1,0.00,0.00,0.00,0.00,0.00,0.00,0.00,0.00,0.00,0.00,0.00,"",0.00,0.00,0.00,0,0,0.00,0,0,"","",0.00,0.00,0.00,0.00,N,0.00,0.00,0.00,0,"FD","",0,"",121.50,4.000,"","",N,0.000,0.00,0.00,0.00,0.00,0.00,0.00,0.00,0.00,0.00,0.00,0.00,0.00,0.00,0.00,0.00,0.00,0.00,0.00,0.00,0.00,0.00,0.00,0.00,0.00,0.00,0.00,0.00,0.00,0.00,0,0.00,"",0.00,0.00,N,N,N,0.00,0.00,0.00,0,0.00,"",0.00,0.00,0.00,0.00,0.00,0,"",0.00,0.00,"","",0.00,0.00,0.00,0.00,0.00,0.00,0.00,0.00,0.00,0,"","",N,0.00
1,"3","S","20321911000209",0,10836,"20250829","MT","1","NF",55,4.00,486.00,0.00,0.00,0.00,0.00,0.00,"5405","500",N,1,1,1,0.00,0.00,0.00,0.00,0.00,0.00,0.00,0.00,0.00,0.00,0.00,"",0.00,0.00,0.00,0,0,0.00,0,0,"","",0.00,0.00,0.00,0.00,N,0.00,0.00,0.00,0,"FD","",0,"",121.50,4.000,"","",N,0.000,0.00,0.00,0.00,0.00,0.00,0.00,0.00,0.00,0.00,0.00,0.00,0.00,0.00,0.00,0.00,0.00,0.00,0.00,0.00,0.00,0.00,0.00,0.00,0.00,0.00,0.00,0.00,0.00,0.00,0,0.00,"",0.00,0.00,N,N,N,0.00,0.00,0.00,0,0.00,"",0.00,0.00,0.00,0.00,0.00,0,"",0.00,0.00,"","",0.00,0.00,0.00,0.00,0.00,0.00,0.00,0.00,0.00,0,"","",N,0.00
1,"30","S","14739053000648",0,10837,"20250829","MT","1","NF",55,500.00,470.00,0.00,0.00,0.00,0.00,0.00,"5401","500",N,1,1,1,0.00,0.00,0.00,0.00,0.00,0.00,0.00,0.00,0.00,0.00,0.00,"",0.00,0.00,0.00,0,0,0.00,0,0,"","",0.00,0.00,0.00,0.00,N,0.00,0.00,0.00,0,"UNI","",0,"",0.94,500.000,"","",N,0.000,0.00,0.00,0.00,0.00,0.00,0.00,0.00,0.00,0.00,0.00,0.00,0.00,0.00,0.00,0.00,0.00,0.00,0.00,0.00,0.00,0.00,0.00,0.00,0.00,0.00,0.00,0.00,0.00,0.00,0,0.00,"",0.00,0.00,N,N,N,0.00,0.00,0.00,0,0.00,"",0.00,0.00,0.00,0.00,0.00,0,"",0.00,0.00,"","",0.00,0.00,0.00,0.00,0.00,0.00,0.00,0.00,0.00,0,"","",N,0.00
1,"1","S","01975414000280",0,10838,"20250829","MT","1","NF",55,1.00,72.00,0.00,0.00,0.00,0.00,0.00,"5405","500",N,1,1,1,0.00,0.00,0.00,0.00,0.00,0.00,0.00,0.00,0.00,0.00,0.00,"",0.00,0.00,0.00,0,0,0.00,0,0,"","",0.00,0.00,0.00,0.00,N,0.00,0.00,0.00,0,"FD","",0,"",72.00,1.000,"","",N,0.000,0.00,0.00,0.00,0.00,0.00,0.00,0.00,0.00,0.00,0.00,0.00,0.00,0.00,0.00,0.00,0.00,0.00,0.00,0.00,0.00,0.00,0.00,0.00,0.00,0.00,0.00,0.00,0.00,0.00,0,0.00,"",0.00,0.00,N,N,N,0.00,0.00,0.00,0,0.00,"",0.00,0.00,0.00,0.00,0.00,0,"",0.00,0.00,"","",0.00,0.00,0.00,0.00,0.00,0.00,0.00,0.00,0.00,0,"","",N,0.00
2,"2","S","01975414000280",0,10838,"20250829","MT","1","NF",55,1.00,95.00,0.00,0.00,0.00,0.00,0.00,"5405","500",N,1,1,1,0.00,0.00,0.00,0.00,0.00,0.00,0.00,0.00,0.00,0.00,0.00,"",0.00,0.00,0.00,0,0,0.00,0,0,"","",0.00,0.00,0.00,0.00,N,0.00,0.00,0.00,0,"FD","",0,"",95.00,1.000,"","",N,0.000,0.00,0.00,0.00,0.00,0.00,0.00,0.00,0.00,0.00,0.00,0.00,0.00,0.00,0.00,0.00,0.00,0.00,0.00,0.00,0.00,0.00,0.00,0.00,0.00,0.00,0.00,0.00,0.00,0.00,0,0.00,"",0.00,0.00,N,N,N,0.00,0.00,0.00,0,0.00,"",0.00,0.00,0.00,0.00,0.00,0,"",0.00,0.00,"","",0.00,0.00,0.00,0.00,0.00,0.00,0.00,0.00,0.00,0,"","",N,0.00
3,"3","S","01975414000280",0,10838,"20250829","MT","1","NF",55,1.00,135.00,0.00,0.00,0.00,0.00,0.00,"5405","500",N,1,1,1,0.00,0.00,0.00,0.00,0.00,0.00,0.00,0.00,0.00,0.00,0.00,"",0.00,0.00,0.00,0,0,0.00,0,0,"","",0.00,0.00,0.00,0.00,N,0.00,0.00,0.00,0,"FD","",0,"",135.00,1.000,"","",N,0.000,0.00,0.00,0.00,0.00,0.00,0.00,0.00,0.00,0.00,0.00,0.00,0.00,0.00,0.00,0.00,0.00,0.00,0.00,0.00,0.00,0.00,0.00,0.00,0.00,0.00,0.00,0.00,0.00,0.00,0,0.00,"",0.00,0.00,N,N,N,0.00,0.00,0.00,0,0.00,"",0.00,0.00,0.00,0.00,0.00,0,"",0.00,0.00,"","",0.00,0.00,0.00,0.00,0.00,0.00,0.00,0.00,0.00,0,"","",N,0.00
4,"4","S","01975414000280",0,10838,"20250829","MT","1","NF",55,1.00,135.00,0.00,0.00,0.00,0.00,0.00,"5405","500",N,1,1,1,0.00,0.00,0.00,0.00,0.00,0.00,0.00,0.00,0.00,0.00,0.00,"",0.00,0.00,0.00,0,0,0.00,0,0,"","",0.00,0.00,0.00,0.00,N,0.00,0.00,0.00,0,"FD","",0,"",135.00,1.000,"","",N,0.000,0.00,0.00,0.00,0.00,0.00,0.00,0.00,0.00,0.00,0.00,0.00,0.00,0.00,0.00,0.00,0.00,0.00,0.00,0.00,0.00,0.00,0.00,0.00,0.00,0.00,0.00,0.00,0.00,0.00,0,0.00,"",0.00,0.00,N,N,N,0.00,0.00,0.00,0,0.00,"",0.00,0.00,0.00,0.00,0.00,0,"",0.00,0.00,"","",0.00,0.00,0.00,0.00,0.00,0.00,0.00,0.00,0.00,0,"","",N,0.00
5,"6","S","01975414000280",0,10838,"20250829","MT","1","NF",55,1.00,141.75,0.00,0.00,0.00,0.00,0.00,"5405","500",N,1,1,1,0.00,0.00,0.00,0.00,0.00,0.00,0.00,0.00,0.00,0.00,0.00,"",0.00,0.00,0.00,0,0,0.00,0,0,"","",0.00,0.00,0.00,0.00,N,0.00,0.00,0.00,0,"FD","",0,"",141.75,1.000,"","",N,0.000,0.00,0.00,0.00,0.00,0.00,0.00,0.00,0.00,0.00,0.00,0.00,0.00,0.00,0.00,0.00,0.00,0.00,0.00,0.00,0.00,0.00,0.00,0.00,0.00,0.00,0.00,0.00,0.00,0.00,0,0.00,"",0.00,0.00,N,N,N,0.00,0.00,0.00,0,0.00,"",0.00,0.00,0.00,0.00,0.00,0,"",0.00,0.00,"","",0.00,0.00,0.00,0.00,0.00,0.00,0.00,0.00,0.00,0,"","",N,0.00
6,"7","S","01975414000280",0,10838,"20250829","MT","1","NF",55,1.00,159.00,0.00,0.00,0.00,0.00,0.00,"5405","500",N,1,1,1,0.00,0.00,0.00,0.00,0.00,0.00,0.00,0.00,0.00,0.00,0.00,"",0.00,0.00,0.00,0,0,0.00,0,0,"","",0.00,0.00,0.00,0.00,N,0.00,0.00,0.00,0,"FD","",0,"",159.00,1.000,"","",N,0.000,0.00,0.00,0.00,0.00,0.00,0.00,0.00,0.00,0.00,0.00,0.00,0.00,0.00,0.00,0.00,0.00,0.00,0.00,0.00,0.00,0.00,0.00,0.00,0.00,0.00,0.00,0.00,0.00,0.00,0,0.00,"",0.00,0.00,N,N,N,0.00,0.00,0.00,0,0.00,"",0.00,0.00,0.00,0.00,0.00,0,"",0.00,0.00,"","",0.00,0.00,0.00,0.00,0.00,0.00,0.00,0.00,0.00,0,"","",N,0.00
7,"8","S","01975414000280",0,10838,"20250829","MT","1","NF",55,1.00,159.00,0.00,0.00,0.00,0.00,0.00,"5405","500",N,1,1,1,0.00,0.00,0.00,0.00,0.00,0.00,0.00,0.00,0.00,0.00,0.00,"",0.00,0.00,0.00,0,0,0.00,0,0,"","",0.00,0.00,0.00,0.00,N,0.00,0.00,0.00,0,"FD","",0,"",159.00,1.000,"","",N,0.000,0.00,0.00,0.00,0.00,0.00,0.00,0.00,0.00,0.00,0.00,0.00,0.00,0.00,0.00,0.00,0.00,0.00,0.00,0.00,0.00,0.00,0.00,0.00,0.00,0.00,0.00,0.00,0.00,0.00,0,0.00,"",0.00,0.00,N,N,N,0.00,0.00,0.00,0,0.00,"",0.00,0.00,0.00,0.00,0.00,0,"",0.00,0.00,"","",0.00,0.00,0.00,0.00,0.00,0.00,0.00,0.00,0.00,0,"","",N,0.00
8,"9","S","01975414000280",0,10838,"20250829","MT","1","NF",55,1.00,169.00,0.00,0.00,0.00,0.00,0.00,"5101","101",N,1,1,1,0.00,0.00,0.00,0.00,0.00,0.00,0.00,0.00,0.00,0.00,0.00,"",0.00,0.00,0.00,0,0,0.00,0,0,"","",0.00,0.00,0.00,0.00,N,0.00,0.00,0.00,0,"FD","",0,"",169.00,1.000,"","",N,0.000,0.00,0.00,0.00,0.00,0.00,0.00,0.00,0.00,0.00,0.00,0.00,0.00,0.00,0.00,0.00,0.00,0.00,0.00,0.00,0.00,0.00,0.00,0.00,0.00,0.00,0.00,0.00,0.00,0.00,0,0.00,"",0.00,0.00,N,N,N,0.00,0.00,0.00,0,0.00,"",0.00,0.00,0.00,0.00,0.00,0,"",0.00,0.00,"","",0.00,0.00,0.00,0.00,0.00,0.00,0.00,0.00,0.00,0,"","",N,0.00
9,"10","S","01975414000280",0,10838,"20250829","MT","1","NF",55,1.00,185.00,0.00,0.00,0.00,0.00,0.00,"5101","101",N,1,1,1,0.00,0.00,0.00,0.00,0.00,0.00,0.00,0.00,0.00,0.00,0.00,"",0.00,0.00,0.00,0,0,0.00,0,0,"","",0.00,0.00,0.00,0.00,N,0.00,0.00,0.00,0,"FD","",0,"",185.00,1.000,"","",N,0.000,0.00,0.00,0.00,0.00,0.00,0.00,0.00,0.00,0.00,0.00,0.00,0.00,0.00,0.00,0.00,0.00,0.00,0.00,0.00,0.00,0.00,0.00,0.00,0.00,0.00,0.00,0.00,0.00,0.00,0,0.00,"",0.00,0.00,N,N,N,0.00,0.00,0.00,0,0.00,"",0.00,0.00,0.00,0.00,0.00,0,"",0.00,0.00,"","",0.00,0.00,0.00,0.00,0.00,0.00,0.00,0.00,0.00,0,"","",N,0.00
10,"15","S","01975414000280",0,10838,"20250829","MT","1","NF",55,1.00,149.00,0.00,0.00,0.00,0.00,0.00,"5405","500",N,1,1,1,0.00,0.00,0.00,0.00,0.00,0.00,0.00,0.00,0.00,0.00,0.00,"",0.00,0.00,0.00,0,0,0.00,0,0,"","",0.00,0.00,0.00,0.00,N,0.00,0.00,0.00,0,"FD","",0,"",149.00,1.000,"","",N,0.000,0.00,0.00,0.00,0.00,0.00,0.00,0.00,0.00,0.00,0.00,0.00,0.00,0.00,0.00,0.00,0.00,0.00,0.00,0.00,0.00,0.00,0.00,0.00,0.00,0.00,0.00,0.00,0.00,0.00,0,0.00,"",0.00,0.00,N,N,N,0.00,0.00,0.00,0,0.00,"",0.00,0.00,0.00,0.00,0.00,0,"",0.00,0.00,"","",0.00,0.00,0.00,0.00,0.00,0.00,0.00,0.00,0.00,0,"","",N,0.00
11,"16","S","01975414000280",0,10838,"20250829","MT","1","NF",55,1.00,213.00,0.00,0.00,0.00,0.00,0.00,"5405","500",N,1,1,1,0.00,0.00,0.00,0.00,0.00,0.00,0.00,0.00,0.00,0.00,0.00,"",0.00,0.00,0.00,0,0,0.00,0,0,"","",0.00,0.00,0.00,0.00,N,0.00,0.00,0.00,0,"FD","",0,"",213.00,1.000,"","",N,0.000,0.00,0.00,0.00,0.00,0.00,0.00,0.00,0.00,0.00,0.00,0.00,0.00,0.00,0.00,0.00,0.00,0.00,0.00,0.00,0.00,0.00,0.00,0.00,0.00,0.00,0.00,0.00,0.00,0.00,0,0.00,"",0.00,0.00,N,N,N,0.00,0.00,0.00,0,0.00,"",0.00,0.00,0.00,0.00,0.00,0,"",0.00,0.00,"","",0.00,0.00,0.00,0.00,0.00,0.00,0.00,0.00,0.00,0,"","",N,0.00
12,"36","S","01975414000280",0,10838,"20250829","MT","1","NF",55,1.00,90.00,0.00,0.00,0.00,0.00,0.00,"5405","500",N,1,1,1,0.00,0.00,0.00,0.00,0.00,0.00,0.00,0.00,0.00,0.00,0.00,"",0.00,0.00,0.00,0,0,0.00,0,0,"","",0.00,0.00,0.00,0.00,N,0.00,0.00,0.00,0,"FD","",0,"",90.00,1.000,"","",N,0.000,0.00,0.00,0.00,0.00,0.00,0.00,0.00,0.00,0.00,0.00,0.00,0.00,0.00,0.00,0.00,0.00,0.00,0.00,0.00,0.00,0.00,0.00,0.00,0.00,0.00,0.00,0.00,0.00,0.00,0,0.00,"",0.00,0.00,N,N,N,0.00,0.00,0.00,0,0.00,"",0.00,0.00,0.00,0.00,0.00,0,"",0.00,0.00,"","",0.00,0.00,0.00,0.00,0.00,0.00,0.00,0.00,0.00,0,"","",N,0.00
13,"37","S","01975414000280",0,10838,"20250829","MT","1","NF",55,1.00,99.00,0.00,0.00,0.00,0.00,0.00,"5405","500",N,1,1,1,0.00,0.00,0.00,0.00,0.00,0.00,0.00,0.00,0.00,0.00,0.00,"",0.00,0.00,0.00,0,0,0.00,0,0,"","",0.00,0.00,0.00,0.00,N,0.00,0.00,0.00,0,"FD","",0,"",99.00,1.000,"","",N,0.000,0.00,0.00,0.00,0.00,0.00,0.00,0.00,0.00,0.00,0.00,0.00,0.00,0.00,0.00,0.00,0.00,0.00,0.00,0.00,0.00,0.00,0.00,0.00,0.00,0.00,0.00,0.00,0.00,0.00,0,0.00,"",0.00,0.00,N,N,N,0.00,0.00,0.00,0,0.00,"",0.00,0.00,0.00,0.00,0.00,0,"",0.00,0.00,"","",0.00,0.00,0.00,0.00,0.00,0.00,0.00,0.00,0.00,0,"","",N,0.00
14,"38","S","01975414000280",0,10838,"20250829","MT","1","NF",55,1.00,120.00,0.00,0.00,0.00,0.00,0.00,"5405","500",N,1,1,1,0.00,0.00,0.00,0.00,0.00,0.00,0.00,0.00,0.00,0.00,0.00,"",0.00,0.00,0.00,0,0,0.00,0,0,"","",0.00,0.00,0.00,0.00,N,0.00,0.00,0.00,0,"FD","",0,"",120.00,1.000,"","",N,0.000,0.00,0.00,0.00,0.00,0.00,0.00,0.00,0.00,0.00,0.00,0.00,0.00,0.00,0.00,0.00,0.00,0.00,0.00,0.00,0.00,0.00,0.00,0.00,0.00,0.00,0.00,0.00,0.00,0.00,0,0.00,"",0.00,0.00,N,N,N,0.00,0.00,0.00,0,0.00,"",0.00,0.00,0.00,0.00,0.00,0,"",0.00,0.00,"","",0.00,0.00,0.00,0.00,0.00,0.00,0.00,0.00,0.00,0,"","",N,0.00
15,"39","S","01975414000280",0,10838,"20250829","MT","1","NF",55,1.00,120.00,0.00,0.00,0.00,0.00,0.00,"5405","500",N,1,1,1,0.00,0.00,0.00,0.00,0.00,0.00,0.00,0.00,0.00,0.00,0.00,"",0.00,0.00,0.00,0,0,0.00,0,0,"","",0.00,0.00,0.00,0.00,N,0.00,0.00,0.00,0,"FD","",0,"",120.00,1.000,"","",N,0.000,0.00,0.00,0.00,0.00,0.00,0.00,0.00,0.00,0.00,0.00,0.00,0.00,0.00,0.00,0.00,0.00,0.00,0.00,0.00,0.00,0.00,0.00,0.00,0.00,0.00,0.00,0.00,0.00,0.00,0,0.00,"",0.00,0.00,N,N,N,0.00,0.00,0.00,0,0.00,"",0.00,0.00,0.00,0.00,0.00,0,"",0.00,0.00,"","",0.00,0.00,0.00,0.00,0.00,0.00,0.00,0.00,0.00,0,"","",N,0.00
1,"1","S","01975414000360",0,10839,"20250829","MT","1","NF",55,1.00,72.00,0.00,0.00,0.00,0.00,0.00,"5405","500",N,1,1,1,0.00,0.00,0.00,0.00,0.00,0.00,0.00,0.00,0.00,0.00,0.00,"",0.00,0.00,0.00,0,0,0.00,0,0,"","",0.00,0.00,0.00,0.00,N,0.00,0.00,0.00,0,"FD","",0,"",72.00,1.000,"","",N,0.000,0.00,0.00,0.00,0.00,0.00,0.00,0.00,0.00,0.00,0.00,0.00,0.00,0.00,0.00,0.00,0.00,0.00,0.00,0.00,0.00,0.00,0.00,0.00,0.00,0.00,0.00,0.00,0.00,0.00,0,0.00,"",0.00,0.00,N,N,N,0.00,0.00,0.00,0,0.00,"",0.00,0.00,0.00,0.00,0.00,0,"",0.00,0.00,"","",0.00,0.00,0.00,0.00,0.00,0.00,0.00,0.00,0.00,0,"","",N,0.00
2,"2","S","01975414000360",0,10839,"20250829","MT","1","NF",55,1.00,95.00,0.00,0.00,0.00,0.00,0.00,"5405","500",N,1,1,1,0.00,0.00,0.00,0.00,0.00,0.00,0.00,0.00,0.00,0.00,0.00,"",0.00,0.00,0.00,0,0,0.00,0,0,"","",0.00,0.00,0.00,0.00,N,0.00,0.00,0.00,0,"FD","",0,"",95.00,1.000,"","",N,0.000,0.00,0.00,0.00,0.00,0.00,0.00,0.00,0.00,0.00,0.00,0.00,0.00,0.00,0.00,0.00,0.00,0.00,0.00,0.00,0.00,0.00,0.00,0.00,0.00,0.00,0.00,0.00,0.00,0.00,0,0.00,"",0.00,0.00,N,N,N,0.00,0.00,0.00,0,0.00,"",0.00,0.00,0.00,0.00,0.00,0,"",0.00,0.00,"","",0.00,0.00,0.00,0.00,0.00,0.00,0.00,0.00,0.00,0,"","",N,0.00
3,"3","S","01975414000360",0,10839,"20250829","MT","1","NF",55,1.00,135.00,0.00,0.00,0.00,0.00,0.00,"5405","500",N,1,1,1,0.00,0.00,0.00,0.00,0.00,0.00,0.00,0.00,0.00,0.00,0.00,"",0.00,0.00,0.00,0,0,0.00,0,0,"","",0.00,0.00,0.00,0.00,N,0.00,0.00,0.00,0,"FD","",0,"",135.00,1.000,"","",N,0.000,0.00,0.00,0.00,0.00,0.00,0.00,0.00,0.00,0.00,0.00,0.00,0.00,0.00,0.00,0.00,0.00,0.00,0.00,0.00,0.00,0.00,0.00,0.00,0.00,0.00,0.00,0.00,0.00,0.00,0,0.00,"",0.00,0.00,N,N,N,0.00,0.00,0.00,0,0.00,"",0.00,0.00,0.00,0.00,0.00,0,"",0.00,0.00,"","",0.00,0.00,0.00,0.00,0.00,0.00,0.00,0.00,0.00,0,"","",N,0.00
4,"4","S","01975414000360",0,10839,"20250829","MT","1","NF",55,1.00,135.00,0.00,0.00,0.00,0.00,0.00,"5405","500",N,1,1,1,0.00,0.00,0.00,0.00,0.00,0.00,0.00,0.00,0.00,0.00,0.00,"",0.00,0.00,0.00,0,0,0.00,0,0,"","",0.00,0.00,0.00,0.00,N,0.00,0.00,0.00,0,"FD","",0,"",135.00,1.000,"","",N,0.000,0.00,0.00,0.00,0.00,0.00,0.00,0.00,0.00,0.00,0.00,0.00,0.00,0.00,0.00,0.00,0.00,0.00,0.00,0.00,0.00,0.00,0.00,0.00,0.00,0.00,0.00,0.00,0.00,0.00,0,0.00,"",0.00,0.00,N,N,N,0.00,0.00,0.00,0,0.00,"",0.00,0.00,0.00,0.00,0.00,0,"",0.00,0.00,"","",0.00,0.00,0.00,0.00,0.00,0.00,0.00,0.00,0.00,0,"","",N,0.00
5,"6","S","01975414000360",0,10839,"20250829","MT","1","NF",55,1.00,141.75,0.00,0.00,0.00,0.00,0.00,"5405","500",N,1,1,1,0.00,0.00,0.00,0.00,0.00,0.00,0.00,0.00,0.00,0.00,0.00,"",0.00,0.00,0.00,0,0,0.00,0,0,"","",0.00,0.00,0.00,0.00,N,0.00,0.00,0.00,0,"FD","",0,"",141.75,1.000,"","",N,0.000,0.00,0.00,0.00,0.00,0.00,0.00,0.00,0.00,0.00,0.00,0.00,0.00,0.00,0.00,0.00,0.00,0.00,0.00,0.00,0.00,0.00,0.00,0.00,0.00,0.00,0.00,0.00,0.00,0.00,0,0.00,"",0.00,0.00,N,N,N,0.00,0.00,0.00,0,0.00,"",0.00,0.00,0.00,0.00,0.00,0,"",0.00,0.00,"","",0.00,0.00,0.00,0.00,0.00,0.00,0.00,0.00,0.00,0,"","",N,0.00
6,"7","S","01975414000360",0,10839,"20250829","MT","1","NF",55,1.00,159.00,0.00,0.00,0.00,0.00,0.00,"5405","500",N,1,1,1,0.00,0.00,0.00,0.00,0.00,0.00,0.00,0.00,0.00,0.00,0.00,"",0.00,0.00,0.00,0,0,0.00,0,0,"","",0.00,0.00,0.00,0.00,N,0.00,0.00,0.00,0,"FD","",0,"",159.00,1.000,"","",N,0.000,0.00,0.00,0.00,0.00,0.00,0.00,0.00,0.00,0.00,0.00,0.00,0.00,0.00,0.00,0.00,0.00,0.00,0.00,0.00,0.00,0.00,0.00,0.00,0.00,0.00,0.00,0.00,0.00,0.00,0,0.00,"",0.00,0.00,N,N,N,0.00,0.00,0.00,0,0.00,"",0.00,0.00,0.00,0.00,0.00,0,"",0.00,0.00,"","",0.00,0.00,0.00,0.00,0.00,0.00,0.00,0.00,0.00,0,"","",N,0.00
7,"8","S","01975414000360",0,10839,"20250829","MT","1","NF",55,1.00,159.00,0.00,0.00,0.00,0.00,0.00,"5405","500",N,1,1,1,0.00,0.00,0.00,0.00,0.00,0.00,0.00,0.00,0.00,0.00,0.00,"",0.00,0.00,0.00,0,0,0.00,0,0,"","",0.00,0.00,0.00,0.00,N,0.00,0.00,0.00,0,"FD","",0,"",159.00,1.000,"","",N,0.000,0.00,0.00,0.00,0.00,0.00,0.00,0.00,0.00,0.00,0.00,0.00,0.00,0.00,0.00,0.00,0.00,0.00,0.00,0.00,0.00,0.00,0.00,0.00,0.00,0.00,0.00,0.00,0.00,0.00,0,0.00,"",0.00,0.00,N,N,N,0.00,0.00,0.00,0,0.00,"",0.00,0.00,0.00,0.00,0.00,0,"",0.00,0.00,"","",0.00,0.00,0.00,0.00,0.00,0.00,0.00,0.00,0.00,0,"","",N,0.00
8,"9","S","01975414000360",0,10839,"20250829","MT","1","NF",55,1.00,169.00,0.00,0.00,0.00,0.00,0.00,"5101","101",N,1,1,1,0.00,0.00,0.00,0.00,0.00,0.00,0.00,0.00,0.00,0.00,0.00,"",0.00,0.00,0.00,0,0,0.00,0,0,"","",0.00,0.00,0.00,0.00,N,0.00,0.00,0.00,0,"FD","",0,"",169.00,1.000,"","",N,0.000,0.00,0.00,0.00,0.00,0.00,0.00,0.00,0.00,0.00,0.00,0.00,0.00,0.00,0.00,0.00,0.00,0.00,0.00,0.00,0.00,0.00,0.00,0.00,0.00,0.00,0.00,0.00,0.00,0.00,0,0.00,"",0.00,0.00,N,N,N,0.00,0.00,0.00,0,0.00,"",0.00,0.00,0.00,0.00,0.00,0,"",0.00,0.00,"","",0.00,0.00,0.00,0.00,0.00,0.00,0.00,0.00,0.00,0,"","",N,0.00
9,"10","S","01975414000360",0,10839,"20250829","MT","1","NF",55,1.00,185.00,0.00,0.00,0.00,0.00,0.00,"5101","101",N,1,1,1,0.00,0.00,0.00,0.00,0.00,0.00,0.00,0.00,0.00,0.00,0.00,"",0.00,0.00,0.00,0,0,0.00,0,0,"","",0.00,0.00,0.00,0.00,N,0.00,0.00,0.00,0,"FD","",0,"",185.00,1.000,"","",N,0.000,0.00,0.00,0.00,0.00,0.00,0.00,0.00,0.00,0.00,0.00,0.00,0.00,0.00,0.00,0.00,0.00,0.00,0.00,0.00,0.00,0.00,0.00,0.00,0.00,0.00,0.00,0.00,0.00,0.00,0,0.00,"",0.00,0.00,N,N,N,0.00,0.00,0.00,0,0.00,"",0.00,0.00,0.00,0.00,0.00,0,"",0.00,0.00,"","",0.00,0.00,0.00,0.00,0.00,0.00,0.00,0.00,0.00,0,"","",N,0.00
10,"15","S","01975414000360",0,10839,"20250829","MT","1","NF",55,1.00,149.00,0.00,0.00,0.00,0.00,0.00,"5405","500",N,1,1,1,0.00,0.00,0.00,0.00,0.00,0.00,0.00,0.00,0.00,0.00,0.00,"",0.00,0.00,0.00,0,0,0.00,0,0,"","",0.00,0.00,0.00,0.00,N,0.00,0.00,0.00,0,"FD","",0,"",149.00,1.000,"","",N,0.000,0.00,0.00,0.00,0.00,0.00,0.00,0.00,0.00,0.00,0.00,0.00,0.00,0.00,0.00,0.00,0.00,0.00,0.00,0.00,0.00,0.00,0.00,0.00,0.00,0.00,0.00,0.00,0.00,0.00,0,0.00,"",0.00,0.00,N,N,N,0.00,0.00,0.00,0,0.00,"",0.00,0.00,0.00,0.00,0.00,0,"",0.00,0.00,"","",0.00,0.00,0.00,0.00,0.00,0.00,0.00,0.00,0.00,0,"","",N,0.00
11,"16","S","01975414000360",0,10839,"20250829","MT","1","NF",55,1.00,213.00,0.00,0.00,0.00,0.00,0.00,"5405","500",N,1,1,1,0.00,0.00,0.00,0.00,0.00,0.00,0.00,0.00,0.00,0.00,0.00,"",0.00,0.00,0.00,0,0,0.00,0,0,"","",0.00,0.00,0.00,0.00,N,0.00,0.00,0.00,0,"FD","",0,"",213.00,1.000,"","",N,0.000,0.00,0.00,0.00,0.00,0.00,0.00,0.00,0.00,0.00,0.00,0.00,0.00,0.00,0.00,0.00,0.00,0.00,0.00,0.00,0.00,0.00,0.00,0.00,0.00,0.00,0.00,0.00,0.00,0.00,0,0.00,"",0.00,0.00,N,N,N,0.00,0.00,0.00,0,0.00,"",0.00,0.00,0.00,0.00,0.00,0,"",0.00,0.00,"","",0.00,0.00,0.00,0.00,0.00,0.00,0.00,0.00,0.00,0,"","",N,0.00
12,"36","S","01975414000360",0,10839,"20250829","MT","1","NF",55,1.00,90.00,0.00,0.00,0.00,0.00,0.00,"5405","500",N,1,1,1,0.00,0.00,0.00,0.00,0.00,0.00,0.00,0.00,0.00,0.00,0.00,"",0.00,0.00,0.00,0,0,0.00,0,0,"","",0.00,0.00,0.00,0.00,N,0.00,0.00,0.00,0,"FD","",0,"",90.00,1.000,"","",N,0.000,0.00,0.00,0.00,0.00,0.00,0.00,0.00,0.00,0.00,0.00,0.00,0.00,0.00,0.00,0.00,0.00,0.00,0.00,0.00,0.00,0.00,0.00,0.00,0.00,0.00,0.00,0.00,0.00,0.00,0,0.00,"",0.00,0.00,N,N,N,0.00,0.00,0.00,0,0.00,"",0.00,0.00,0.00,0.00,0.00,0,"",0.00,0.00,"","",0.00,0.00,0.00,0.00,0.00,0.00,0.00,0.00,0.00,0,"","",N,0.00
13,"37","S","01975414000360",0,10839,"20250829","MT","1","NF",55,1.00,99.00,0.00,0.00,0.00,0.00,0.00,"5405","500",N,1,1,1,0.00,0.00,0.00,0.00,0.00,0.00,0.00,0.00,0.00,0.00,0.00,"",0.00,0.00,0.00,0,0,0.00,0,0,"","",0.00,0.00,0.00,0.00,N,0.00,0.00,0.00,0,"FD","",0,"",99.00,1.000,"","",N,0.000,0.00,0.00,0.00,0.00,0.00,0.00,0.00,0.00,0.00,0.00,0.00,0.00,0.00,0.00,0.00,0.00,0.00,0.00,0.00,0.00,0.00,0.00,0.00,0.00,0.00,0.00,0.00,0.00,0.00,0,0.00,"",0.00,0.00,N,N,N,0.00,0.00,0.00,0,0.00,"",0.00,0.00,0.00,0.00,0.00,0,"",0.00,0.00,"","",0.00,0.00,0.00,0.00,0.00,0.00,0.00,0.00,0.00,0,"","",N,0.00
14,"38","S","01975414000360",0,10839,"20250829","MT","1","NF",55,1.00,120.00,0.00,0.00,0.00,0.00,0.00,"5405","500",N,1,1,1,0.00,0.00,0.00,0.00,0.00,0.00,0.00,0.00,0.00,0.00,0.00,"",0.00,0.00,0.00,0,0,0.00,0,0,"","",0.00,0.00,0.00,0.00,N,0.00,0.00,0.00,0,"FD","",0,"",120.00,1.000,"","",N,0.000,0.00,0.00,0.00,0.00,0.00,0.00,0.00,0.00,0.00,0.00,0.00,0.00,0.00,0.00,0.00,0.00,0.00,0.00,0.00,0.00,0.00,0.00,0.00,0.00,0.00,0.00,0.00,0.00,0.00,0,0.00,"",0.00,0.00,N,N,N,0.00,0.00,0.00,0,0.00,"",0.00,0.00,0.00,0.00,0.00,0,"",0.00,0.00,"","",0.00,0.00,0.00,0.00,0.00,0.00,0.00,0.00,0.00,0,"","",N,0.00
15,"39","S","01975414000360",0,10839,"20250829","MT","1","NF",55,2.00,240.00,0.00,0.00,0.00,0.00,0.00,"5405","500",N,1,1,1,0.00,0.00,0.00,0.00,0.00,0.00,0.00,0.00,0.00,0.00,0.00,"",0.00,0.00,0.00,0,0,0.00,0,0,"","",0.00,0.00,0.00,0.00,N,0.00,0.00,0.00,0,"FD","",0,"",120.00,2.000,"","",N,0.000,0.00,0.00,0.00,0.00,0.00,0.00,0.00,0.00,0.00,0.00,0.00,0.00,0.00,0.00,0.00,0.00,0.00,0.00,0.00,0.00,0.00,0.00,0.00,0.00,0.00,0.00,0.00,0.00,0.00,0,0.00,"",0.00,0.00,N,N,N,0.00,0.00,0.00,0,0.00,"",0.00,0.00,0.00,0.00,0.00,0,"",0.00,0.00,"","",0.00,0.00,0.00,0.00,0.00,0.00,0.00,0.00,0.00,0,"","",N,0.00
1,"8","S","01975414000107",0,10840,"20250829","MT","1","NF",55,1.00,159.00,0.00,0.00,0.00,0.00,0.00,"5405","500",N,1,1,1,0.00,0.00,0.00,0.00,0.00,0.00,0.00,0.00,0.00,0.00,0.00,"",0.00,0.00,0.00,0,0,0.00,0,0,"","",0.00,0.00,0.00,0.00,N,0.00,0.00,0.00,0,"FD","",0,"",159.00,1.000,"","",N,0.000,0.00,0.00,0.00,0.00,0.00,0.00,0.00,0.00,0.00,0.00,0.00,0.00,0.00,0.00,0.00,0.00,0.00,0.00,0.00,0.00,0.00,0.00,0.00,0.00,0.00,0.00,0.00,0.00,0.00,0,0.00,"",0.00,0.00,N,N,N,0.00,0.00,0.00,0,0.00,"",0.00,0.00,0.00,0.00,0.00,0,"",0.00,0.00,"","",0.00,0.00,0.00,0.00,0.00,0.00,0.00,0.00,0.00,0,"","",N,0.00
2,"9","S","01975414000107",0,10840,"20250829","MT","1","NF",55,1.00,169.00,0.00,0.00,0.00,0.00,0.00,"5101","101",N,1,1,1,0.00,0.00,0.00,0.00,0.00,0.00,0.00,0.00,0.00,0.00,0.00,"",0.00,0.00,0.00,0,0,0.00,0,0,"","",0.00,0.00,0.00,0.00,N,0.00,0.00,0.00,0,"FD","",0,"",169.00,1.000,"","",N,0.000,0.00,0.00,0.00,0.00,0.00,0.00,0.00,0.00,0.00,0.00,0.00,0.00,0.00,0.00,0.00,0.00,0.00,0.00,0.00,0.00,0.00,0.00,0.00,0.00,0.00,0.00,0.00,0.00,0.00,0,0.00,"",0.00,0.00,N,N,N,0.00,0.00,0.00,0,0.00,"",0.00,0.00,0.00,0.00,0.00,0,"",0.00,0.00,"","",0.00,0.00,0.00,0.00,0.00,0.00,0.00,0.00,0.00,0,"","",N,0.00
3,"15","S","01975414000107",0,10840,"20250829","MT","1","NF",55,1.00,149.00,0.00,0.00,0.00,0.00,0.00,"5405","500",N,1,1,1,0.00,0.00,0.00,0.00,0.00,0.00,0.00,0.00,0.00,0.00,0.00,"",0.00,0.00,0.00,0,0,0.00,0,0,"","",0.00,0.00,0.00,0.00,N,0.00,0.00,0.00,0,"FD","",0,"",149.00,1.000,"","",N,0.000,0.00,0.00,0.00,0.00,0.00,0.00,0.00,0.00,0.00,0.00,0.00,0.00,0.00,0.00,0.00,0.00,0.00,0.00,0.00,0.00,0.00,0.00,0.00,0.00,0.00,0.00,0.00,0.00,0.00,0,0.00,"",0.00,0.00,N,N,N,0.00,0.00,0.00,0,0.00,"",0.00,0.00,0.00,0.00,0.00,0,"",0.00,0.00,"","",0.00,0.00,0.00,0.00,0.00,0.00,0.00,0.00,0.00,0,"","",N,0.00
4,"37","S","01975414000107",0,10840,"20250829","MT","1","NF",55,1.00,99.00,0.00,0.00,0.00,0.00,0.00,"5405","500",N,1,1,1,0.00,0.00,0.00,0.00,0.00,0.00,0.00,0.00,0.00,0.00,0.00,"",0.00,0.00,0.00,0,0,0.00,0,0,"","",0.00,0.00,0.00,0.00,N,0.00,0.00,0.00,0,"FD","",0,"",99.00,1.000,"","",N,0.000,0.00,0.00,0.00,0.00,0.00,0.00,0.00,0.00,0.00,0.00,0.00,0.00,0.00,0.00,0.00,0.00,0.00,0.00,0.00,0.00,0.00,0.00,0.00,0.00,0.00,0.00,0.00,0.00,0.00,0,0.00,"",0.00,0.00,N,N,N,0.00,0.00,0.00,0,0.00,"",0.00,0.00,0.00,0.00,0.00,0,"",0.00,0.00,"","",0.00,0.00,0.00,0.00,0.00,0.00,0.00,0.00,0.00,0,"","",N,0.00
5,"38","S","01975414000107",0,10840,"20250829","MT","1","NF",55,1.00,120.00,0.00,0.00,0.00,0.00,0.00,"5405","500",N,1,1,1,0.00,0.00,0.00,0.00,0.00,0.00,0.00,0.00,0.00,0.00,0.00,"",0.00,0.00,0.00,0,0,0.00,0,0,"","",0.00,0.00,0.00,0.00,N,0.00,0.00,0.00,0,"FD","",0,"",120.00,1.000,"","",N,0.000,0.00,0.00,0.00,0.00,0.00,0.00,0.00,0.00,0.00,0.00,0.00,0.00,0.00,0.00,0.00,0.00,0.00,0.00,0.00,0.00,0.00,0.00,0.00,0.00,0.00,0.00,0.00,0.00,0.00,0,0.00,"",0.00,0.00,N,N,N,0.00,0.00,0.00,0,0.00,"",0.00,0.00,0.00,0.00,0.00,0,"",0.00,0.00,"","",0.00,0.00,0.00,0.00,0.00,0.00,0.00,0.00,0.00,0,"","",N,0.00
1,"6560234","E","51254159000173",0,1238484,"20250812","SP","1","NF",55,150.00,1590.00,4.00,0.00,1590.00,0.00,0.00,"6101","00",N,1,1,1,0.00,0.00,0.00,0.00,0.00,0.00,0.00,0.00,0.00,0.00,0.00,"",0.00,0.00,0.00,0,0,0.00,0,0,"","",0.00,0.00,0.00,0.00,N,0.00,0.00,0.00,0,"KG","",0,"",10.60,150.000,"","",N,0.000,0.00,0.00,0.00,0.00,0.00,0.00,0.00,0.00,0.00,0.00,0.00,0.00,0.00,0.00,0.00,0.00,0.00,0.00,0.00,0.00,0.00,0.00,0.00,0.00,0.00,0.00,0.00,0.00,0.00,0,0.00,"",0.00,0.00,N,N,N,0.00,0.00,0.00,0,0.00,"",0.00,0.00,0.00,0.00,0.00,0,"",0.00,0.00,"","",0.00,0.00,0.00,0.00,0.00,0.00,0.00,0.00,0.00,0,"","",N,0.00
1,"6560234","E","51254159000173",0,1241738,"20250825","SP","1","NF",55,150.00,1590.00,4.00,0.00,1590.00,0.00,0.00,"6101","00",N,1,1,1,0.00,0.00,0.00,0.00,0.00,0.00,0.00,0.00,0.00,0.00,0.00,"",0.00,0.00,0.00,0,0,0.00,0,0,"","",0.00,0.00,0.00,0.00,N,0.00,0.00,0.00,0,"KG","",0,"",10.60,150.000,"","",N,0.000,0.00,0.00,0.00,0.00,0.00,0.00,0.00,0.00,0.00,0.00,0.00,0.00,0.00,0.00,0.00,0.00,0.00,0.00,0.00,0.00,0.00,0.00,0.00,0.00,0.00,0.00,0.00,0.00,0.00,0,0.00,"",0.00,0.00,N,N,N,0.00,0.00,0.00,0,0.00,"",0.00,0.00,0.00,0.00,0.00,0,"",0.00,0.00,"","",0.00,0.00,0.00,0.00,0.00,0.00,0.00,0.00,0.00,0,"","",N,0.00
2,"6610038","E","51254159000173",0,1241738,"20250825","SP","1","NF",55,25.00,435.00,7.00,0.00,435.00,0.00,0.00,"6101","00",N,1,1,1,0.00,0.00,0.00,0.00,0.00,0.00,0.00,0.00,0.00,0.00,0.00,"",0.00,0.00,0.00,0,0,0.00,0,0,"","",0.00,0.00,0.00,0.00,N,0.00,0.00,0.00,0,"KG","",0,"",17.40,25.000,"","",N,0.000,0.00,0.00,0.00,0.00,0.00,0.00,0.00,0.00,0.00,0.00,0.00,0.00,0.00,0.00,0.00,0.00,0.00,0.00,0.00,0.00,0.00,0.00,0.00,0.00,0.00,0.00,0.00,0.00,0.00,0,0.00,"",0.00,0.00,N,N,N,0.00,0.00,0.00,0,0.00,"",0.00,0.00,0.00,0.00,0.00,0,"",0.00,0.00,"","",0.00,0.00,0.00,0.00,0.00,0.00,0.00,0.00,0.00,0,"","",N,0.00
3,"6600006","E","51254159000173",0,1241738,"20250825","SP","1","NF",55,25.00,440.00,7.00,0.00,440.00,0.00,0.00,"6101","00",N,1,1,1,0.00,0.00,0.00,0.00,0.00,0.00,0.00,0.00,0.00,0.00,0.00,"",0.00,0.00,0.00,0,0,0.00,0,0,"","",0.00,0.00,0.00,0.00,N,0.00,0.00,0.00,0,"KG","",0,"",17.60,25.000,"","",N,0.000,0.00,0.00,0.00,0.00,0.00,0.00,0.00,0.00,0.00,0.00,0.00,0.00,0.00,0.00,0.00,0.00,0.00,0.00,0.00,0.00,0.00,0.00,0.00,0.00,0.00,0.00,0.00,0.00,0.00,0,0.00,"",0.00,0.00,N,N,N,0.00,0.00,0.00,0,0.00,"",0.00,0.00,0.00,0.00,0.00,0,"",0.00,0.00,"","",0.00,0.00,0.00,0.00,0.00,0.00,0.00,0.00,0.00,0,"","",N,0.00
1,"6590081","E","51254159000173",0,1238485,"20250812","SP","1","NF",55,150.00,1050.00,7.00,52.50,1050.00,0.00,0.00,"6101","00",N,1,1,1,0.00,0.00,0.00,0.00,0.00,0.00,0.00,0.00,0.00,0.00,0.00,"",0.00,0.00,0.00,0,0,0.00,0,0,"","",0.00,0.00,0.00,0.00,N,0.00,0.00,0.00,0,"KG","",0,"",7.00,150.000,"","",N,0.000,0.00,0.00,0.00,0.00,0.00,0.00,0.00,0.00,0.00,0.00,0.00,0.00,0.00,0.00,0.00,0.00,0.00,0.00,0.00,0.00,0.00,0.00,0.00,0.00,0.00,0.00,0.00,0.00,0.00,0,0.00,"",0.00,0.00,N,N,N,0.00,0.00,0.00,0,0.00,"",0.00,0.00,0.00,0.00,0.00,0,"",0.00,0.00,"","",0.00,0.00,0.00,0.00,0.00,0.00,0.00,0.00,0.00,0,"","",N,0.00
1,"22876","E","14739053000567",0,1067,"20250819","MT","2","NF",55,1.00,141.00,0.00,0.00,0.00,0.00,0.00,"5411","60",N,1,1,1,0.00,0.00,0.00,0.00,0.00,0.00,0.00,0.00,0.00,0.00,0.00,"",0.00,0.00,0.00,0,0,0.00,0,0,"","",0.00,0.00,0.00,0.00,N,0.00,0.00,0.00,0,"FD25","",0,"",141.00,1.000,"","",N,0.000,0.00,0.00,0.00,0.00,0.00,0.00,0.00,0.00,0.00,0.00,0.00,0.00,0.00,0.00,0.00,0.00,0.00,0.00,0.00,0.00,0.00,0.00,0.00,0.00,0.00,0.00,0.00,0.00,0.00,0,0.00,"",0.00,0.00,N,N,N,0.00,0.00,0.00,0,0.00,"",0.00,0.00,0.00,0.00,0.00,0,"",0.00,0.00,"","",0.00,0.00,0.00,0.00,0.00,0.00,0.00,0.00,0.00,0,"","",N,0.00
